-- phpMyAdmin SQL Dump
-- version 5.2.2
-- https://www.phpmyadmin.net/
--
-- Host: localhost:3306
-- Generation Time: Apr 18, 2025 at 01:52 AM
-- Server version: 10.6.21-MariaDB-cll-lve-log
-- PHP Version: 8.3.19

SET SQL_MODE = "NO_AUTO_VALUE_ON_ZERO";
START TRANSACTION;
SET time_zone = "+00:00";


/*!40101 SET @OLD_CHARACTER_SET_CLIENT=@@CHARACTER_SET_CLIENT */;
/*!40101 SET @OLD_CHARACTER_SET_RESULTS=@@CHARACTER_SET_RESULTS */;
/*!40101 SET @OLD_COLLATION_CONNECTION=@@COLLATION_CONNECTION */;
/*!40101 SET NAMES utf8mb4 */;

--
-- Database: `smarzllh_yakalk`
--

-- --------------------------------------------------------

--
-- Table structure for table `ads`
--

CREATE TABLE `ads` (
  `adsId` bigint(20) UNSIGNED NOT NULL,
  `user_id` bigint(20) UNSIGNED DEFAULT NULL,
  `title` varchar(255) NOT NULL,
  `url` varchar(255) DEFAULT NULL,
  `location` bigint(20) UNSIGNED DEFAULT NULL,
  `sublocation` bigint(20) UNSIGNED DEFAULT NULL,
  `description` text DEFAULT NULL,
  `price` decimal(10,2) DEFAULT NULL,
  `mainImage` varchar(255) DEFAULT NULL,
  `subImage` longtext CHARACTER SET utf8mb4 COLLATE utf8mb4_bin DEFAULT '[]' CHECK (json_valid(`subImage`)),
  `cat_id` bigint(20) UNSIGNED DEFAULT NULL,
  `sub_cat_id` bigint(20) UNSIGNED DEFAULT NULL,
  `ads_package` bigint(20) UNSIGNED DEFAULT NULL,
  `package_type` bigint(20) UNSIGNED DEFAULT NULL,
  `package_expire_at` timestamp NULL DEFAULT NULL,
  `bump_up_at` timestamp NULL DEFAULT NULL,
  `view_count` bigint(20) UNSIGNED NOT NULL DEFAULT 0,
  `price_type` varchar(255) DEFAULT NULL,
  `brand` varchar(255) DEFAULT NULL,
  `model` varchar(255) DEFAULT NULL,
  `post_type` varchar(255) DEFAULT NULL,
  `condition` varchar(255) DEFAULT NULL,
  `status` varchar(255) NOT NULL DEFAULT '1',
  `created_at` timestamp NULL DEFAULT NULL,
  `updated_at` timestamp NULL DEFAULT NULL
) ENGINE=InnoDB DEFAULT CHARSET=utf8mb4 COLLATE=utf8mb4_unicode_ci;

--
-- Dumping data for table `ads`
--

INSERT INTO `ads` (`adsId`, `user_id`, `title`, `url`, `location`, `sublocation`, `description`, `price`, `mainImage`, `subImage`, `cat_id`, `sub_cat_id`, `ads_package`, `package_type`, `package_expire_at`, `bump_up_at`, `view_count`, `price_type`, `brand`, `model`, `post_type`, `condition`, `status`, `created_at`, `updated_at`) VALUES
(151327, 39, 'Mobile phone', NULL, 5, 118, 'Mobile phone', 50000.00, 'ads/main_images/17125709816.jpg', '\"[\\\"ads\\\\\\/sub_images\\\\\\/17105287362.jpg\\\"]\"', 1, 2, 3, 2, '2025-03-06 01:24:48', NULL, 22, 'Fixed', NULL, NULL, NULL, NULL, '0', '2025-02-21 05:47:59', '2025-03-20 10:40:58'),
(163408, 48, 'Apple iphone', NULL, 5, 0, 'Compare features and technical specifications for the iPhone 14, iPhone 14 Pro, and many more.', 80000.00, 'ads/main_images/download.jpeg', '\"[\\\"ads\\\\\\/sub_images\\\\\\/download (5).jpeg\\\"]\"', 1, 2, 0, 0, NULL, NULL, 1, 'Fixed', '4', '81', 'Sale', 'New', '0', '2025-03-20 09:24:06', '2025-03-20 10:34:02'),
(282046, 40, 'Apple MacBook Pro M3', NULL, 1, 4, 'Apple MacBook Pro (14-inch) M3 Pro\r\n\r\n\r\n🎖️ APPLE M3 PRO CHIP SET 💥\r\n\r\n🎖️ 18GB | 512GB SSD | CYCLE COUNT 18 | \r\n\r\n\r\n• 100% Brand new condition\r\n\r\n• Battery Health 100% \r\n\r\n• Complete set with same serial box. \r\n\r\n\r\nAppleCare International warranty remaining till May 2025. \r\n\r\n\r\n ▪️ Price : 447,500 LKR\r\n\r\n ▪️ Exchange Possible ✔️', 447500.00, 'ads/main_images/Apple_MacBook_pro.jpg', '\"[\\\"ads\\\\\\/sub_images\\\\\\/Apple_MacBook_pro_sub.jpg\\\"]\"', 1, 25, 6, 11, '2025-03-12 03:42:36', NULL, 4, 'Negotiable', '1259', NULL, 'Sale', 'New', '1', '2025-02-25 03:42:36', '2025-02-25 23:04:20'),
(325088, 39, 'Mobile phone2', NULL, 5, 0, 'Mobile phone2', 25000.00, 'ads/main_images/171032388882.jpg', '\"[\\\"ads\\\\\\/sub_images\\\\\\/171032388862.jpg\\\"]\"', 1, 2, 6, 9, '2025-03-23 08:59:57', NULL, 17, 'Fixed', '4', NULL, 'Sale', NULL, '1', '2025-02-24 00:48:50', '2025-03-20 08:59:57'),
(381458, 40, 'Google Pixel 7', NULL, 1, 3, 'Google Pixel 7 8GB 128GB USED', 83000.00, 'ads/main_images/Google_Pixel_7_main.jpg', '\"[\\\"ads\\\\\\/sub_images\\\\\\/Google_Pixel_7_sub1.jpg\\\"]\"', 1, 2, 6, 10, '2025-03-04 03:24:25', NULL, 2, 'Daily', '13', NULL, 'Sale', 'Used', '1', '2025-02-25 03:24:25', '2025-02-25 23:13:33'),
(434891, 40, 'Samsung Galaxy A03', NULL, 1, 2, '2GB 32GB\r\n\r\n- Brand New Sealed Pack\r\n\r\n- 100% Genuine Non Active Product', 27000.00, 'ads/main_images/Samsung_Galaxy_A03.jpg', '\"[\\\"ads\\\\\\/sub_images\\\\\\/Samsung_Galaxy_A03.jpg\\\"]\"', 1, 2, 4, 8, '2025-03-12 03:19:34', NULL, 24, 'Negotiable', '38', NULL, 'Sale', 'New', '1', '2025-02-25 03:19:34', '2025-03-03 01:33:05'),
(513605, 40, 'BRAND NEW ABANS 32 inch LED Frameless HD TV', NULL, 1, 10, 'ABANS 32 INCH HD LED FRAMELESS TV WITH 3 YEARS ABANS WARRANTY.\r\n\r\n\r\nFrameless Model \r\n\r\n80cm (32″ ) HD Television\r\n\r\nResolution 1366 x 768 pixel\r\n\r\nColour depth 8bit\r\n\r\nImage refresh frequency 50/60 Hz\r\n\r\nSmooth motion rate 50\r\n\r\n2 x HDMI Inputs\r\n\r\n2 x USB Inputs\r\n\r\n1 x Earphone Output\r\n\r\n1 x SPDIF Output\r\n\r\n1 x AV Input\r\n\r\n1 x VGA Input\r\n\r\n1 x Component Input', 38490.00, 'ads/main_images/Abans_32_tv.jpg', '\"[\\\"ads\\\\\\/sub_images\\\\\\/Abans_32_tv.jpg\\\"]\"', 1, 27, 0, 0, NULL, NULL, 10, 'Fixed', '1299', NULL, 'Sale', 'New', '1', '2025-02-25 04:26:24', '2025-02-25 23:12:44'),
(554961, 39, 'Testing', NULL, 11, 0, 'Testing', 1400.00, 'ads/main_images/17104906413.jpg', '\"[\\\"ads\\\\\\/sub_images\\\\\\/17104906251.jpg\\\"]\"', 4, 6, 0, 0, NULL, NULL, 8, 'Negotiable', '505', NULL, 'Sale', 'Used', '1', '2025-02-24 03:05:18', '2025-02-24 05:23:22'),
(571370, 39, 'Pet', NULL, 11, 0, 'Pet', 35000.00, 'ads/main_images/17105271797.jpg', '\"[\\\"ads\\\\\\/sub_images\\\\\\/17105287362.jpg\\\"]\"', 43, 44, 6, 9, '2025-03-06 01:47:07', NULL, 3, 'Negotiable', NULL, NULL, 'Sale', NULL, '1', '2025-02-24 02:25:06', '2025-03-03 01:47:07'),
(625802, 40, 'cat mobile', NULL, 1, 1, 'asadasd', 420000.00, 'ads/main_images/__57.jpg', '\"[\\\"ads\\\\\\/sub_images\\\\\\/__57.jpg\\\"]\"', 1, 2, 3, 2, '2025-03-23 09:57:48', NULL, 5, 'Fixed', '7', '1520', 'Sale', 'New', '1', '2025-03-20 08:26:56', '2025-03-20 10:02:45'),
(662584, 40, 'Samsung Galaxy A20 Display With Frame', NULL, 2, 45, 'Samsung A20 Display W/F', 5500.00, 'ads/main_images/A20_Display.jpg', '\"[\\\"ads\\\\\\/sub_images\\\\\\/A20_Display.jpg\\\"]\"', 1, 3, 3, 4, '2025-03-12 05:04:30', NULL, 45, 'Fixed', '1245', NULL, 'Sale', 'New', '1', '2025-02-25 05:04:30', '2025-03-03 01:22:04'),
(687360, 39, 'New', NULL, 6, 0, 'New', 1800000.00, 'ads/main_images/carousel2 (1).png', '\"[\\\"ads\\\\\\/sub_images\\\\\\/carousel2.png\\\"]\"', 4, 5, 3, 3, NULL, NULL, 38, 'Negotiable', '126', NULL, 'Sale', 'Used', '1', '2025-02-21 04:39:22', '2025-02-25 22:02:12'),
(790704, 39, 'Mobile phone', NULL, 8, 0, 'Mobile phone', 180000.00, 'ads/main_images/171049192236.jpg', '\"[\\\"ads\\\\\\/sub_images\\\\\\/17125709816.jpg\\\"]\"', 1, 2, 4, 6, '2025-02-27 00:56:30', NULL, 10, 'Negotiable', '4', NULL, 'Sale', 'Used', '1', '2025-02-24 00:56:30', '2025-03-03 01:23:34'),
(873827, 40, 'Apple', NULL, 1, 1, 'IPHONE 12 128GB', 99999.00, 'ads/main_images/Apple_iphone_12.jpg', '\"[\\\"ads\\\\\\/sub_images\\\\\\/Apple_iphone_12.jpg\\\"]\"', 1, 2, 3, 2, '2025-02-28 03:14:58', NULL, 6, 'Fixed', '4', NULL, 'Sale', 'Used', '1', '2025-02-25 03:14:59', '2025-02-25 23:13:38'),
(881347, 39, 'Pets', NULL, 7, 0, 'Pets', 20000.00, 'ads/main_images/17105836806.jpg', '\"[\\\"ads\\\\\\/sub_images\\\\\\/17105844482.jpg\\\"]\"', 43, 44, 0, NULL, NULL, NULL, 29, 'Fixed', NULL, NULL, NULL, NULL, '1', '2025-02-21 05:46:47', '2025-02-25 00:50:10'),
(919392, 40, 'LENOVO LAPTOP I5 13TH GEN', NULL, 1, 7, 'LENOVO V15 G4 IRU I5 13TH GEN LAPTOP NEW - Rs.165000/-\r\n\r\nMODEL - LENOVO V15 G4 IRU\r\n\r\nRAM - 8GB DDR4 (Memory Max Up to 32GB)\r\n\r\nHard Drive - 512GB NVME (Can Be Updated M.2 PCIe NVMe SSD)\r\n\r\nDisplay - 15.6\" Display\r\n\r\nWeb camera \r\n\r\nWi-Fi \r\n\r\nOperating System – Windows 10 Or 11\r\n\r\n3 Year Warranty (1 Year + 2 Year Service Warranty)', 165000.00, 'ads/main_images/Levovo_lap_main.jpg', '\"[\\\"ads\\\\\\/sub_images\\\\\\/Levovo_lap_sub.jpg\\\"]\"', 1, 25, 0, 0, NULL, NULL, 6, 'Weekly', '1268', NULL, 'Sale', 'New', '1', '2025-02-25 03:53:15', '2025-04-09 07:49:01'),
(931382, 39, 'Mobile phone3', NULL, 8, 0, 'Mobile phone3', 18000.00, 'ads/main_images/17103238882.jpg', '\"[\\\"ads\\\\\\/sub_images\\\\\\/17103238882.jpg\\\"]\"', 1, 2, 3, 2, '2025-04-21 08:57:00', NULL, 31, 'Fixed', NULL, NULL, NULL, NULL, '1', '2025-02-21 05:45:36', '2025-04-18 08:57:00'),
(944886, 40, 'TCL 40NXTPAPER 8GB/256GB (New)', NULL, 2, 47, 'TCL 40NXTPAPER 8GB+8GB/256GB - Rs.59,900/-\r\n\r\n\r\n1 Year Company warranty', 59900.00, 'ads/main_images/tcl.jpg', '\"[\\\"ads\\\\\\/sub_images\\\\\\/tcl.jpg\\\"]\"', 1, 2, 6, 9, '2025-02-28 05:13:29', NULL, 7, 'Negotiable', '42', NULL, 'Sale', 'Used', '1', '2025-02-25 05:13:29', '2025-03-20 10:02:08'),
(966072, 40, 'Wireless Mouse MOS-WO85', NULL, 1, 25, 'Wireless Mouse\r\n\r\n\r\n📌New Stock Arrived...\r\n\r\n\r\n• DPI-1600\r\n\r\n• 2.4GHz\r\n\r\n\r\n• Price = Rs.1400/', 1400.00, 'ads/main_images/Wireless_Mouse_main.jpg', '\"[\\\"ads\\\\\\/sub_images\\\\\\/Wireless_Mouse_sub.jpg\\\"]\"', 1, 26, 4, 7, '2025-03-04 05:01:20', NULL, 6, 'Monthly', '1279', NULL, 'Sale', 'Used', '1', '2025-02-25 05:01:20', '2025-03-20 13:46:35');

-- --------------------------------------------------------

--
-- Table structure for table `ad_details`
--

CREATE TABLE `ad_details` (
  `id` bigint(20) UNSIGNED NOT NULL,
  `adsId` bigint(20) UNSIGNED DEFAULT NULL,
  `additional_info` varchar(255) NOT NULL,
  `value` varchar(255) NOT NULL,
  `created_at` timestamp NULL DEFAULT NULL,
  `updated_at` timestamp NULL DEFAULT NULL
) ENGINE=InnoDB DEFAULT CHARSET=utf8mb4 COLLATE=utf8mb4_unicode_ci;

--
-- Dumping data for table `ad_details`
--

INSERT INTO `ad_details` (`id`, `adsId`, `additional_info`, `value`, `created_at`, `updated_at`) VALUES
(10, 687360, 'Year of Manufacture', '56', '2025-02-21 04:39:22', '2025-02-21 04:39:22'),
(11, 687360, 'Mileage (km)', '56', '2025-02-21 04:39:22', '2025-02-21 04:39:22'),
(12, 687360, 'Fuel type', 'sdas', '2025-02-21 04:39:22', '2025-02-21 04:39:22'),
(13, 687360, 'Body type', 'sfcs', '2025-02-21 04:39:22', '2025-02-21 04:39:22');

-- --------------------------------------------------------

--
-- Table structure for table `banners`
--

CREATE TABLE `banners` (
  `id` bigint(20) UNSIGNED NOT NULL,
  `img` varchar(255) NOT NULL,
  `type` varchar(255) NOT NULL,
  `created_at` timestamp NULL DEFAULT NULL,
  `updated_at` timestamp NULL DEFAULT NULL
) ENGINE=InnoDB DEFAULT CHARSET=utf8mb4 COLLATE=utf8mb4_unicode_ci;

--
-- Dumping data for table `banners`
--

INSERT INTO `banners` (`id`, `img`, `type`, `created_at`, `updated_at`) VALUES
(12, '1733819080.gif', '1', '2024-10-25 12:58:28', '2024-12-10 07:54:40'),
(13, '1733831409.gif', '1', '2024-10-25 12:58:40', '2024-12-10 11:20:09'),
(14, '1734110139.gif', '1', '2024-10-25 12:58:55', '2024-12-13 16:45:39'),
(15, '1734369553.gif', '1', '2024-10-25 12:59:07', '2024-12-16 16:49:13'),
(16, '1733937508.gif', '0', '2024-10-25 12:59:21', '2024-12-11 16:48:28'),
(17, '1734175518.gif', '0', '2024-10-25 12:59:33', '2024-12-14 10:55:18'),
(18, '1729926798.png', '0', '2024-10-25 12:59:47', '2024-10-26 00:13:18'),
(19, '1729928194.png', '0', '2024-10-25 13:00:06', '2024-10-26 00:36:34'),
(20, '1733291119.gif', '0', '2024-12-04 05:15:19', '2024-12-04 05:15:19');

-- --------------------------------------------------------

--
-- Table structure for table `brands_models`
--

CREATE TABLE `brands_models` (
  `id` bigint(20) UNSIGNED NOT NULL,
  `brandsId` bigint(20) UNSIGNED NOT NULL DEFAULT 0,
  `name` varchar(255) NOT NULL,
  `url` varchar(255) NOT NULL,
  `sub_cat_id` bigint(20) UNSIGNED NOT NULL,
  `status` tinyint(1) NOT NULL DEFAULT 1,
  `created_at` timestamp NULL DEFAULT NULL,
  `updated_at` timestamp NULL DEFAULT NULL
) ENGINE=InnoDB DEFAULT CHARSET=utf8mb4 COLLATE=utf8mb4_unicode_ci;

--
-- Dumping data for table `brands_models`
--

INSERT INTO `brands_models` (`id`, `brandsId`, `name`, `url`, `sub_cat_id`, `status`, `created_at`, `updated_at`) VALUES
(1, 0, 'Acer', 'mobile-phones-acer', 2, 1, '2024-03-11 07:44:18', '2024-03-11 07:44:18'),
(2, 0, 'Ag tel', 'mobile-phones-ag-tel', 2, 1, '2024-03-11 07:47:16', '2024-03-11 07:47:16'),
(3, 0, 'AIcatel', 'mobile-phones-aicatel', 2, 1, '2024-03-11 07:47:52', '2024-03-11 07:47:52'),
(4, 0, 'Apple', 'mobile-phones-apple', 2, 1, '2024-03-11 07:48:05', '2024-03-11 07:48:05'),
(5, 0, 'Asus', 'mobile-phones-asus', 2, 1, '2024-03-11 07:48:25', '2024-03-11 07:48:25'),
(6, 0, 'BlackBerry', 'mobile-phones-blackberry', 2, 1, '2024-03-11 07:49:01', '2024-03-11 07:49:01'),
(7, 0, 'CAT', 'mobile-phones-cat', 2, 1, '2024-03-11 07:49:15', '2024-03-11 07:49:15'),
(8, 0, 'Chine Mobile', 'mobile-phones-chine-mobile', 2, 1, '2024-03-11 07:49:35', '2024-03-11 07:49:35'),
(9, 0, 'Dialog', 'mobile-phones-dialog', 2, 1, '2024-03-11 07:49:47', '2024-03-11 07:49:47'),
(10, 0, 'Digno', 'mobile-phones-digno', 2, 1, '2024-03-11 07:50:02', '2024-03-11 07:50:02'),
(11, 0, 'Etel', 'mobile-phones-etel', 2, 1, '2024-03-11 07:50:25', '2024-03-11 07:50:25'),
(12, 0, 'Fujitsu', 'mobile-phones-fujitsu', 2, 1, '2024-03-11 07:50:59', '2024-03-11 07:50:59'),
(13, 0, 'Google', 'mobile-phones-google', 2, 1, '2024-03-11 07:52:56', '2024-03-11 07:52:56'),
(14, 0, 'Greentel', 'mobile-phones-greentel', 2, 1, '2024-03-11 07:53:09', '2024-03-11 07:53:09'),
(15, 0, 'Honor', 'mobile-phones-honor', 2, 1, '2024-03-11 07:53:22', '2024-03-11 07:53:22'),
(16, 0, 'HP', 'mobile-phones-hp', 2, 1, '2024-03-11 07:53:36', '2024-03-11 07:53:36'),
(17, 0, 'HTC', 'mobile-phones-htc', 2, 1, '2024-03-11 07:53:44', '2024-03-11 07:53:44'),
(18, 0, 'Huawei', 'mobile-phones-huawei', 2, 1, '2024-03-11 07:54:03', '2024-03-11 07:54:03'),
(19, 0, 'iMate', 'mobile-phones-imate', 2, 1, '2024-03-11 07:54:29', '2024-03-11 07:54:29'),
(20, 0, 'infinix', 'mobile-phones-infinix', 2, 1, '2024-03-11 07:54:39', '2024-03-11 07:54:39'),
(21, 0, 'iPro', 'mobile-phones-ipro', 2, 1, '2024-03-11 07:55:09', '2024-03-11 07:55:09'),
(22, 0, 'iqoo', 'mobile-phones-iqoo', 2, 1, '2024-03-11 07:55:29', '2024-10-26 05:53:10'),
(23, 0, 'itel', 'mobile-phones-itel', 2, 1, '2024-03-11 16:09:36', '2024-03-11 16:09:36'),
(24, 0, 'Kyocera', 'mobile-phones-kyocera', 2, 1, '2024-03-11 16:09:56', '2024-03-11 16:09:56'),
(25, 0, 'leEco', 'mobile-phones-leeco', 2, 1, '2024-03-11 16:10:43', '2024-03-11 16:10:43'),
(26, 0, 'lenovo', 'mobile-phones-lenovo', 2, 1, '2024-03-11 16:11:18', '2024-03-11 16:11:18'),
(27, 0, 'Micromax', 'mobile-phones-micromax', 2, 1, '2024-03-11 16:11:39', '2024-03-11 16:11:39'),
(28, 0, 'Microsoft', 'mobile-phones-microsoft', 2, 1, '2024-03-11 16:11:54', '2024-03-11 16:11:54'),
(29, 0, 'Moto', 'mobile-phones-moto', 2, 1, '2024-03-11 16:12:26', '2024-03-11 16:12:26'),
(30, 0, 'Nokia', 'mobile-phones-nokia', 2, 1, '2024-03-11 16:12:40', '2024-03-11 16:12:40'),
(31, 0, 'Nothing phone', 'mobile-phones-nothing-phone', 2, 1, '2024-03-11 16:13:23', '2024-03-11 16:13:23'),
(32, 0, 'Oneplus', 'mobile-phones-oneplus', 2, 1, '2024-03-11 16:13:45', '2024-03-11 16:13:45'),
(33, 0, 'Oppo', 'mobile-phones-oppo', 2, 1, '2024-03-11 16:13:59', '2024-03-11 16:13:59'),
(34, 0, 'Palm', 'mobile-phones-palm', 2, 1, '2024-03-11 16:14:21', '2024-03-11 16:14:21'),
(35, 0, 'Q Mobile', 'mobile-phones-q-mobile', 2, 1, '2024-03-11 16:14:40', '2024-03-11 16:14:40'),
(36, 0, 'Razer', 'mobile-phones-razer', 2, 1, '2024-03-11 16:14:52', '2024-03-11 16:14:52'),
(37, 0, 'Realme', 'mobile-phones-realme', 2, 1, '2024-03-11 16:15:10', '2024-03-11 16:15:10'),
(38, 0, 'Samsung', 'mobile-phones-samsung', 2, 1, '2024-03-11 16:15:26', '2024-03-11 16:15:26'),
(39, 0, 'Sharp', 'mobile-phones-sharp', 2, 1, '2024-03-11 16:15:41', '2024-03-11 16:15:41'),
(40, 0, 'Sky', 'mobile-phones-sky', 2, 1, '2024-03-11 16:15:50', '2024-03-11 16:15:50'),
(41, 0, 'Sony Ericsson', 'mobile-phones-sony-ericsson', 2, 1, '2024-03-11 16:16:54', '2024-03-11 16:16:54'),
(42, 0, 'TCL', 'mobile-phones-tcl', 2, 1, '2024-03-11 16:17:08', '2024-03-11 16:17:08'),
(43, 0, 'Tecno', 'mobile-phones-tecno', 2, 1, '2024-03-11 16:17:23', '2024-03-11 16:17:23'),
(44, 0, 'UMIDIGI', 'mobile-phones-umidigi', 2, 1, '2024-03-11 16:17:49', '2024-03-11 16:17:49'),
(45, 0, 'Vivo', 'mobile-phones-vivo', 2, 1, '2024-03-11 16:18:00', '2024-03-11 16:18:00'),
(46, 0, 'Xiaomi', 'mobile-phones-xiaomi', 2, 1, '2024-03-11 16:18:24', '2024-03-11 16:18:24'),
(47, 0, 'Zigo', 'mobile-phones-zigo', 2, 1, '2024-03-11 16:18:37', '2024-03-11 16:18:37'),
(48, 0, 'ZTE', 'mobile-phones-zte', 2, 1, '2024-03-11 16:18:52', '2024-03-11 16:18:52'),
(49, 0, 'Other brand', 'mobile-phones-other-brand', 2, 1, '2024-03-11 16:19:07', '2024-03-11 16:19:07'),
(50, 1, 'Liquid Jade', 'mobile-phones-liquid-jade', 2, 1, '2024-03-11 16:20:22', '2024-03-11 16:20:22'),
(51, 1, 'Liquid M', 'mobile-phones-liquid-m', 2, 1, '2024-03-11 16:20:45', '2024-03-11 16:20:45'),
(52, 1, 'Liquid Z', 'mobile-phones-liquid-z', 2, 1, '2024-03-11 16:20:52', '2024-03-11 16:20:52'),
(53, 1, 'Other Model', 'mobile-phones-other-model', 2, 1, '2024-03-11 16:21:06', '2024-10-25 02:55:30'),
(54, 2, 'B1', 'mobile-phones-b1', 2, 1, '2024-03-11 16:21:42', '2024-03-11 16:21:42'),
(55, 2, 'C1', 'mobile-phones-c1', 2, 1, '2024-03-11 16:21:48', '2024-03-11 16:21:48'),
(56, 2, 'Chetak', 'mobile-phones-chetak', 2, 1, '2024-03-11 16:22:07', '2024-03-11 16:22:07'),
(57, 2, 'Club', 'mobile-phones-club', 2, 1, '2024-03-11 16:22:18', '2024-03-11 16:22:18'),
(58, 2, 'Other model', 'mobile-phones-other-model', 2, 1, '2024-03-11 16:22:26', '2024-03-11 16:22:26'),
(59, 3, '5', 'mobile-phones-5', 2, 1, '2024-03-11 16:23:43', '2024-03-11 16:23:43'),
(60, 3, '3V', 'mobile-phones-3v', 2, 1, '2024-03-11 16:23:53', '2024-03-11 16:23:53'),
(61, 3, '3X', 'mobile-phones-3x', 2, 1, '2024-03-11 16:24:05', '2024-03-11 16:24:05'),
(62, 3, '3C', 'mobile-phones-3c', 2, 1, '2024-03-11 16:24:19', '2024-03-11 16:24:19'),
(63, 3, '3', 'mobile-phones-3', 2, 1, '2024-03-11 16:24:30', '2024-03-11 16:24:30'),
(64, 3, '1X', 'mobile-phones-1x', 2, 1, '2024-03-11 16:24:42', '2024-03-11 16:24:42'),
(65, 3, '1C', 'mobile-phones-1c', 2, 1, '2024-03-11 16:24:52', '2024-03-11 16:24:52'),
(66, 3, '1T 10', 'mobile-phones-1t-10', 2, 1, '2024-03-11 16:25:05', '2024-03-11 16:25:05'),
(67, 3, '1T 7', 'mobile-phones-1t-7', 2, 1, '2024-03-11 16:25:22', '2024-03-11 16:25:22'),
(68, 3, 'A7 XL', 'mobile-phones-a7-xl', 2, 1, '2024-03-11 16:25:49', '2024-03-11 16:25:49'),
(69, 3, 'A7', 'mobile-phones-a7', 2, 1, '2024-03-11 16:26:00', '2024-03-11 16:26:00'),
(70, 3, 'A3 XL', 'mobile-phones-a3-xl', 2, 1, '2024-03-11 16:26:28', '2024-03-11 16:26:28'),
(71, 3, 'A3', 'mobile-phones-a3', 2, 1, '2024-03-11 16:26:35', '2024-03-11 16:26:35'),
(72, 3, 'U5 HD', 'mobile-phones-u5-hd', 2, 1, '2024-03-11 16:26:49', '2024-03-11 16:26:49'),
(73, 3, 'I dol', 'mobile-phones-i-dol', 2, 1, '2024-03-11 16:27:04', '2024-03-11 16:27:04'),
(74, 3, 'pixi', 'mobile-phones-pixi', 2, 1, '2024-03-11 16:27:14', '2024-03-11 16:27:14'),
(75, 3, 'Pop', 'mobile-phones-pop', 2, 1, '2024-03-11 16:28:39', '2024-03-11 16:28:39'),
(76, 3, 'One Touch', 'mobile-phones-one-touch', 2, 1, '2024-03-11 16:29:24', '2024-03-11 16:29:24'),
(77, 3, 'Fire', 'mobile-phones-fire', 2, 1, '2024-03-11 16:29:35', '2024-03-11 16:29:35'),
(78, 3, 'Fierce', 'mobile-phones-fierce', 2, 1, '2024-03-11 16:29:48', '2024-03-11 16:29:48'),
(79, 3, 'Flash', 'mobile-phones-flash', 2, 1, '2024-03-11 16:30:01', '2024-03-11 16:30:01'),
(80, 3, 'Other Model', 'mobile-phones-other-model', 2, 1, '2024-03-11 16:30:14', '2024-03-11 16:30:14'),
(81, 4, 'iPhone 14', 'mobile-phones-iphone-14', 2, 1, '2024-03-11 16:31:10', '2024-03-11 16:31:10'),
(82, 4, 'iPhone 14 Plus', 'mobile-phones-iphone-14-plus', 2, 1, '2024-03-11 16:31:25', '2024-03-11 16:31:25'),
(83, 4, 'iPhone 14 Pro', 'mobile-phones-iphone-14-pro', 2, 1, '2024-03-11 16:31:37', '2024-03-11 16:31:37'),
(84, 4, 'iPhone 14 Pro Max', 'mobile-phones-iphone-14-pro-max', 2, 1, '2024-03-11 16:32:02', '2024-03-11 16:32:02'),
(85, 4, 'iPhone 13 Pro', 'mobile-phones-iphone-13-pro', 2, 1, '2024-03-11 16:32:29', '2024-03-11 16:32:29'),
(86, 4, 'iphone 13 mini', 'mobile-phones-iphone-13-mini', 2, 1, '2024-03-11 16:33:06', '2024-03-11 16:33:06'),
(87, 4, 'iPhone 13', 'mobile-phones-iphone-13', 2, 1, '2024-03-11 16:36:55', '2024-03-11 16:36:55'),
(88, 4, 'iPhone 12 pro max', 'mobile-phones-iphone-12-pro-max', 2, 1, '2024-03-11 16:37:16', '2024-03-11 16:37:16'),
(89, 4, 'iPhone 12 Pro', 'mobile-phones-iphone-12-pro', 2, 1, '2024-03-11 16:37:41', '2024-03-11 16:37:41'),
(90, 4, 'iPhone 12 mini', 'mobile-phones-iphone-12-mini', 2, 1, '2024-03-11 16:38:01', '2024-03-11 16:38:01'),
(91, 4, 'iPhone 12', 'mobile-phones-iphone-12', 2, 1, '2024-03-11 16:38:17', '2024-03-11 16:38:17'),
(92, 4, 'iPhone 11', 'mobile-phones-iphone-11', 2, 1, '2024-03-11 16:38:27', '2024-03-11 16:38:27'),
(93, 4, 'iPhone 11 pro', 'mobile-phones-iphone-11-pro', 2, 1, '2024-03-11 16:38:42', '2024-03-11 16:38:42'),
(94, 4, 'iPhone 11 Pro Max', 'mobile-phones-iphone-11-pro-max', 2, 1, '2024-03-11 16:39:02', '2024-03-11 16:39:02'),
(95, 4, 'iPhone X', 'mobile-phones-iphone-x', 2, 1, '2024-03-11 16:39:19', '2024-03-11 16:39:19'),
(96, 4, 'iPhone XS', 'mobile-phones-iphone-xs', 2, 1, '2024-03-11 16:39:31', '2024-03-11 16:39:31'),
(97, 4, 'iPhone XR', 'mobile-phones-iphone-xr', 2, 1, '2024-03-11 16:39:45', '2024-03-11 16:39:45'),
(98, 4, 'iPhone XS Max', 'mobile-phones-iphone-xs-max', 2, 1, '2024-03-11 16:40:10', '2024-03-11 16:40:10'),
(99, 4, 'iPhone 8', 'mobile-phones-iphone-8', 2, 1, '2024-03-11 16:40:28', '2024-03-11 16:40:28'),
(100, 4, 'iPhone 8 plus', 'mobile-phones-iphone-8-plus', 2, 1, '2024-03-11 16:40:42', '2024-03-11 16:40:42'),
(101, 4, 'iPhone 7', 'mobile-phones-iphone-7', 2, 1, '2024-03-11 16:40:52', '2024-03-11 16:40:52'),
(102, 4, 'iPhone 7 plus', 'mobile-phones-iphone-7-plus', 2, 1, '2024-03-11 16:41:03', '2024-03-11 16:41:03'),
(103, 4, 'iPhone 6S', 'mobile-phones-iphone-6s', 2, 1, '2024-03-11 16:41:30', '2024-03-11 16:41:30'),
(104, 4, 'iPhone 6S plus', 'mobile-phones-iphone-6s-plus', 2, 1, '2024-03-11 16:41:51', '2024-03-11 16:41:51'),
(105, 4, 'iPhone SE', 'mobile-phones-iphone-se', 2, 1, '2024-03-11 16:42:07', '2024-03-11 16:42:07'),
(106, 4, 'iPhone SE2', 'mobile-phones-iphone-se2', 2, 1, '2024-03-11 16:42:25', '2024-03-11 16:42:25'),
(107, 4, 'iPhone 6', 'mobile-phones-iphone-6', 2, 1, '2024-03-11 16:44:27', '2024-03-11 16:44:27'),
(108, 4, 'iPhone 6', 'mobile-phones-iphone-6', 2, 1, '2024-03-11 16:45:39', '2024-03-11 16:45:39'),
(109, 4, 'iPhone 6 plus', 'mobile-phones-iphone-6-plus', 2, 1, '2024-03-11 16:45:52', '2024-03-11 16:45:52'),
(110, 4, 'iPhone 5S', 'mobile-phones-iphone-5s', 2, 1, '2024-03-11 16:46:06', '2024-03-11 16:46:06'),
(111, 4, 'iPhone 5C', 'mobile-phones-iphone-5c', 2, 1, '2024-03-11 16:46:48', '2024-03-11 16:46:48'),
(112, 4, 'iPhone 5', 'mobile-phones-iphone-5', 2, 1, '2024-03-11 16:47:41', '2024-03-11 16:47:41'),
(113, 4, 'iPhone 4S', 'mobile-phones-iphone-4s', 2, 1, '2024-03-11 16:48:07', '2024-03-11 16:48:07'),
(114, 4, 'iPhone 3GS', 'mobile-phones-iphone-3gs', 2, 1, '2024-03-11 16:52:35', '2024-03-11 16:52:35'),
(115, 4, 'iPhone 3G', 'mobile-phones-iphone-3g', 2, 1, '2024-03-11 16:52:50', '2024-03-11 16:52:50'),
(116, 4, 'iPhone 15', 'mobile-phones-iphone-15', 2, 1, '2024-03-11 16:53:07', '2024-03-11 16:53:07'),
(117, 4, 'iPhone 15 plus', 'mobile-phones-iphone-15-plus', 2, 1, '2024-03-11 16:53:21', '2024-03-11 16:53:21'),
(118, 4, 'iPhone 15 pro', 'mobile-phones-iphone-15-pro', 2, 1, '2024-03-11 16:53:36', '2024-03-11 16:53:36'),
(119, 4, 'iPhone 15 pro max', 'mobile-phones-iphone-15-pro-max', 2, 1, '2024-03-11 16:54:01', '2024-03-11 16:54:01'),
(120, 4, 'Other Model', 'mobile-phones-other-model', 2, 1, '2024-03-11 16:54:13', '2024-03-11 16:54:13'),
(121, 0, 'Apple', 'mobile-phone-accessories-apple', 3, 1, '2024-03-11 19:41:08', '2024-03-11 19:41:08'),
(122, 0, 'ANKER', 'mobile-phone-accessories-anker', 3, 1, '2024-03-11 19:41:22', '2024-03-11 19:41:22'),
(123, 0, 'Alfa Romeo', 'cars-alfa-romeo', 5, 1, '2024-03-11 19:46:44', '2024-03-11 19:46:44'),
(124, 123, 'Other Model', 'cars-other-model', 5, 1, '2024-03-11 19:47:34', '2024-03-11 19:47:34'),
(125, 0, 'Aston Martin', 'cars-aston-martin', 5, 1, '2024-03-11 23:10:03', '2024-03-11 23:10:03'),
(126, 0, 'Audi', 'cars-audi', 5, 1, '2024-03-11 23:10:33', '2024-03-11 23:10:33'),
(127, 0, 'Austin', 'cars-austin', 5, 1, '2024-03-11 23:10:53', '2024-03-11 23:10:53'),
(128, 0, 'BMW', 'cars-bmw', 5, 1, '2024-03-11 23:21:36', '2024-03-11 23:21:36'),
(129, 0, 'Buick', 'cars-buick', 5, 1, '2024-03-11 23:23:31', '2024-03-11 23:23:31'),
(130, 0, 'Cadillac', 'cars-cadillac', 5, 1, '2024-03-11 23:24:01', '2024-03-11 23:24:01'),
(131, 0, 'Changan', 'cars-changan', 5, 1, '2024-03-11 23:24:20', '2024-03-11 23:24:20'),
(132, 0, 'Chery', 'cars-chery', 5, 1, '2024-03-11 23:24:43', '2024-03-11 23:24:43'),
(133, 0, 'Chevrolet', 'cars-chevrolet', 5, 1, '2024-03-11 23:26:14', '2024-03-11 23:26:14'),
(134, 0, 'Chrysler', 'cars-chrysler', 5, 1, '2024-03-11 23:27:23', '2024-03-11 23:27:23'),
(135, 0, 'Citroen', 'cars-citroen', 5, 1, '2024-03-11 23:28:27', '2024-03-11 23:28:27'),
(136, 0, 'Daewoo', 'cars-daewoo', 5, 1, '2024-03-12 00:16:16', '2024-03-12 00:16:16'),
(137, 0, 'Daihatsu', 'cars-daihatsu', 5, 1, '2024-03-12 00:16:38', '2024-03-12 00:16:38'),
(138, 0, 'Datsun', 'cars-datsun', 5, 1, '2024-03-12 00:16:56', '2024-03-12 00:16:56'),
(139, 0, 'DFSK', 'cars-dfsk', 5, 1, '2024-03-12 00:17:12', '2024-03-12 00:17:12'),
(140, 0, 'Dodge', 'cars-dodge', 5, 1, '2024-03-12 00:17:48', '2024-03-12 00:17:48'),
(141, 0, 'Fiat', 'cars-fiat', 5, 1, '2024-03-12 00:18:03', '2024-03-12 00:18:03'),
(142, 0, 'Ford', 'cars-ford', 5, 1, '2024-03-12 00:18:13', '2024-03-12 00:18:13'),
(143, 0, 'Geely', 'cars-geely', 5, 1, '2024-03-12 00:18:27', '2024-03-12 00:18:27'),
(144, 0, 'Hino', 'cars-hino', 5, 1, '2024-03-12 00:18:37', '2024-03-12 00:18:37'),
(145, 0, 'Honda', 'cars-honda', 5, 1, '2024-03-12 00:18:46', '2024-03-12 00:18:46'),
(146, 0, 'Hummer', 'cars-hummer', 5, 1, '2024-03-12 00:19:16', '2024-03-12 00:19:16'),
(147, 0, 'Hyundai', 'cars-hyundai', 5, 1, '2024-03-12 00:19:33', '2024-03-12 00:19:33'),
(148, 0, 'Isuzu', 'cars-isuzu', 5, 1, '2024-03-12 00:19:46', '2024-03-12 00:19:46'),
(149, 0, 'Jaguar', 'cars-jaguar', 5, 1, '2024-03-12 00:20:03', '2024-03-12 00:20:03'),
(150, 0, 'Jeep', 'cars-jeep', 5, 1, '2024-03-12 00:20:15', '2024-03-12 00:20:15'),
(151, 0, 'Kia', 'cars-kia', 5, 1, '2024-03-12 00:20:25', '2024-03-12 00:20:25'),
(152, 0, 'Lamborghini', 'cars-lamborghini', 5, 1, '2024-03-12 00:20:44', '2024-03-12 00:20:44'),
(153, 0, 'Land Rover', 'cars-land-rover', 5, 1, '2024-03-12 00:21:01', '2024-03-12 00:21:01'),
(154, 0, 'Lexus', 'cars-lexus', 5, 1, '2024-03-12 00:21:13', '2024-03-12 00:21:13'),
(155, 0, 'Lincoln', 'cars-lincoln', 5, 1, '2024-03-12 00:21:26', '2024-03-12 00:21:26'),
(156, 0, 'Mahindra', 'cars-mahindra', 5, 1, '2024-03-12 00:21:39', '2024-03-12 00:21:39'),
(157, 0, 'Maruti Suzuki', 'cars-maruti-suzuki', 5, 1, '2024-03-12 00:22:03', '2024-03-12 00:22:03'),
(158, 0, 'Maruti', 'cars-maruti', 5, 1, '2024-03-12 00:22:16', '2024-03-12 00:22:16'),
(159, 0, 'Mazda', 'cars-mazda', 5, 1, '2024-03-12 00:22:25', '2024-03-12 00:22:25'),
(160, 0, 'Mercedes Benz', 'cars-mercedes-benz', 5, 1, '2024-03-12 00:22:43', '2024-03-12 00:22:43'),
(161, 0, 'MG', 'cars-mg', 5, 1, '2024-03-12 00:22:56', '2024-03-12 00:22:56'),
(162, 0, 'Micro', 'cars-micro', 5, 1, '2024-03-12 00:23:10', '2024-03-12 00:23:10'),
(163, 0, 'Mini', 'cars-mini', 5, 1, '2024-03-12 00:23:19', '2024-03-12 00:23:19'),
(164, 0, 'Mitsubishi', 'cars-mitsubishi', 5, 1, '2024-03-12 00:23:34', '2024-03-12 00:23:34'),
(165, 0, 'Morris', 'cars-morris', 5, 1, '2024-03-12 00:23:46', '2024-03-12 00:23:46'),
(166, 0, 'Moto Guzzi', 'cars-moto-guzzi', 5, 1, '2024-03-12 00:24:06', '2024-03-12 00:24:06'),
(167, 0, 'Nissan', 'cars-nissan', 5, 1, '2024-03-12 00:24:20', '2024-03-12 00:24:20'),
(168, 0, 'Oldsmobile', 'cars-oldsmobile', 5, 1, '2024-03-12 00:24:40', '2024-03-12 00:24:40'),
(169, 0, 'Opel', 'cars-opel', 5, 1, '2024-03-12 00:24:50', '2024-03-12 00:24:50'),
(170, 0, 'Perodua', 'cars-perodua', 5, 1, '2024-03-12 00:25:06', '2024-03-12 00:25:06'),
(171, 0, 'Peugeot', 'cars-peugeot', 5, 1, '2024-03-12 00:25:26', '2024-03-12 00:25:26'),
(172, 0, 'Plymoth', 'cars-plymoth', 5, 1, '2024-03-12 00:25:39', '2024-03-12 00:25:39'),
(173, 0, 'Pontiac', 'cars-pontiac', 5, 1, '2024-03-12 00:25:53', '2024-03-12 00:25:53'),
(174, 0, 'Porsche', 'cars-porsche', 5, 1, '2024-03-12 00:26:08', '2024-03-12 00:26:08'),
(175, 0, 'Proton', 'cars-proton', 5, 1, '2024-03-12 00:26:21', '2024-03-12 00:26:21'),
(176, 0, 'Renault', 'cars-renault', 5, 1, '2024-03-12 00:26:35', '2024-03-12 00:26:35'),
(177, 0, 'Rover', 'cars-rover', 5, 1, '2024-03-12 00:26:45', '2024-03-12 00:26:45'),
(178, 0, 'Royal Enfield', 'cars-royal-enfield', 5, 1, '2024-03-12 00:27:02', '2024-03-12 00:27:02'),
(179, 0, 'Saab', 'cars-saab', 5, 1, '2024-03-12 00:27:14', '2024-03-12 00:27:14'),
(180, 0, 'Scion', 'cars-scion', 5, 1, '2024-03-12 00:27:35', '2024-03-12 00:27:35'),
(181, 0, 'SEAT', 'cars-seat', 5, 1, '2024-03-12 00:27:47', '2024-03-12 00:27:47'),
(182, 0, 'Skoda', 'cars-skoda', 5, 1, '2024-03-12 00:27:57', '2024-03-12 00:27:57'),
(183, 0, 'Smart', 'cars-smart', 5, 1, '2024-03-12 00:28:07', '2024-03-12 00:28:07'),
(184, 0, 'Ssang Yong', 'cars-ssang-yong', 5, 1, '2024-03-12 00:28:31', '2024-03-12 00:28:31'),
(185, 0, 'Subaru', 'cars-subaru', 5, 1, '2024-03-12 00:28:43', '2024-03-12 00:28:43'),
(186, 0, 'Suzuki', 'cars-suzuki', 5, 1, '2024-03-12 00:28:58', '2024-03-12 00:28:58'),
(187, 0, 'Tata', 'cars-tata', 5, 1, '2024-03-12 00:29:09', '2024-03-12 00:29:09'),
(188, 0, 'Tesla', 'cars-tesla', 5, 1, '2024-03-12 00:29:19', '2024-03-12 00:29:19'),
(189, 0, 'Toyota', 'cars-toyota', 5, 1, '2024-03-12 00:29:29', '2024-03-12 00:29:29'),
(190, 0, 'Vauxhall', 'cars-vauxhall', 5, 1, '2024-03-12 00:29:43', '2024-03-12 00:29:43'),
(191, 0, 'Volkswagen', 'cars-volkswagen', 5, 1, '2024-03-12 00:30:01', '2024-03-12 00:30:01'),
(192, 0, 'Volvo', 'cars-volvo', 5, 1, '2024-03-12 00:30:13', '2024-03-12 00:30:13'),
(193, 0, 'Zotye', 'cars-zotye', 5, 1, '2024-03-12 00:30:27', '2024-03-12 00:30:27'),
(194, 0, 'Other Brand', 'cars-other-brand', 5, 1, '2024-03-12 00:30:37', '2024-03-12 00:30:37'),
(195, 125, 'Other Model', 'cars-other-model', 5, 1, '2024-03-12 00:33:04', '2024-03-12 00:33:04'),
(196, 126, '100', 'cars-100', 5, 1, '2024-03-12 00:33:54', '2024-03-12 00:33:54'),
(197, 126, '80', 'cars-80', 5, 1, '2024-03-12 00:34:03', '2024-03-12 00:34:03'),
(198, 126, 'A1', 'cars-a1', 5, 1, '2024-03-12 00:34:10', '2024-03-12 00:34:10'),
(199, 126, 'A3', 'cars-a3', 5, 1, '2024-03-12 00:34:17', '2024-03-12 00:34:17'),
(200, 126, 'A4', 'cars-a4', 5, 1, '2024-03-12 00:34:22', '2024-03-12 00:34:22'),
(201, 126, 'A5', 'cars-a5', 5, 1, '2024-03-12 00:34:31', '2024-03-12 00:34:31'),
(202, 126, 'A6', 'cars-a6', 5, 1, '2024-03-12 00:34:38', '2024-03-12 00:34:38'),
(203, 126, 'A7', 'cars-a7', 5, 1, '2024-03-12 00:34:48', '2024-03-12 00:34:48'),
(204, 126, 'A8', 'cars-a8', 5, 1, '2024-03-12 00:34:56', '2024-03-12 00:34:56'),
(205, 126, 'Q1', 'cars-q1', 5, 1, '2024-03-12 00:35:05', '2024-03-12 00:35:05'),
(206, 126, 'Q2', 'cars-q2', 5, 1, '2024-03-12 00:35:13', '2024-03-12 00:35:13'),
(207, 126, 'Q3', 'cars-q3', 5, 1, '2024-03-12 00:35:18', '2024-03-12 00:35:18'),
(208, 126, 'Q5', 'cars-q5', 5, 1, '2024-03-12 00:35:26', '2024-03-12 00:35:26'),
(209, 126, 'Q7', 'cars-q7', 5, 1, '2024-03-12 00:35:31', '2024-03-12 00:35:31'),
(210, 126, 'R8', 'cars-r8', 5, 1, '2024-03-12 00:35:41', '2024-03-12 00:35:41'),
(211, 126, 'RS3', 'cars-rs3', 5, 1, '2024-03-12 00:35:48', '2024-03-12 00:35:48'),
(212, 126, 'RS4', 'cars-rs4', 5, 1, '2024-03-12 00:35:56', '2024-03-12 00:35:56'),
(213, 126, 'RS5', 'cars-rs5', 5, 1, '2024-03-12 00:36:05', '2024-03-12 00:36:05'),
(214, 126, 'RS6', 'cars-rs6', 5, 1, '2024-03-12 00:36:14', '2024-03-12 00:36:14'),
(215, 126, 'S1', 'cars-s1', 5, 1, '2024-03-12 00:36:19', '2024-03-12 00:36:19'),
(216, 126, 'S3', 'cars-s3', 5, 1, '2024-03-12 00:36:28', '2024-03-12 00:36:28'),
(217, 126, 'S4', 'cars-s4', 5, 1, '2024-03-12 00:36:34', '2024-03-12 00:36:34'),
(218, 126, 'S5', 'cars-s5', 5, 1, '2024-03-12 00:36:41', '2024-03-12 00:36:41'),
(219, 126, 'S6', 'cars-s6', 5, 1, '2024-03-12 00:36:51', '2024-03-12 00:36:51'),
(220, 126, 'S7', 'cars-s7', 5, 1, '2024-03-12 00:36:56', '2024-03-12 00:36:56'),
(221, 126, 'S8', 'cars-s8', 5, 1, '2024-03-12 00:38:33', '2024-03-12 00:38:33'),
(222, 126, 'SQ5', 'cars-sq5', 5, 1, '2024-03-12 00:38:40', '2024-03-12 00:38:40'),
(223, 126, 'SQ7', 'cars-sq7', 5, 1, '2024-03-12 00:38:49', '2024-03-12 00:38:49'),
(224, 126, 'TT', 'cars-tt', 5, 1, '2024-03-12 00:38:56', '2024-03-12 00:38:56'),
(225, 126, 'TTS', 'cars-tts', 5, 1, '2024-03-12 00:39:03', '2024-03-12 00:39:03'),
(226, 126, 'V8', 'cars-v8', 5, 1, '2024-03-12 00:39:10', '2024-03-12 00:39:10'),
(227, 126, 'Other Model', 'cars-other-model', 5, 1, '2024-03-12 00:39:22', '2024-03-12 00:39:22'),
(228, 127, '7', 'cars-7', 5, 1, '2024-03-12 00:40:34', '2024-03-12 00:40:34'),
(229, 127, 'Cambridge', 'cars-cambridge', 5, 1, '2024-03-12 00:40:48', '2024-03-12 00:40:48'),
(230, 127, 'Mini Cooper', 'cars-mini-cooper', 5, 1, '2024-03-12 00:41:45', '2024-03-12 00:41:45'),
(231, 127, 'Mini', 'cars-mini', 5, 1, '2024-03-12 00:41:52', '2024-03-12 00:41:52'),
(232, 127, 'Standard', 'cars-standard', 5, 1, '2024-03-12 00:42:03', '2024-03-12 00:42:03'),
(233, 127, 'Other Model', 'cars-other-model', 5, 1, '2024-03-12 00:42:11', '2024-03-12 00:42:11'),
(234, 128, '116i', 'cars-116i', 5, 1, '2024-03-12 00:43:16', '2024-03-12 00:43:16'),
(235, 128, '118d', 'cars-118d', 5, 1, '2024-03-12 00:43:27', '2024-03-12 00:43:27'),
(236, 128, '118i', 'cars-118i', 5, 1, '2024-03-12 00:43:35', '2024-03-12 00:43:35'),
(237, 128, '120d', 'cars-120d', 5, 1, '2024-03-12 00:43:43', '2024-03-12 00:43:43'),
(238, 128, '120i', 'cars-120i', 5, 1, '2024-03-12 00:43:50', '2024-03-12 00:43:50'),
(239, 128, '123d', 'cars-123d', 5, 1, '2024-03-12 00:43:59', '2024-03-12 00:43:59'),
(240, 128, '125i', 'cars-125i', 5, 1, '2024-03-12 00:44:07', '2024-03-12 00:44:07'),
(241, 128, '130i', 'cars-130i', 5, 1, '2024-03-12 00:44:17', '2024-03-12 00:44:17'),
(242, 128, '135i', 'cars-135i', 5, 1, '2024-03-12 00:44:26', '2024-03-12 00:44:26'),
(243, 128, '218d', 'cars-218d', 5, 1, '2024-03-12 00:44:34', '2024-03-12 00:44:34'),
(244, 128, '218i', 'cars-218i', 5, 1, '2024-03-12 00:44:45', '2024-03-12 00:44:45'),
(245, 128, '220d', 'cars-220d', 5, 1, '2024-03-12 00:44:53', '2024-03-12 00:44:53'),
(246, 128, '220i', 'cars-220i', 5, 1, '2024-03-12 00:45:01', '2024-03-12 00:45:01'),
(247, 128, '225XE', 'cars-225xe', 5, 1, '2024-03-12 00:45:10', '2024-03-12 00:45:10'),
(248, 128, '225i', 'cars-225i', 5, 1, '2024-03-12 00:45:16', '2024-03-12 00:45:16'),
(249, 128, '228i', 'cars-228i', 5, 1, '2024-03-12 00:45:24', '2024-03-12 00:45:24'),
(250, 128, '230i', 'cars-230i', 5, 1, '2024-03-12 00:45:31', '2024-03-12 00:45:31'),
(251, 128, '252i', 'cars-252i', 5, 1, '2024-03-12 00:45:40', '2024-03-12 00:45:40'),
(252, 128, '316i', 'cars-316i', 5, 1, '2024-03-12 00:45:56', '2024-03-12 00:45:56'),
(253, 128, '316ti', 'cars-316ti', 5, 1, '2024-03-12 00:46:06', '2024-03-12 00:46:06'),
(254, 128, '318d', 'cars-318d', 5, 1, '2024-03-12 00:46:14', '2024-03-12 00:46:14'),
(255, 128, '318i', 'cars-318i', 5, 1, '2024-03-12 00:46:23', '2024-03-12 00:46:23'),
(256, 128, '318is', 'cars-318is', 5, 1, '2024-03-12 00:46:36', '2024-03-12 00:46:36'),
(257, 128, '318ti', 'cars-318ti', 5, 1, '2024-03-12 00:46:45', '2024-03-12 00:46:45'),
(258, 128, '320Ci', 'cars-320ci', 5, 1, '2024-03-12 00:46:55', '2024-03-12 00:46:55'),
(259, 128, '320d', 'cars-320d', 5, 1, '2024-03-12 00:47:01', '2024-03-12 00:47:01'),
(260, 128, '320i', 'cars-320i', 5, 1, '2024-03-12 00:47:13', '2024-03-12 00:47:13'),
(261, 128, '323Ci', 'cars-323ci', 5, 1, '2024-03-12 00:47:29', '2024-03-12 00:47:29'),
(262, 128, '323i', 'cars-323i', 5, 1, '2024-03-12 00:47:38', '2024-03-12 00:47:38'),
(263, 128, '325Ci', 'cars-325ci', 5, 1, '2024-03-12 00:47:49', '2024-03-12 00:47:49'),
(264, 128, '325d', 'cars-325d', 5, 1, '2024-03-12 00:47:59', '2024-03-12 00:47:59'),
(265, 128, '325e', 'cars-325e', 5, 1, '2024-03-12 00:48:07', '2024-03-12 00:48:07'),
(266, 128, '325i', 'cars-325i', 5, 1, '2024-03-12 00:48:17', '2024-03-12 00:48:17'),
(267, 128, '328Ci', 'cars-328ci', 5, 1, '2024-03-12 00:48:27', '2024-03-12 00:48:27'),
(268, 128, '328d', 'cars-328d', 5, 1, '2024-03-12 00:48:34', '2024-03-12 00:48:34'),
(269, 128, '328i', 'cars-328i', 5, 1, '2024-03-12 00:48:49', '2024-03-12 00:48:49'),
(270, 128, '330GT', 'cars-330gt', 5, 1, '2024-03-12 00:48:57', '2024-03-12 00:48:57'),
(271, 128, '330Ci', 'cars-330ci', 5, 1, '2024-03-12 00:49:06', '2024-03-12 00:49:06'),
(272, 128, '330d', 'cars-330d', 5, 1, '2024-03-12 00:49:15', '2024-03-12 00:49:15'),
(273, 128, '330e', 'cars-330e', 5, 1, '2024-03-12 00:49:21', '2024-03-12 00:49:21'),
(274, 128, '330i', 'cars-330i', 5, 1, '2024-03-12 00:49:31', '2024-03-12 00:49:31'),
(275, 128, '335GT', 'cars-335gt', 5, 1, '2024-03-12 00:49:41', '2024-03-12 00:49:41'),
(276, 128, '335D', 'cars-335d', 5, 1, '2024-03-12 00:49:56', '2024-03-12 00:49:56'),
(277, 128, '335i', 'cars-335i', 5, 1, '2024-03-12 00:50:10', '2024-03-12 00:50:10'),
(278, 128, '340GT', 'cars-340gt', 5, 1, '2024-03-12 00:50:21', '2024-03-12 00:50:21'),
(279, 128, '340i', 'cars-340i', 5, 1, '2024-03-12 00:50:32', '2024-03-12 00:50:32'),
(280, 128, '420d', 'cars-420d', 5, 1, '2024-03-12 00:50:43', '2024-03-12 00:50:43'),
(281, 128, '420i', 'cars-420i', 5, 1, '2024-03-12 00:50:56', '2024-03-12 00:50:56'),
(282, 128, '428 Gran Coupe', 'cars-428-gran-coupe', 5, 1, '2024-03-12 00:51:16', '2024-03-12 00:51:16'),
(283, 128, '428i', 'cars-428i', 5, 1, '2024-03-12 00:51:32', '2024-03-12 00:51:32'),
(284, 128, '430i', 'cars-430i', 5, 1, '2024-03-12 00:51:50', '2024-03-12 00:51:50'),
(285, 128, '435i', 'cars-435i', 5, 1, '2024-03-12 00:52:07', '2024-03-12 00:52:07'),
(286, 128, '440 Gran Coupe', 'cars-440-gran-coupe', 5, 1, '2024-03-12 00:52:24', '2024-03-12 00:52:24'),
(287, 128, '440i', 'cars-440i', 5, 1, '2024-03-12 00:52:34', '2024-03-12 00:52:34'),
(288, 128, '520d', 'cars-520d', 5, 1, '2024-03-12 00:52:42', '2024-03-12 00:52:42'),
(289, 128, '520i', 'cars-520i', 5, 1, '2024-03-12 00:52:50', '2024-03-12 00:52:50'),
(290, 128, '523i', 'cars-523i', 5, 1, '2024-03-12 00:52:58', '2024-03-12 00:52:58'),
(291, 128, '525e', 'cars-525e', 5, 1, '2024-03-12 00:53:06', '2024-03-12 00:53:06'),
(292, 128, '525i', 'cars-525i', 5, 1, '2024-03-12 00:53:20', '2024-03-12 00:53:20'),
(293, 128, '528i', 'cars-528i', 5, 1, '2024-03-12 00:53:30', '2024-03-12 00:53:30'),
(294, 128, '530d', 'cars-530d', 5, 1, '2024-03-12 00:53:42', '2024-03-12 00:53:42'),
(295, 128, '530i', 'cars-530i', 5, 1, '2024-03-12 00:53:50', '2024-03-12 00:53:50'),
(296, 128, '535GT', 'cars-535gt', 5, 1, '2024-03-12 00:54:02', '2024-03-12 00:54:02'),
(297, 128, '535d', 'cars-535d', 5, 1, '2024-03-12 00:54:13', '2024-03-12 00:54:13'),
(298, 128, '535i', 'cars-535i', 5, 1, '2024-03-12 00:54:25', '2024-03-12 00:54:25'),
(299, 128, '540d', 'cars-540d', 5, 1, '2024-03-12 00:54:35', '2024-03-12 00:54:35'),
(300, 128, '540i', 'cars-540i', 5, 1, '2024-03-12 00:54:41', '2024-03-12 00:54:41'),
(301, 128, '545i', 'cars-545i', 5, 1, '2024-03-12 00:54:59', '2024-03-12 00:54:59'),
(302, 128, '550 GT', 'cars-550-gt', 5, 1, '2024-03-12 00:55:08', '2024-03-12 00:55:08'),
(303, 128, '550i', 'cars-550i', 5, 1, '2024-03-12 00:55:19', '2024-03-12 00:55:19'),
(304, 128, '630i', 'cars-630i', 5, 1, '2024-03-12 00:55:26', '2024-03-12 00:55:26'),
(305, 128, '633CSi', 'cars-633csi', 5, 1, '2024-03-12 00:55:47', '2024-03-12 00:55:47'),
(306, 128, '635CSi', 'cars-635csi', 5, 1, '2024-03-12 00:56:02', '2024-03-12 00:56:02'),
(307, 128, '635d', 'cars-635d', 5, 0, '2024-03-12 00:56:10', '2024-03-12 00:56:10'),
(308, 128, '640 GT', 'cars-640-gt', 5, 1, '2024-03-12 00:56:28', '2024-03-12 00:56:28'),
(309, 128, '640 Gran Coupe', 'cars-640-gran-coupe', 5, 1, '2024-03-12 00:56:47', '2024-03-12 00:56:47'),
(310, 128, '640d', 'cars-640d', 5, 1, '2024-03-12 00:56:56', '2024-03-12 00:56:56'),
(311, 128, '640i', 'cars-640i', 5, 1, '2024-03-12 00:57:08', '2024-03-12 00:57:08'),
(312, 128, '645ci', 'cars-645ci', 5, 1, '2024-03-12 00:57:25', '2024-03-12 00:57:25'),
(313, 128, '650 Gran Coupe', 'cars-650-gran-coupe', 5, 1, '2024-03-12 00:57:50', '2024-03-12 00:57:50'),
(314, 128, '650i', 'cars-650i', 5, 1, '2024-03-12 00:57:57', '2024-03-12 00:57:57'),
(315, 128, '730d', 'cars-730d', 5, 1, '2024-03-12 00:58:05', '2024-03-12 00:58:05'),
(316, 128, '730iL', 'cars-730il', 5, 1, '2024-03-12 00:58:25', '2024-03-12 00:58:25'),
(317, 128, '730Ld', 'cars-730ld', 5, 1, '2024-03-12 00:58:35', '2024-03-12 00:58:35'),
(318, 128, '733i', 'cars-733i', 5, 1, '2024-03-12 00:58:49', '2024-03-12 00:58:49'),
(319, 128, '735Li', 'cars-735li', 5, 1, '2024-03-12 00:59:01', '2024-03-12 00:59:01'),
(320, 128, '735i', 'cars-735i', 5, 1, '2024-03-12 00:59:12', '2024-03-12 00:59:12'),
(321, 128, '735iL', 'cars-735il', 5, 1, '2024-03-12 00:59:24', '2024-03-12 00:59:24'),
(322, 128, '740Le', 'cars-740le', 5, 1, '2024-03-12 00:59:36', '2024-03-12 00:59:36'),
(323, 128, '740Li', 'cars-740li', 5, 1, '2024-03-12 00:59:47', '2024-03-12 00:59:47'),
(324, 128, '740d', 'cars-740d', 5, 1, '2024-03-12 00:59:55', '2024-03-12 00:59:55'),
(325, 128, '740e', 'cars-740e', 5, 1, '2024-03-12 01:00:02', '2024-03-12 01:00:02'),
(326, 128, '740i', 'cars-740i', 5, 1, '2024-03-12 01:00:17', '2024-03-12 01:00:17'),
(327, 128, '740iL', 'cars-740il', 5, 1, '2024-03-12 01:00:29', '2024-03-12 01:00:29'),
(328, 128, '740Li', 'cars-740li', 5, 1, '2024-03-12 01:00:41', '2024-03-12 01:00:41'),
(329, 128, '745Li', 'cars-745li', 5, 1, '2024-03-12 01:00:59', '2024-03-12 01:00:59'),
(330, 128, '745i', 'cars-745i', 5, 1, '2024-03-12 01:01:10', '2024-03-12 01:01:10'),
(331, 128, '750Ld', 'cars-750ld', 5, 1, '2024-03-12 01:01:20', '2024-03-12 01:01:20'),
(332, 128, '750iL', 'cars-750il', 5, 1, '2024-03-12 01:01:56', '2024-03-12 01:01:56'),
(333, 128, '750Li', 'cars-750li', 5, 1, '2024-03-12 01:02:06', '2024-03-12 01:02:06'),
(334, 128, '750i', 'cars-750i', 5, 1, '2024-03-12 01:02:14', '2024-03-12 01:02:14'),
(335, 128, '840Ci', 'cars-840ci', 5, 1, '2024-03-12 01:02:29', '2024-03-12 01:02:29'),
(336, 128, '850i', 'cars-850i', 5, 1, '2024-03-12 01:02:40', '2024-03-12 01:02:40'),
(337, 128, 'ActiveHybrid 3', 'cars-activehybrid-3', 5, 1, '2024-03-12 01:03:17', '2024-03-12 01:03:17'),
(338, 128, 'ActiveHybrid 5', 'cars-activehybrid-5', 5, 1, '2024-03-12 01:03:23', '2024-03-12 01:03:23'),
(339, 128, 'ActiveHybrid 7', 'cars-activehybrid-7', 5, 1, '2024-03-12 01:03:31', '2024-03-12 01:03:31'),
(340, 128, 'ActiveHybrid 740', 'cars-activehybrid-740', 5, 1, '2024-03-12 01:03:42', '2024-03-12 01:03:42'),
(341, 128, 'ActiveHybrid 750', 'cars-activehybrid-750', 5, 1, '2024-03-12 01:03:50', '2024-03-12 01:03:50'),
(342, 128, 'ActiveHybrid X6', 'cars-activehybrid-x6', 5, 1, '2024-03-12 01:04:01', '2024-03-12 01:04:01'),
(343, 128, 'Alpina B6', 'cars-alpina-b6', 5, 1, '2024-03-12 01:04:18', '2024-03-12 01:04:18'),
(344, 128, 'Alpina B7', 'cars-alpina-b7', 5, 1, '2024-03-12 01:04:24', '2024-03-12 01:04:24'),
(345, 128, 'Coupe', 'cars-coupe', 5, 1, '2024-03-12 01:04:35', '2024-03-12 01:04:35'),
(346, 128, 'E46', 'cars-e46', 5, 1, '2024-03-12 01:04:42', '2024-03-12 01:04:42'),
(347, 128, 'E60', 'cars-e60', 5, 1, '2024-03-12 01:04:51', '2024-03-12 01:04:51'),
(348, 128, 'E90', 'cars-e90', 5, 1, '2024-03-12 01:05:00', '2024-03-12 01:05:00'),
(349, 128, 'GT', 'cars-gt', 5, 1, '2024-03-12 01:05:08', '2024-03-12 01:05:08'),
(350, 128, 'L7', 'cars-l7', 5, 1, '2024-03-12 01:05:15', '2024-03-12 01:05:15'),
(351, 128, 'M', 'cars-m', 5, 1, '2024-03-12 01:05:21', '2024-03-12 01:05:21'),
(352, 128, 'M135i', 'cars-m135i', 5, 1, '2024-03-12 01:05:33', '2024-03-12 01:05:33'),
(353, 128, 'M140i', 'cars-m140i', 5, 1, '2024-03-12 01:05:41', '2024-03-12 01:05:41'),
(354, 128, 'M2', 'cars-m2', 5, 1, '2024-03-12 01:05:46', '2024-03-12 01:05:46'),
(355, 128, 'M235', 'cars-m235', 5, 1, '2024-03-12 01:05:56', '2024-03-12 01:05:56'),
(356, 128, 'M235i', 'cars-m235i', 5, 1, '2024-03-12 01:06:07', '2024-03-12 01:06:07'),
(357, 128, 'M240', 'cars-m240', 5, 1, '2024-03-12 01:06:15', '2024-03-12 01:06:15'),
(358, 128, 'M240i', 'cars-m240i', 5, 1, '2024-03-12 01:06:23', '2024-03-12 01:06:23'),
(359, 128, 'M3', 'cars-m3', 5, 1, '2024-03-12 01:06:30', '2024-03-12 01:06:30'),
(360, 128, 'M4', 'cars-m4', 5, 1, '2024-03-12 01:06:38', '2024-03-12 01:06:38'),
(361, 128, 'M5', 'cars-m5', 5, 1, '2024-03-12 01:06:44', '2024-03-12 01:06:44'),
(362, 128, 'M535i', 'cars-m535i', 5, 1, '2024-03-12 01:06:56', '2024-03-12 01:06:56'),
(363, 128, 'M550', 'cars-m550', 5, 1, '2024-03-12 01:07:03', '2024-03-12 01:07:03'),
(364, 128, 'M6', 'cars-m6', 5, 1, '2024-03-12 01:07:10', '2024-03-12 01:07:10'),
(365, 128, 'M6 Gran Coupe', 'cars-m6-gran-coupe', 5, 1, '2024-03-12 01:07:23', '2024-03-12 01:07:23'),
(366, 128, 'M635CSi', 'cars-m635csi', 5, 1, '2024-03-12 01:07:37', '2024-03-12 01:07:37'),
(367, 128, 'M760', 'cars-m760', 5, 1, '2024-03-12 01:07:47', '2024-03-12 01:07:47'),
(368, 128, 'M760Li', 'cars-m760li', 5, 1, '2024-03-12 01:07:56', '2024-03-12 01:07:56'),
(369, 128, 'Mini Cooper', 'cars-mini-cooper', 5, 1, '2024-03-12 01:08:09', '2024-03-12 01:08:09'),
(370, 128, 'Model', 'cars-model', 5, 1, '2024-03-12 01:08:24', '2024-03-12 01:08:24'),
(371, 128, 'X1', 'cars-x1', 5, 1, '2024-03-12 01:08:30', '2024-03-12 01:08:30'),
(372, 128, 'X2', 'cars-x2', 5, 1, '2024-03-12 01:08:35', '2024-03-12 01:08:35'),
(373, 128, 'X3', 'cars-x3', 5, 1, '2024-03-12 01:08:45', '2024-03-12 01:08:45'),
(374, 128, 'X4', 'cars-x4', 5, 1, '2024-03-12 01:08:53', '2024-03-12 01:08:53'),
(375, 128, 'X5', 'cars-x5', 5, 1, '2024-03-12 01:09:04', '2024-03-12 01:09:04'),
(376, 128, 'X5 M', 'cars-x5-m', 5, 1, '2024-03-12 01:09:12', '2024-03-12 01:09:12'),
(377, 128, 'X5 eDrive', 'cars-x5-edrive', 5, 1, '2024-03-12 01:09:35', '2024-03-12 01:09:35'),
(378, 128, 'X6', 'cars-x6', 5, 1, '2024-03-12 01:09:45', '2024-03-12 01:09:45'),
(379, 128, 'X6 M', 'cars-x6-m', 5, 1, '2024-03-12 01:09:55', '2024-03-12 01:09:55'),
(380, 128, 'X7', 'cars-x7', 5, 1, '2024-03-12 01:10:08', '2024-03-12 01:10:08'),
(381, 128, 'Z3', 'cars-z3', 5, 1, '2024-03-12 01:10:16', '2024-03-12 01:10:16'),
(382, 128, 'Z4', 'cars-z4', 5, 1, '2024-03-12 01:10:24', '2024-03-12 01:10:24'),
(383, 128, 'Z4 M', 'cars-z4-m', 5, 1, '2024-03-12 01:10:33', '2024-03-12 01:10:33'),
(384, 128, 'Z8', 'cars-z8', 5, 1, '2024-03-12 01:10:43', '2024-03-12 01:10:43'),
(385, 128, 'i3', 'cars-i3', 5, 1, '2024-03-12 01:10:51', '2024-03-12 01:10:51'),
(386, 128, 'i5', 'cars-i5', 5, 1, '2024-03-12 01:10:57', '2024-03-12 01:10:57'),
(387, 128, 'i5', 'cars-i5', 5, 1, '2024-03-12 01:10:57', '2024-03-12 01:10:57'),
(388, 128, 'i8', 'cars-i8', 5, 1, '2024-03-12 01:11:04', '2024-03-12 01:11:04'),
(389, 128, 'Other model', 'cars-other-model', 5, 1, '2024-03-12 01:11:12', '2024-03-12 01:11:12'),
(390, 129, 'Other Model', 'cars-other-model', 5, 1, '2024-03-12 01:11:55', '2024-03-12 01:11:55'),
(391, 130, 'Other Model', 'cars-other-model', 5, 1, '2024-03-12 01:12:49', '2024-03-12 01:12:49'),
(392, 130, 'Other Model', 'cars-other-model', 5, 1, '2024-03-12 01:12:49', '2024-03-12 01:12:49'),
(393, 131, 'Other Model', 'cars-other-model', 5, 1, '2024-03-12 01:13:36', '2024-03-12 01:13:36'),
(394, 132, 'A3', 'cars-a3', 5, 1, '2024-03-12 01:14:04', '2024-03-12 01:14:04'),
(395, 132, 'Arrizo', 'cars-arrizo', 5, 1, '2024-03-12 01:14:13', '2024-03-12 01:14:13'),
(396, 132, 'E3', 'cars-e3', 5, 1, '2024-03-12 01:14:18', '2024-03-12 01:14:18'),
(397, 132, 'E5', 'cars-e5', 5, 1, '2024-03-12 01:14:23', '2024-03-12 01:14:23'),
(398, 132, 'Fulwin', 'cars-fulwin', 5, 1, '2024-03-12 01:14:33', '2024-03-12 01:14:33'),
(399, 132, 'QQ', 'cars-qq', 5, 1, '2024-03-12 01:14:38', '2024-03-12 01:14:38'),
(400, 132, 'QQ3', 'cars-qq3', 5, 1, '2024-03-12 01:14:45', '2024-03-12 01:14:45'),
(401, 132, 'Tiggo', 'cars-tiggo', 5, 1, '2024-03-12 01:14:56', '2024-03-12 01:14:56'),
(402, 132, 'X1', 'cars-x1', 5, 1, '2024-03-12 01:15:03', '2024-03-12 01:15:03'),
(403, 132, 'eQ', 'cars-eq', 5, 1, '2024-03-12 01:15:11', '2024-03-12 01:15:11'),
(404, 132, 'Other Model', 'cars-other-model', 5, 1, '2024-03-12 01:15:19', '2024-03-12 01:15:19'),
(405, 133, 'Aveo', 'cars-aveo', 5, 1, '2024-03-12 01:16:04', '2024-03-12 01:16:04'),
(406, 133, 'Beat', 'cars-beat', 5, 1, '2024-03-12 01:16:12', '2024-03-12 01:16:12'),
(407, 133, 'Bolt', 'cars-bolt', 5, 1, '2024-03-12 01:16:21', '2024-03-12 01:16:21'),
(408, 133, 'Camaro', 'cars-camaro', 5, 1, '2024-03-12 01:16:29', '2024-03-12 01:16:29'),
(409, 133, 'Captive', 'cars-captive', 5, 1, '2024-03-12 01:16:41', '2024-03-12 01:16:41'),
(410, 133, 'Colorado', 'cars-colorado', 5, 1, '2024-03-12 01:16:54', '2024-03-12 01:16:54'),
(411, 133, 'Corvette', 'cars-corvette', 5, 1, '2024-03-12 01:17:08', '2024-03-12 01:17:08'),
(412, 133, 'Cruze', 'cars-cruze', 5, 1, '2024-03-12 01:17:22', '2024-03-12 01:17:22'),
(413, 133, 'Malibu', 'cars-malibu', 5, 1, '2024-03-12 01:17:35', '2024-03-12 01:17:35'),
(414, 133, 'Silverdo', 'cars-silverdo', 5, 1, '2024-03-12 01:17:51', '2024-03-12 01:17:51'),
(415, 133, 'Sonic', 'cars-sonic', 5, 1, '2024-03-12 01:18:00', '2024-03-12 01:18:00'),
(416, 133, 'Spark', 'cars-spark', 5, 1, '2024-03-12 01:18:09', '2024-03-12 01:18:09'),
(417, 133, 'Ot', 'cars-ot', 5, 0, '2024-03-12 01:18:15', '2024-03-12 01:18:15'),
(418, 133, 'Other Model', 'cars-other-model', 5, 1, '2024-03-12 01:18:23', '2024-03-12 01:18:23'),
(419, 134, '200', 'cars-200', 5, 1, '2024-03-12 01:19:01', '2024-03-12 01:19:01'),
(420, 134, '300', 'cars-300', 5, 1, '2024-03-12 01:19:06', '2024-03-12 01:19:06'),
(421, 135, 'Other Model', 'cars-other-model', 5, 1, '2024-03-12 01:19:48', '2024-03-12 01:19:48'),
(422, 136, 'Espero', 'cars-espero', 5, 1, '2024-03-12 01:20:30', '2024-03-12 01:20:30'),
(423, 136, 'Lanos', 'cars-lanos', 5, 1, '2024-03-12 01:20:44', '2024-03-12 01:20:44'),
(424, 136, 'Leganza', 'cars-leganza', 5, 1, '2024-03-12 01:20:56', '2024-03-12 01:20:56'),
(425, 136, 'Magnus', 'cars-magnus', 5, 1, '2024-03-12 01:21:06', '2024-03-12 01:21:06'),
(426, 136, 'Nubira', 'cars-nubira', 5, 1, '2024-03-12 01:21:17', '2024-03-12 01:21:17'),
(427, 136, 'Tacuma', 'cars-tacuma', 5, 1, '2024-03-12 01:21:34', '2024-03-12 01:21:34'),
(428, 136, 'Tico', 'cars-tico', 5, 1, '2024-03-12 01:21:42', '2024-03-12 01:21:42'),
(429, 136, 'Tosca', 'cars-tosca', 5, 1, '2024-03-12 01:21:54', '2024-03-12 01:21:54'),
(430, 136, 'Other Model', 'cars-other-model', 5, 1, '2024-03-12 01:22:02', '2024-03-12 01:22:02'),
(431, 137, 'Altis', 'cars-altis', 5, 1, '2024-03-12 01:23:34', '2024-03-12 01:23:34'),
(432, 137, 'Atrai Wagon', 'cars-atrai-wagon', 5, 1, '2024-03-12 01:23:50', '2024-03-12 01:23:50'),
(433, 137, 'Atrai Wagon', 'cars-atrai-wagon', 5, 1, '2024-03-12 01:23:50', '2024-03-12 01:23:50'),
(434, 137, 'Boon', 'cars-boon', 5, 1, '2024-03-12 01:24:00', '2024-03-12 01:24:00'),
(435, 137, 'Canbus', 'cars-canbus', 5, 1, '2024-03-12 01:24:11', '2024-03-12 01:24:11'),
(436, 137, 'Cast Active', 'cars-cast-active', 5, 1, '2024-03-12 01:24:24', '2024-03-12 01:24:24'),
(437, 137, 'Charade', 'cars-charade', 5, 1, '2024-03-12 01:24:37', '2024-03-12 01:24:37'),
(438, 137, 'Charmant', 'cars-charmant', 5, 1, '2024-03-12 01:24:47', '2024-03-12 01:24:47'),
(439, 137, 'Copen', 'cars-copen', 5, 1, '2024-03-12 01:24:56', '2024-03-12 01:24:56'),
(440, 137, 'Cuore', 'cars-cuore', 5, 1, '2024-03-12 01:25:07', '2024-03-12 01:25:07'),
(441, 137, 'Esse', 'cars-esse', 5, 1, '2024-03-12 01:25:17', '2024-03-12 01:25:17'),
(442, 137, 'F50', 'cars-f50', 5, 1, '2024-03-12 01:25:24', '2024-03-12 01:25:24'),
(443, 137, 'Hijet', 'cars-hijet', 5, 1, '2024-03-12 01:25:34', '2024-03-12 01:25:34'),
(444, 137, 'Leeza', 'cars-leeza', 5, 1, '2024-03-12 01:25:43', '2024-03-12 01:25:43'),
(445, 137, 'Mebius', 'cars-mebius', 5, 1, '2024-03-12 01:25:58', '2024-03-12 01:25:58'),
(446, 137, 'Mira', 'cars-mira', 5, 1, '2024-03-12 01:26:06', '2024-03-12 01:26:06'),
(447, 137, 'Move', 'cars-move', 5, 1, '2024-03-12 01:26:13', '2024-03-12 01:26:13'),
(448, 137, 'Redigo', 'cars-redigo', 5, 1, '2024-03-12 01:26:25', '2024-03-12 01:26:25'),
(449, 137, 'Rocky', 'cars-rocky', 5, 1, '2024-03-12 01:26:38', '2024-03-12 01:26:38'),
(450, 137, 'Tanto', 'cars-tanto', 5, 1, '2024-03-12 01:26:47', '2024-03-12 01:26:47'),
(451, 137, 'Terios', 'cars-terios', 5, 1, '2024-03-12 01:27:03', '2024-03-12 01:27:03'),
(452, 137, 'Thor', 'cars-thor', 5, 1, '2024-03-12 01:27:10', '2024-03-12 01:27:10'),
(453, 137, 'Wake', 'cars-wake', 5, 1, '2024-03-12 01:27:17', '2024-03-12 01:27:17'),
(454, 137, 'Other model', 'cars-other-model', 5, 1, '2024-03-12 01:27:23', '2024-03-12 01:27:23'),
(455, 138, 'Cross', 'cars-cross', 5, 1, '2024-03-12 01:28:16', '2024-03-12 01:28:16'),
(456, 138, 'Go', 'cars-go', 5, 1, '2024-03-12 01:28:25', '2024-03-12 01:28:25'),
(457, 138, 'Go plus', 'cars-go-plus', 5, 1, '2024-03-12 01:28:39', '2024-03-12 01:28:39'),
(458, 0, 'Mi Do', 'mobile-phones-mi-do', 2, 1, '2024-03-12 01:28:58', '2024-03-12 01:28:58'),
(459, 0, 'on Do', 'mobile-phones-on-do', 2, 1, '2024-03-12 01:29:06', '2024-03-12 01:29:06'),
(460, 0, 'Redi Go', 'mobile-phones-redi-go', 2, 1, '2024-03-12 01:29:17', '2024-03-12 01:29:17'),
(461, 0, 'Terios', 'mobile-phones-terios', 2, 1, '2024-03-12 01:29:28', '2024-03-12 01:29:28'),
(462, 139, 'Glory', 'cars-glory', 5, 1, '2024-03-12 01:30:20', '2024-03-12 01:30:20'),
(463, 139, 'V27', 'cars-v27', 5, 1, '2024-03-12 01:30:26', '2024-03-12 01:30:26'),
(464, 141, 'Other model', 'cars-other-model', 5, 1, '2024-03-12 01:31:39', '2024-03-12 01:31:39'),
(465, 140, 'Other Model', 'cars-other-model', 5, 1, '2024-03-12 01:32:41', '2024-03-12 01:32:41'),
(466, 141, '1100', 'cars-1100', 5, 1, '2024-03-12 01:34:50', '2024-03-12 01:34:50'),
(467, 141, '500', 'cars-500', 5, 1, '2024-03-12 01:34:58', '2024-03-12 01:34:58'),
(468, 141, 'Bravo', 'cars-bravo', 5, 1, '2024-03-12 01:35:09', '2024-03-12 01:35:09'),
(469, 141, 'Fullback', 'cars-fullback', 5, 1, '2024-03-12 01:35:17', '2024-03-12 01:35:17'),
(470, 141, 'Linea', 'cars-linea', 5, 1, '2024-03-12 01:35:25', '2024-03-12 01:35:25'),
(471, 141, 'Palio', 'cars-palio', 5, 1, '2024-03-12 01:35:34', '2024-03-12 01:35:34'),
(472, 141, 'Palio', 'cars-palio', 5, 1, '2024-03-12 01:35:35', '2024-03-12 01:35:35'),
(473, 141, 'Panda', 'cars-panda', 5, 1, '2024-03-12 01:35:43', '2024-03-12 01:35:43'),
(474, 141, 'Punto', 'cars-punto', 5, 1, '2024-03-12 01:35:51', '2024-03-12 01:35:51'),
(475, 141, 'Sedici', 'cars-sedici', 5, 1, '2024-03-12 01:35:59', '2024-03-12 01:35:59'),
(476, 141, 'Tipo', 'cars-tipo', 5, 1, '2024-03-12 01:36:07', '2024-03-12 01:36:07'),
(477, 141, 'Uno', 'cars-uno', 5, 1, '2024-03-12 01:36:15', '2024-03-12 01:36:15'),
(478, 142, 'CMax', 'cars-cmax', 5, 1, '2024-03-12 01:37:09', '2024-03-12 01:37:09'),
(479, 142, 'Ecosport', 'cars-ecosport', 5, 1, '2024-03-12 01:37:21', '2024-03-12 01:37:21'),
(480, 142, 'Edge', 'cars-edge', 5, 1, '2024-03-12 01:37:29', '2024-03-12 01:37:29'),
(481, 142, 'eEscape', 'cars-eescape', 5, 1, '2024-03-12 01:37:40', '2024-03-12 01:37:40'),
(482, 142, 'Everest', 'cars-everest', 5, 1, '2024-03-12 01:37:49', '2024-03-12 01:37:49'),
(483, 142, 'Everest', 'cars-everest', 5, 1, '2024-03-12 01:37:49', '2024-03-12 01:37:49'),
(484, 142, 'Expendition', 'cars-expendition', 5, 1, '2024-03-12 01:38:07', '2024-03-12 01:38:07'),
(485, 142, 'Explorer', 'cars-explorer', 5, 1, '2024-03-12 01:38:18', '2024-03-12 01:38:18'),
(486, 142, 'F150', 'cars-f150', 5, 1, '2024-03-12 01:40:02', '2024-03-12 01:40:02'),
(487, 142, 'Festiva', 'cars-festiva', 5, 1, '2024-03-12 01:40:12', '2024-03-12 01:40:12'),
(488, 142, 'Fiesta', 'cars-fiesta', 5, 1, '2024-03-12 01:40:23', '2024-03-12 01:40:23'),
(489, 142, 'Flex', 'cars-flex', 5, 1, '2024-03-12 01:40:31', '2024-03-12 01:40:31'),
(490, 142, 'Focus', 'cars-focus', 5, 1, '2024-03-12 01:40:42', '2024-03-12 01:40:42'),
(491, 142, 'Fusion', 'cars-fusion', 5, 1, '2024-03-12 01:40:54', '2024-03-12 01:40:54'),
(492, 142, 'GT', 'cars-gt', 5, 1, '2024-03-12 01:41:01', '2024-03-12 01:41:01'),
(493, 142, 'Ka+', 'cars-ka-', 5, 1, '2024-03-12 01:41:08', '2024-03-12 01:41:08'),
(494, 142, 'Kuga', 'cars-kuga', 5, 1, '2024-03-12 01:41:18', '2024-03-12 01:41:18'),
(495, 142, 'Laser', 'cars-laser', 5, 1, '2024-03-12 01:41:29', '2024-03-12 01:41:29'),
(496, 142, 'Mondeo', 'cars-mondeo', 5, 1, '2024-03-12 01:41:40', '2024-03-12 01:41:40'),
(497, 142, 'Mustang', 'cars-mustang', 5, 1, '2024-03-12 01:41:51', '2024-03-12 01:41:51'),
(498, 142, 'Ranger', 'cars-ranger', 5, 1, '2024-03-12 01:42:00', '2024-03-12 01:42:00'),
(499, 142, 'Raptor Ranger', 'cars-raptor-ranger', 5, 1, '2024-03-12 01:42:21', '2024-03-12 01:42:21'),
(500, 142, 'Super Duty', 'cars-super-duty', 5, 1, '2024-03-12 01:42:35', '2024-03-12 01:42:35'),
(501, 142, 'Taurus', 'cars-taurus', 5, 1, '2024-03-12 01:42:49', '2024-03-12 01:42:49'),
(502, 142, 'Transit', 'cars-transit', 5, 1, '2024-03-12 01:43:06', '2024-03-12 01:43:06'),
(503, 142, 'Transit', 'cars-transit', 5, 1, '2024-03-12 01:43:06', '2024-03-12 01:43:06'),
(504, 142, 'Other Model', 'cars-other-model', 5, 1, '2024-03-12 01:43:15', '2024-03-12 01:43:15'),
(505, 0, 'BMW', 'motorbikes-bmw', 6, 1, '2024-03-12 02:14:08', '2024-03-12 02:14:08'),
(506, 505, 'C600 Sport', 'motorbikes-c600-sport', 6, 1, '2024-03-12 02:15:33', '2024-03-12 02:15:33'),
(507, 0, 'Aprilia', 'motorbikes-aprilia', 6, 1, '2024-03-12 04:15:43', '2024-03-12 04:15:43'),
(508, 0, 'Bajaj', 'motorbikes-bajaj', 6, 1, '2024-03-12 04:15:55', '2024-03-12 04:15:55'),
(509, 0, 'Chopper', 'motorbikes-chopper', 6, 1, '2024-03-12 04:16:11', '2024-03-12 04:16:11'),
(510, 0, 'Demak', 'motorbikes-demak', 6, 1, '2024-03-12 04:16:25', '2024-03-12 04:16:25'),
(511, 0, 'Ducati', 'three-wheelers-ducati', 7, 1, '2024-03-12 04:16:53', '2024-03-12 04:16:53'),
(512, 0, 'Ducati', 'motorbikes-ducati', 6, 1, '2024-03-12 04:18:36', '2024-03-12 04:18:36'),
(513, 0, 'Dyno', 'cars-dyno', 5, 1, '2024-03-12 04:18:57', '2024-03-12 04:18:57'),
(514, 0, 'Electra', 'motorbikes-electra', 6, 1, '2024-03-12 04:19:11', '2024-03-12 04:19:11'),
(515, 0, 'Falcon', 'motorbikes-falcon', 6, 1, '2024-03-12 04:19:28', '2024-03-12 04:19:28'),
(516, 0, 'Harley Davidson', 'motorbikes-harley-davidson', 6, 1, '2024-03-12 04:19:52', '2024-03-12 04:19:52'),
(517, 0, 'Hero', 'motorbikes-hero', 6, 1, '2024-03-12 04:20:06', '2024-03-12 04:20:06'),
(518, 0, 'Honda', 'motorbikes-honda', 6, 1, '2024-03-12 04:20:21', '2024-03-12 04:20:21'),
(519, 0, 'kawasaki', 'motorbikes-kawasaki', 6, 1, '2024-03-12 04:29:29', '2024-03-12 04:29:29'),
(520, 0, 'Kinetic', 'motorbikes-kinetic', 6, 1, '2024-03-12 04:29:44', '2024-03-12 04:29:44'),
(521, 0, 'KTM', 'motorbikes-ktm', 6, 1, '2024-03-12 04:29:56', '2024-03-12 04:29:56'),
(522, 0, 'KYMCO', 'motorbikes-kymco', 6, 1, '2024-03-12 04:30:10', '2024-03-12 04:30:10'),
(523, 0, 'Loncin', 'motorbikes-loncin', 6, 1, '2024-03-12 04:30:26', '2024-03-12 04:30:26'),
(524, 0, 'Mahindra', 'motorbikes-mahindra', 6, 1, '2024-03-12 04:30:42', '2024-03-12 04:30:42'),
(525, 0, 'Minnelli', 'motorbikes-minnelli', 6, 1, '2024-03-12 04:31:01', '2024-03-12 04:31:01'),
(526, 0, 'Piaggio', 'motorbikes-piaggio', 6, 1, '2024-03-12 04:31:19', '2024-03-12 04:31:19'),
(527, 0, 'Rise', 'motorbikes-rise', 6, 1, '2024-03-12 04:31:28', '2024-03-12 04:31:28'),
(528, 0, 'Royal Enfield', 'motorbikes-royal-enfield', 6, 1, '2024-03-12 04:31:58', '2024-03-12 04:31:58'),
(529, 0, 'Scooty', 'motorbikes-scooty', 6, 1, '2024-03-12 04:32:10', '2024-03-12 04:32:10'),
(530, 0, 'suzuki', 'motorbikes-suzuki', 6, 1, '2024-03-12 04:32:30', '2024-03-12 04:32:30'),
(531, 0, 'Triumph', 'motorbikes-triumph', 6, 1, '2024-03-12 04:32:45', '2024-03-12 04:32:45'),
(532, 0, 'TVS', 'motorbikes-tvs', 6, 1, '2024-03-12 04:32:59', '2024-03-12 04:32:59'),
(533, 0, 'Vespa', 'motorbikes-vespa', 6, 1, '2024-03-12 04:33:14', '2024-03-12 04:33:14'),
(534, 0, 'Yamaha', 'motorbikes-yamaha', 6, 1, '2024-03-12 04:33:40', '2024-03-12 04:33:40'),
(535, 0, 'Other brand', 'motorbikes-other-brand', 6, 1, '2024-03-12 04:33:55', '2024-03-12 04:33:55'),
(536, 505, 'C650 GT', 'motorbikes-c650-gt', 6, 1, '2024-03-12 04:35:59', '2024-03-12 04:35:59'),
(537, 505, 'F650', 'motorbikes-f650', 6, 1, '2024-03-12 04:36:08', '2024-03-12 04:36:08'),
(538, 505, 'F700', 'motorbikes-f700', 6, 1, '2024-03-12 04:36:19', '2024-03-12 04:36:19'),
(539, 505, 'F800', 'motorbikes-f800', 6, 1, '2024-03-12 04:36:31', '2024-03-12 04:36:31'),
(540, 505, 'G450', 'motorbikes-g450', 6, 1, '2024-03-12 04:37:05', '2024-03-12 04:37:05'),
(541, 505, 'G650', 'motorbikes-g650', 6, 1, '2024-03-12 04:37:13', '2024-03-12 04:37:13'),
(542, 505, 'K1200', 'motorbikes-k1200', 6, 1, '2024-03-12 04:37:23', '2024-03-12 04:37:23'),
(543, 505, 'K1300', 'motorbikes-k1300', 6, 1, '2024-03-12 04:37:32', '2024-03-12 04:37:32'),
(544, 505, 'K1600', 'motorbikes-k1600', 6, 1, '2024-03-12 04:37:42', '2024-03-12 04:37:42'),
(545, 505, 'R nine T', 'motorbikes-r-nine-t', 6, 1, '2024-03-12 04:38:03', '2024-03-12 04:38:03'),
(546, 505, 'R1200', 'motorbikes-r1200', 6, 1, '2024-03-12 04:38:17', '2024-03-12 04:38:17'),
(547, 505, 'R1200', 'motorbikes-r1200', 6, 1, '2024-03-12 04:38:28', '2024-03-12 04:38:28'),
(548, 505, 'S1000', 'motorbikes-s1000', 6, 1, '2024-03-12 04:38:43', '2024-03-12 04:38:43'),
(549, 505, 'Other Model', 'motorbikes-other-model', 6, 1, '2024-03-12 04:39:55', '2024-03-12 04:39:55'),
(550, 509, 'Other model', 'motorbikes-other-model', 6, 1, '2024-03-12 04:53:28', '2024-03-12 04:53:28'),
(551, 507, 'Dorsoduro', 'motorbikes-dorsoduro', 6, 1, '2024-03-12 04:54:35', '2024-03-12 04:54:35'),
(552, 507, 'RS', 'motorbikes-rs', 6, 1, '2024-03-12 04:54:42', '2024-03-12 04:54:42'),
(553, 507, 'SR', 'motorbikes-sr', 6, 1, '2024-03-12 04:54:48', '2024-03-12 04:54:48'),
(554, 507, 'SXV', 'motorbikes-sxv', 6, 1, '2024-03-12 04:54:57', '2024-03-12 04:54:57'),
(555, 507, 'Shiver', 'motorbikes-shiver', 6, 1, '2024-03-12 04:55:08', '2024-03-12 04:55:08'),
(556, 507, 'Storm', 'motorbikes-storm', 6, 1, '2024-03-12 04:55:18', '2024-03-12 04:55:18'),
(557, 507, 'Tuono', 'motorbikes-tuono', 6, 1, '2024-03-12 04:55:34', '2024-03-12 04:55:34'),
(558, 507, 'Other Model', 'motorbikes-other-model', 6, 1, '2024-03-12 04:55:46', '2024-03-12 04:55:46'),
(559, 508, 'Aspire', 'motorbikes-aspire', 6, 1, '2024-03-12 05:02:25', '2024-03-12 05:02:25'),
(560, 508, 'Avenger', 'motorbikes-avenger', 6, 1, '2024-03-12 05:02:37', '2024-03-12 05:02:37'),
(561, 508, 'Avenger Cruise', 'motorbikes-avenger-cruise', 6, 1, '2024-03-12 05:03:32', '2024-03-12 05:03:32'),
(562, 508, 'Avenger Street', 'motorbikes-avenger-street', 6, 1, '2024-03-12 05:03:49', '2024-03-12 05:03:49'),
(563, 508, 'Boxer', 'motorbikes-boxer', 6, 1, '2024-03-12 05:04:09', '2024-03-12 05:04:09');
INSERT INTO `brands_models` (`id`, `brandsId`, `name`, `url`, `sub_cat_id`, `status`, `created_at`, `updated_at`) VALUES
(564, 508, 'Byk', 'motorbikes-byk', 6, 1, '2024-03-12 05:04:25', '2024-03-12 05:04:25'),
(565, 508, 'CT100', 'motorbikes-ct100', 6, 1, '2024-03-12 05:04:33', '2024-03-12 05:04:33'),
(566, 508, 'Caliber', 'motorbikes-caliber', 6, 1, '2024-03-12 05:04:43', '2024-03-12 05:04:43'),
(567, 508, 'Discover', 'motorbikes-discover', 6, 1, '2024-03-12 05:04:54', '2024-03-12 05:04:54'),
(568, 508, 'Discover 110', 'motorbikes-discover-110', 6, 1, '2024-03-12 05:05:06', '2024-03-12 05:05:06'),
(569, 508, 'Discover 125', 'motorbikes-discover-125', 6, 1, '2024-03-12 05:05:18', '2024-03-12 05:05:18'),
(570, 508, 'Domainar', 'motorbikes-domainar', 6, 1, '2024-03-12 05:05:29', '2024-03-12 05:05:29'),
(571, 508, 'Kristal', 'motorbikes-kristal', 6, 1, '2024-03-12 05:05:40', '2024-03-12 05:05:40'),
(572, 508, 'Platina', 'motorbikes-platina', 6, 1, '2024-03-12 05:05:50', '2024-03-12 05:05:50'),
(573, 508, 'Pulsar 135', 'motorbikes-pulsar-135', 6, 1, '2024-03-12 05:06:04', '2024-03-12 05:06:04'),
(574, 508, 'Pulsar 150', 'motorbikes-pulsar-150', 6, 1, '2024-03-12 05:06:26', '2024-03-12 05:06:26'),
(575, 508, 'Pulsar 180', 'motorbikes-pulsar-180', 6, 1, '2024-03-12 05:06:52', '2024-03-12 05:06:52'),
(576, 508, 'Pulsar 220F', 'motorbikes-pulsar-220f', 6, 1, '2024-03-12 05:07:08', '2024-03-12 05:07:08'),
(577, 508, 'Pulsar  NS160', 'motorbikes-pulsar-ns160', 6, 1, '2024-03-12 05:07:34', '2024-03-12 05:07:34'),
(578, 508, 'Pulsar  NS200', 'motorbikes-pulsar-ns200', 6, 1, '2024-03-12 05:07:47', '2024-03-12 05:07:47'),
(579, 508, 'Pulsar RS200', 'motorbikes-pulsar-rs200', 6, 1, '2024-03-12 05:08:03', '2024-03-12 05:08:03'),
(580, 508, 'V12', 'motorbikes-v12', 6, 1, '2024-03-12 05:08:10', '2024-03-12 05:08:10'),
(581, 508, 'V15', 'motorbikes-v15', 6, 1, '2024-03-12 05:08:17', '2024-03-12 05:08:17'),
(582, 508, 'XCD', 'motorbikes-xcd', 6, 1, '2024-03-12 05:08:25', '2024-03-12 05:08:25'),
(583, 508, 'Other Model', 'motorbikes-other-model', 6, 1, '2024-03-12 05:08:34', '2024-03-12 05:08:34'),
(584, 510, 'ATM', 'motorbikes-atm', 6, 1, '2024-03-12 05:09:40', '2024-03-12 05:09:40'),
(585, 510, 'Civic', 'motorbikes-civic', 6, 1, '2024-03-12 05:09:49', '2024-03-12 05:09:49'),
(586, 510, 'D7', 'motorbikes-d7', 6, 1, '2024-03-12 05:09:56', '2024-03-12 05:09:56'),
(587, 510, 'DTM', 'motorbikes-dtm', 6, 1, '2024-03-12 05:10:08', '2024-03-12 05:10:08'),
(588, 510, 'DXT', 'motorbikes-dxt', 6, 1, '2024-03-12 05:10:18', '2024-03-12 05:10:18'),
(589, 510, 'DZM', 'motorbikes-dzm', 6, 1, '2024-03-12 05:10:31', '2024-03-12 05:10:31'),
(590, 510, 'DZR', 'motorbikes-dzr', 6, 1, '2024-03-12 05:10:40', '2024-03-12 05:10:40'),
(591, 510, 'Explorer', 'motorbikes-explorer', 6, 1, '2024-03-12 05:11:10', '2024-03-12 05:11:10'),
(592, 510, 'Rio', 'motorbikes-rio', 6, 1, '2024-03-12 05:11:17', '2024-03-12 05:11:17'),
(593, 510, 'Rino', 'motorbikes-rino', 6, 1, '2024-03-12 05:11:26', '2024-03-12 05:11:26'),
(594, 510, 'Savage Supra', 'motorbikes-savage-supra', 6, 1, '2024-03-12 05:11:45', '2024-03-12 05:11:45'),
(595, 510, 'Spark', 'motorbikes-spark', 6, 1, '2024-03-12 05:11:57', '2024-03-12 05:11:57'),
(596, 510, 'Sky Born', 'motorbikes-sky-born', 6, 1, '2024-03-12 05:12:16', '2024-03-12 05:12:16'),
(597, 510, 'Skyline', 'motorbikes-skyline', 6, 1, '2024-03-12 05:12:29', '2024-03-12 05:12:29'),
(598, 510, 'Transler', 'motorbikes-transler', 6, 1, '2024-03-12 05:12:43', '2024-03-12 05:12:43'),
(599, 510, 'Transler', 'motorbikes-transler', 6, 1, '2024-03-12 05:13:05', '2024-03-12 05:13:05'),
(600, 510, 'Transtar', 'motorbikes-transtar', 6, 1, '2024-03-12 05:13:24', '2024-03-12 05:13:24'),
(601, 510, 'Tropica', 'motorbikes-tropica', 6, 1, '2024-03-12 05:13:54', '2024-03-12 05:13:54'),
(602, 510, 'Warrior', 'motorbikes-warrior', 6, 1, '2024-03-12 05:14:11', '2024-03-12 05:14:11'),
(603, 510, 'Other Model', 'motorbikes-other-model', 6, 0, '2024-03-12 05:14:24', '2024-03-12 05:14:24'),
(604, 511, 'Diavel', 'three-wheelers-diavel', 7, 1, '2024-03-12 05:16:36', '2024-03-12 05:16:36'),
(605, 511, 'Hypermontard', 'three-wheelers-hypermontard', 7, 1, '2024-03-12 05:17:29', '2024-03-12 05:17:29'),
(606, 511, 'Monster', 'three-wheelers-monster', 7, 1, '2024-03-12 05:17:40', '2024-03-12 05:17:40'),
(607, 511, 'Multistrada', 'three-wheelers-multistrada', 7, 1, '2024-03-12 05:17:58', '2024-03-12 05:17:58'),
(608, 511, 'Monster', 'three-wheelers-monster', 7, 1, '2024-03-12 05:18:15', '2024-03-12 05:18:15'),
(609, 511, 'ST', 'three-wheelers-st', 7, 1, '2024-03-12 05:18:42', '2024-03-12 05:18:42'),
(610, 511, 'Scrambler', 'three-wheelers-scrambler', 7, 1, '2024-03-12 05:19:02', '2024-03-12 05:19:02'),
(611, 511, 'SportClassics', 'three-wheelers-sportclassics', 7, 1, '2024-03-12 05:34:24', '2024-03-12 05:34:24'),
(612, 511, 'SuperBike', 'three-wheelers-superbike', 7, 1, '2024-03-12 05:34:40', '2024-03-12 05:34:40'),
(613, 511, 'Super sport', 'three-wheelers-super-sport', 7, 1, '2024-03-12 05:34:54', '2024-03-12 05:34:54'),
(614, 511, 'Other Model', 'three-wheelers-other-model', 7, 1, '2024-03-12 05:35:05', '2024-03-12 05:35:05'),
(615, 514, 'Alpha', 'motorbikes-alpha', 6, 1, '2024-03-12 05:37:07', '2024-03-12 05:37:07'),
(616, 514, 'Bravo', 'motorbikes-bravo', 6, 1, '2024-03-12 05:37:16', '2024-03-12 05:37:16'),
(617, 514, 'City', 'motorbikes-city', 6, 1, '2024-03-12 05:37:31', '2024-03-12 05:37:31'),
(618, 514, 'Classic', 'motorbikes-classic', 6, 1, '2024-03-12 05:39:49', '2024-03-12 05:39:49'),
(619, 514, 'ERS 3000', 'motorbikes-ers-3000', 6, 1, '2024-03-12 05:40:00', '2024-03-12 05:40:00'),
(620, 514, 'KITO', 'motorbikes-kito', 6, 1, '2024-03-12 05:40:08', '2024-03-12 05:40:08'),
(621, 514, 'Runner', 'motorbikes-runner', 6, 1, '2024-03-12 05:40:17', '2024-03-12 05:40:17'),
(622, 514, 'Traveller', 'motorbikes-traveller', 6, 1, '2024-03-12 05:40:28', '2024-03-12 05:40:28'),
(623, 514, 'VIZ', 'motorbikes-viz', 6, 1, '2024-03-12 05:40:37', '2024-03-12 05:40:37'),
(624, 514, 'LUCAS', 'motorbikes-lucas', 6, 1, '2024-03-12 05:40:50', '2024-03-12 05:40:50'),
(625, 514, 'Famillia', 'motorbikes-famillia', 6, 1, '2024-03-12 05:41:00', '2024-03-12 05:41:00'),
(626, 514, 'Dina', 'motorbikes-dina', 6, 1, '2024-03-12 05:41:09', '2024-03-12 05:41:09'),
(627, 514, 'Other Model', 'motorbikes-other-model', 6, 1, '2024-03-12 05:41:17', '2024-03-12 05:41:17'),
(628, 515, 'Other Model', 'motorbikes-other-model', 6, 1, '2024-03-12 05:42:27', '2024-03-12 05:42:27'),
(629, 516, 'Other Model', 'motorbikes-other-model', 6, 1, '2024-03-12 05:43:21', '2024-03-12 05:43:21'),
(630, 516, 'Dyna super glide', 'motorbikes-dyna-super-glide', 6, 1, '2024-03-12 05:44:04', '2024-03-12 05:44:04'),
(631, 516, 'FL', 'motorbikes-fl', 6, 1, '2024-03-12 05:44:22', '2024-03-12 05:44:22'),
(632, 516, 'Sftail', 'motorbikes-sftail', 6, 1, '2024-03-12 05:50:27', '2024-03-12 05:50:27'),
(633, 516, 'Sportster', 'motorbikes-sportster', 6, 1, '2024-03-12 05:50:42', '2024-03-12 05:50:42'),
(634, 516, 'Street', 'motorbikes-street', 6, 1, '2024-03-12 05:50:52', '2024-03-12 05:50:52'),
(635, 516, 'VRSC', 'motorbikes-vrsc', 6, 1, '2024-03-12 05:51:11', '2024-03-12 05:51:11'),
(636, 517, 'CBZ', 'motorbikes-cbz', 6, 1, '2024-03-12 05:52:39', '2024-03-12 05:52:39'),
(637, 517, 'CD 100', 'motorbikes-cd-100', 6, 1, '2024-03-12 05:52:50', '2024-03-12 05:52:50'),
(638, 517, 'Dare', 'motorbikes-dare', 6, 1, '2024-03-12 05:55:28', '2024-03-12 05:55:28'),
(639, 517, 'Dash', 'motorbikes-dash', 6, 1, '2024-03-12 05:55:39', '2024-03-12 05:55:39'),
(640, 517, 'Dawn', 'motorbikes-dawn', 6, 1, '2024-03-12 05:55:53', '2024-03-12 05:55:53'),
(641, 517, 'Duet', 'motorbikes-duet', 6, 1, '2024-03-12 05:56:03', '2024-03-12 05:56:03'),
(642, 517, 'Gizmo', 'motorbikes-gizmo', 6, 1, '2024-03-12 05:56:15', '2024-03-12 05:56:15'),
(643, 517, 'Glamour', 'motorbikes-glamour', 6, 1, '2024-03-12 05:56:26', '2024-03-12 05:56:26'),
(644, 517, 'HF Drawn', 'motorbikes-hf-drawn', 6, 1, '2024-03-12 05:56:39', '2024-03-12 05:56:39'),
(645, 517, 'HF Deluxe', 'motorbikes-hf-deluxe', 6, 1, '2024-03-12 05:56:54', '2024-03-12 05:56:54'),
(646, 517, 'Hunk', 'motorbikes-hunk', 6, 1, '2024-03-12 05:57:04', '2024-03-12 05:57:04'),
(647, 517, 'Ignitor', 'motorbikes-ignitor', 6, 1, '2024-03-12 05:57:19', '2024-03-12 05:57:19'),
(648, 517, 'Karizma', 'motorbikes-karizma', 6, 1, '2024-03-12 05:57:33', '2024-03-12 05:57:33'),
(649, 517, 'Maestro Edge', 'motorbikes-maestro-edge', 6, 1, '2024-03-12 05:57:53', '2024-03-12 05:57:53'),
(650, 517, 'Maestro Edge', 'motorbikes-maestro-edge', 6, 1, '2024-03-12 05:57:54', '2024-03-12 05:57:54'),
(651, 517, 'Passion Plus', 'motorbikes-passion-plus', 6, 1, '2024-03-12 05:58:56', '2024-03-12 05:58:56'),
(652, 517, 'Passion Pro', 'motorbikes-passion-pro', 6, 1, '2024-03-12 05:59:13', '2024-03-12 05:59:13'),
(653, 517, 'Pleasure', 'motorbikes-pleasure', 6, 1, '2024-03-12 05:59:28', '2024-03-12 05:59:28'),
(654, 517, 'Splender', 'motorbikes-splender', 6, 1, '2024-03-12 05:59:42', '2024-03-12 05:59:42'),
(655, 517, 'Splender plus', 'motorbikes-splender-plus', 6, 1, '2024-03-12 05:59:57', '2024-03-12 05:59:57'),
(656, 517, 'Splender i smart', 'motorbikes-splender-i-smart', 6, 1, '2024-03-12 06:00:12', '2024-03-12 06:00:12'),
(657, 517, 'Super splender', 'motorbikes-super-splender', 6, 1, '2024-03-12 06:00:27', '2024-03-12 06:00:27'),
(658, 517, 'X Plulse', 'motorbikes-x-plulse', 6, 1, '2024-03-12 06:00:41', '2024-03-12 06:00:41'),
(659, 517, 'Xtream', 'motorbikes-xtream', 6, 1, '2024-03-12 06:01:04', '2024-03-12 06:01:04'),
(660, 517, 'Other model', 'motorbikes-other-model', 6, 1, '2024-03-12 06:01:17', '2024-03-12 06:01:17'),
(661, 0, 'Bajaj', 'three-wheelers-bajaj', 7, 1, '2024-03-12 06:25:28', '2024-03-12 06:25:28'),
(662, 0, 'Mahindra', 'three-wheelers-mahindra', 7, 1, '2024-03-12 06:25:41', '2024-03-12 06:25:41'),
(663, 0, 'Piaggio', 'three-wheelers-piaggio', 7, 1, '2024-03-12 06:25:56', '2024-03-12 06:25:56'),
(664, 0, 'TVS', 'three-wheelers-tvs', 7, 1, '2024-03-12 06:26:07', '2024-03-12 06:26:07'),
(665, 0, 'Other Brand', 'three-wheelers-other-brand', 7, 1, '2024-03-12 06:26:21', '2024-03-12 06:26:21'),
(666, 665, 'Other Model', 'three-wheelers-other-model', 7, 1, '2024-03-12 06:28:37', '2024-03-12 06:28:37'),
(667, 664, 'Other Model', 'three-wheelers-other-model', 7, 1, '2024-03-12 07:08:27', '2024-03-12 07:08:27'),
(668, 663, 'Ape', 'three-wheelers-ape', 7, 1, '2024-03-12 07:09:20', '2024-03-12 07:09:20'),
(669, 663, 'King', 'three-wheelers-king', 7, 1, '2024-03-12 07:09:33', '2024-03-12 07:09:33'),
(670, 663, 'Other Model', 'three-wheelers-other-model', 7, 1, '2024-03-12 07:09:42', '2024-03-12 07:09:42'),
(671, 662, 'Alfa', 'three-wheelers-alfa', 7, 1, '2024-03-12 07:11:06', '2024-03-12 07:11:06'),
(672, 662, 'Other Model', 'three-wheelers-other-model', 7, 1, '2024-03-12 07:11:17', '2024-03-12 07:11:17'),
(673, 661, 'RE', 'three-wheelers-re', 7, 1, '2024-03-12 07:12:21', '2024-03-12 07:12:21'),
(674, 661, 'Other', 'three-wheelers-other', 7, 1, '2024-03-12 07:12:30', '2024-03-12 07:12:30'),
(675, 0, 'Atlas', 'bicycles-atlas', 8, 1, '2024-03-12 07:23:13', '2024-03-12 07:23:13'),
(676, 0, 'Bianchi', 'bicycles-bianchi', 8, 1, '2024-03-12 07:23:27', '2024-03-12 07:23:27'),
(677, 0, 'Cannondale', 'bicycles-cannondale', 8, 1, '2024-03-12 07:23:44', '2024-03-12 07:23:44'),
(678, 0, 'DSI', 'bicycles-dsi', 8, 1, '2024-03-12 07:23:57', '2024-03-12 07:23:57'),
(679, 0, 'HOY', 'bicycles-hoy', 8, 1, '2024-03-12 07:24:07', '2024-03-12 07:24:07'),
(680, 0, 'Kenstar', 'bicycles-kenstar', 8, 1, '2024-03-12 07:24:25', '2024-03-12 07:24:25'),
(681, 0, 'Kenton', 'bicycles-kenton', 8, 1, '2024-03-12 07:24:40', '2024-03-12 07:24:40'),
(682, 0, 'Kids', 'bicycles-kids', 8, 1, '2024-03-12 07:24:54', '2024-03-12 07:24:54'),
(683, 0, 'Lemond', 'bicycles-lemond', 8, 1, '2024-03-12 07:25:12', '2024-03-12 07:25:12'),
(684, 0, 'Lumala', 'bicycles-lumala', 8, 1, '2024-03-12 07:25:25', '2024-03-12 07:25:25'),
(685, 0, 'Magura', 'bicycles-magura', 8, 1, '2024-03-12 07:25:49', '2024-03-12 07:25:49'),
(686, 0, 'Nemo', 'bicycles-nemo', 8, 1, '2024-03-12 07:26:04', '2024-03-12 07:26:04'),
(687, 0, 'Pinnacle', 'bicycles-pinnacle', 8, 1, '2024-03-12 07:26:29', '2024-03-12 07:26:29'),
(688, 0, 'Realeigh', 'bicycles-realeigh', 8, 1, '2024-03-12 07:26:47', '2024-03-12 07:26:47'),
(689, 0, 'Ribow', 'bicycles-ribow', 8, 1, '2024-03-12 07:27:00', '2024-03-12 07:27:00'),
(690, 0, 'Schwinn', 'bicycles-schwinn', 8, 1, '2024-03-12 07:27:16', '2024-03-12 07:27:16'),
(691, 0, 'Shimano', 'bicycles-shimano', 8, 1, '2024-03-12 07:27:33', '2024-03-12 07:27:33'),
(692, 0, 'Silverfox', 'bicycles-silverfox', 8, 1, '2024-03-12 07:27:52', '2024-03-12 07:27:52'),
(693, 0, 'Trek', 'bicycles-trek', 8, 1, '2024-03-12 07:28:11', '2024-03-12 07:28:11'),
(694, 0, 'other', 'bicycles-other', 8, 1, '2024-03-12 07:28:22', '2024-03-12 07:28:22'),
(695, 0, 'Brilliance', 'vans-brilliance', 10, 1, '2024-03-12 07:41:53', '2024-03-12 07:41:53'),
(696, 0, 'Daihstsu', 'vans-daihstsu', 10, 1, '2024-03-12 07:46:59', '2024-03-12 07:46:59'),
(697, 0, 'DFSK', 'vans-dfsk', 10, 1, '2024-03-12 07:47:28', '2024-03-12 07:47:28'),
(698, 0, 'Honda', 'vans-honda', 10, 1, '2024-03-12 07:47:48', '2024-03-12 07:47:48'),
(699, 0, 'Hyundai', 'mobile-phones-hyundai', 2, 1, '2024-03-12 07:48:10', '2024-03-12 07:48:10'),
(700, 0, 'Hyundai', 'vans-hyundai', 10, 1, '2024-03-12 07:48:33', '2024-03-12 07:48:33'),
(701, 0, 'Isuzu', 'vans-isuzu', 10, 1, '2024-03-12 07:49:05', '2024-03-12 07:49:05'),
(702, 0, 'Mahindra', 'vans-mahindra', 10, 1, '2024-03-12 07:49:25', '2024-03-12 07:49:25'),
(703, 0, 'Mazda', 'vans-mazda', 10, 1, '2024-03-12 07:49:47', '2024-03-12 07:49:47'),
(704, 0, 'Mercedes Benz', 'vans-mercedes-benz', 10, 1, '2024-03-12 07:50:16', '2024-03-12 07:50:16'),
(705, 0, 'Micro', 'vans-micro', 10, 1, '2024-03-12 07:50:40', '2024-03-12 07:50:40'),
(706, 0, 'Mitsubishi', 'vans-mitsubishi', 10, 1, '2024-03-12 07:51:03', '2024-03-12 07:51:03'),
(707, 0, 'Nissan', 'vans-nissan', 10, 1, '2024-03-12 07:51:24', '2024-03-12 07:51:24'),
(708, 0, 'Subaru', 'vans-subaru', 10, 1, '2024-03-12 07:51:54', '2024-03-12 07:51:54'),
(709, 0, 'Suzuki', 'vans-suzuki', 10, 1, '2024-03-12 07:52:20', '2024-03-12 07:52:20'),
(710, 0, 'Tata', 'vans-tata', 10, 1, '2024-03-12 07:52:42', '2024-03-12 07:52:42'),
(711, 0, 'Toyota', 'vans-toyota', 10, 1, '2024-03-12 07:53:21', '2024-03-12 07:53:21'),
(712, 0, 'dfgdgd', 'vans-dfgdgd', 10, 1, '2024-03-12 07:55:04', '2024-03-12 07:55:04'),
(713, 0, 'Volkswagen', 'mobile-phones-volkswagen', 2, 1, '2024-03-12 10:22:20', '2024-03-12 10:22:20'),
(714, 0, 'Volkswagen', 'vans-volkswagen', 10, 1, '2024-03-12 10:22:46', '2024-03-12 10:22:46'),
(715, 0, 'Other brand', 'vans-other-brand', 10, 1, '2024-03-12 10:23:12', '2024-03-12 10:23:12'),
(716, 715, 'Other Model', 'vans-other-model', 10, 1, '2024-03-12 23:25:22', '2024-03-12 23:25:22'),
(717, 714, 'Other Model', 'vans-other-model', 10, 1, '2024-03-12 23:26:22', '2024-03-12 23:26:22'),
(718, 711, 'Dolphin', 'vans-dolphin', 10, 1, '2024-03-12 23:28:00', '2024-03-12 23:28:00'),
(719, 711, 'Hiace', 'vans-hiace', 10, 1, '2024-03-12 23:28:13', '2024-03-12 23:28:13'),
(720, 711, 'KDH', 'vans-kdh', 10, 1, '2024-03-12 23:28:22', '2024-03-12 23:28:22'),
(721, 711, 'KR42V', 'vans-kr42v', 10, 1, '2024-03-12 23:28:36', '2024-03-12 23:28:36'),
(722, 711, 'Liteace', 'vans-liteace', 10, 1, '2024-03-12 23:28:47', '2024-03-12 23:28:47'),
(723, 711, 'Noah', 'vans-noah', 10, 1, '2024-03-12 23:28:58', '2024-03-12 23:28:58'),
(724, 711, 'Regius', 'vans-regius', 10, 1, '2024-03-12 23:29:09', '2024-03-12 23:29:09'),
(725, 711, 'Townace', 'vans-townace', 10, 1, '2024-03-12 23:29:21', '2024-03-12 23:29:21'),
(726, 711, 'Other Model', 'vans-other-model', 10, 1, '2024-03-12 23:29:28', '2024-03-12 23:29:28'),
(727, 710, 'Other Model', 'vans-other-model', 10, 1, '2024-03-12 23:30:08', '2024-03-12 23:30:08'),
(728, 709, 'Every', 'vans-every', 10, 0, '2024-03-12 23:30:54', '2024-03-12 23:30:54'),
(729, 709, 'Ommi', 'vans-ommi', 10, 1, '2024-03-12 23:31:02', '2024-03-12 23:31:02'),
(730, 709, 'Other Model', 'vans-other-model', 10, 1, '2024-03-12 23:31:08', '2024-03-12 23:31:08'),
(731, 708, 'Sambar', 'vans-sambar', 10, 1, '2024-03-12 23:32:10', '2024-03-12 23:32:10'),
(732, 708, 'Other Model', 'vans-other-model', 10, 1, '2024-03-12 23:32:16', '2024-03-12 23:32:16'),
(733, 707, 'Caravan', 'vans-caravan', 10, 1, '2024-03-12 23:33:04', '2024-03-12 23:33:04'),
(734, 707, 'Clipper', 'vans-clipper', 10, 1, '2024-03-12 23:33:14', '2024-03-12 23:33:14'),
(735, 707, 'Homy', 'vans-homy', 10, 1, '2024-03-12 23:33:22', '2024-03-12 23:33:22'),
(736, 707, 'Largo', 'vans-largo', 10, 1, '2024-03-12 23:33:32', '2024-03-12 23:33:32'),
(737, 707, 'NV200', 'vans-nv200', 10, 1, '2024-03-12 23:33:41', '2024-03-12 23:33:41'),
(738, 707, 'Serena', 'vans-serena', 10, 1, '2024-03-12 23:33:51', '2024-03-12 23:33:51'),
(739, 707, 'Urvan', 'vans-urvan', 10, 1, '2024-03-12 23:34:02', '2024-03-12 23:34:02'),
(740, 707, 'Vanette', 'vans-vanette', 10, 1, '2024-03-12 23:34:13', '2024-03-12 23:34:13'),
(741, 707, 'Other Model', 'vans-other-model', 10, 1, '2024-03-12 23:34:25', '2024-03-12 23:34:25'),
(742, 707, 'Delica', 'vans-delica', 10, 1, '2024-03-12 23:35:27', '2024-03-12 23:35:27'),
(743, 707, 'L300', 'vans-l300', 10, 1, '2024-03-12 23:35:36', '2024-03-12 23:35:36'),
(744, 707, 'Minicab', 'vans-minicab', 10, 1, '2024-03-12 23:35:48', '2024-03-12 23:35:48'),
(745, 707, 'Other Model', 'vans-other-model', 10, 1, '2024-03-12 23:35:53', '2024-03-12 23:35:53'),
(746, 705, 'Mpv', 'vans-mpv', 10, 1, '2024-03-12 23:36:48', '2024-03-12 23:36:48'),
(747, 705, 'Tourer', 'vans-tourer', 10, 1, '2024-03-12 23:37:01', '2024-03-12 23:37:01'),
(748, 705, 'Other Model', 'vans-other-model', 10, 1, '2024-03-12 23:37:06', '2024-03-12 23:37:06'),
(749, 704, 'Other Model', 'vans-other-model', 10, 1, '2024-03-12 23:37:51', '2024-03-12 23:37:51'),
(750, 703, 'Bongo', 'vans-bongo', 10, 1, '2024-03-12 23:38:34', '2024-03-12 23:38:34'),
(751, 703, 'Brawny', 'vans-brawny', 10, 1, '2024-03-12 23:38:45', '2024-03-12 23:38:45'),
(752, 703, 'Scrum', 'vans-scrum', 10, 1, '2024-03-12 23:38:57', '2024-03-12 23:38:57'),
(753, 703, 'Other Model', 'vans-other-model', 10, 1, '2024-03-12 23:39:03', '2024-03-12 23:39:03'),
(754, 702, 'Maxximo', 'vans-maxximo', 10, 1, '2024-03-12 23:40:01', '2024-03-12 23:40:01'),
(755, 702, 'Other Model', 'vans-other-model', 10, 1, '2024-03-12 23:40:08', '2024-03-12 23:40:08'),
(756, 701, 'Elf', 'vans-elf', 10, 1, '2024-03-12 23:40:58', '2024-03-12 23:40:58'),
(757, 701, 'Fargo', 'vans-fargo', 10, 1, '2024-03-12 23:41:08', '2024-03-12 23:41:08'),
(758, 701, 'Other Model', 'vans-other-model', 10, 1, '2024-03-12 23:41:13', '2024-03-12 23:41:13'),
(759, 700, 'H100', 'vans-h100', 10, 1, '2024-03-12 23:42:53', '2024-03-12 23:42:53'),
(760, 700, 'Other Model', 'vans-other-model', 10, 1, '2024-03-12 23:43:16', '2024-03-12 23:43:16'),
(761, 698, 'Other Model', 'vans-other-model', 10, 1, '2024-03-12 23:45:28', '2024-03-12 23:45:28'),
(762, 697, 'Other Model', 'vans-other-model', 10, 1, '2024-03-12 23:46:28', '2024-03-12 23:46:28'),
(763, 0, 'Ashok Leyland', 'buses-ashok-leyland', 11, 1, '2024-03-13 00:02:46', '2024-03-13 00:02:46'),
(764, 0, 'Eicher', 'buses-eicher', 11, 1, '2024-03-13 00:03:30', '2024-03-13 00:03:30'),
(765, 0, 'Golden dragon', 'buses-golden-dragon', 11, 1, '2024-03-13 00:04:05', '2024-03-13 00:04:05'),
(766, 0, 'Hino', 'buses-hino', 11, 1, '2024-03-13 00:04:32', '2024-03-13 00:04:32'),
(767, 0, 'Isuzu', 'buses-isuzu', 11, 1, '2024-03-13 00:04:54', '2024-03-13 00:04:54'),
(768, 0, 'Kinglong', 'buses-kinglong', 11, 1, '2024-03-13 00:05:32', '2024-03-13 00:05:32'),
(769, 0, 'Mahindra', 'buses-mahindra', 11, 1, '2024-03-13 00:06:06', '2024-03-13 00:06:06'),
(770, 0, 'Micro', 'buses-micro', 11, 1, '2024-03-13 00:06:36', '2024-03-13 00:06:36'),
(771, 0, 'Mitsubishi', 'buses-mitsubishi', 11, 1, '2024-03-13 00:07:18', '2024-03-13 00:07:18'),
(772, 0, 'Nissan', 'buses-nissan', 11, 1, '2024-03-13 00:07:39', '2024-03-13 00:07:39'),
(773, 0, 'Toyota', 'buses-toyota', 11, 1, '2024-03-13 00:08:34', '2024-03-13 00:08:34'),
(774, 0, 'Volvo', 'buses-volvo', 11, 1, '2024-03-13 00:08:57', '2024-03-13 00:08:57'),
(775, 0, 'Other Brand', 'buses-other-brand', 11, 1, '2024-03-13 00:09:28', '2024-03-13 00:09:28'),
(776, 774, 'Other Model', 'buses-other-model', 11, 1, '2024-03-13 00:10:13', '2024-03-13 00:10:13'),
(777, 773, 'Coaster', 'buses-coaster', 11, 1, '2024-03-13 00:11:23', '2024-03-13 00:11:23'),
(778, 773, 'Other Model', 'buses-other-model', 11, 1, '2024-03-13 00:11:54', '2024-03-13 00:11:54'),
(779, 772, 'Civilian', 'buses-civilian', 11, 1, '2024-03-13 00:13:16', '2024-03-13 00:13:16'),
(780, 771, 'Aero', 'buses-aero', 11, 1, '2024-03-13 00:14:27', '2024-03-13 00:14:27'),
(781, 771, 'Rosa', 'buses-rosa', 11, 1, '2024-03-13 00:14:36', '2024-03-13 00:14:36'),
(782, 771, 'Other Model', 'buses-other-model', 11, 1, '2024-03-13 00:14:42', '2024-03-13 00:14:42'),
(783, 770, 'Higer', 'buses-higer', 11, 1, '2024-03-13 00:15:56', '2024-03-13 00:15:56'),
(784, 770, 'Yutong', 'buses-yutong', 11, 1, '2024-03-13 00:16:06', '2024-03-13 00:16:06'),
(785, 770, 'Other Model', 'buses-other-model', 11, 1, '2024-03-13 00:16:12', '2024-03-13 00:16:12'),
(786, 769, 'Tourister', 'buses-tourister', 11, 1, '2024-03-13 00:17:05', '2024-03-13 00:17:05'),
(787, 768, 'Other Model', 'buses-other-model', 11, 1, '2024-03-13 00:18:12', '2024-03-13 00:18:12'),
(788, 767, 'Elf', 'buses-elf', 11, 1, '2024-03-13 00:18:58', '2024-03-13 00:18:58'),
(789, 767, 'Journey', 'buses-journey', 11, 1, '2024-03-13 00:19:11', '2024-03-13 00:19:11'),
(790, 767, 'Super Cruiser', 'buses-super-cruiser', 11, 1, '2024-03-13 00:19:34', '2024-03-13 00:19:34'),
(791, 767, 'Other Model', 'buses-other-model', 11, 1, '2024-03-13 00:19:41', '2024-03-13 00:19:41'),
(792, 766, 'Rainbow', 'buses-rainbow', 11, 1, '2024-03-13 00:20:21', '2024-03-13 00:20:21'),
(793, 765, 'Other Model', 'buses-other-model', 11, 1, '2024-03-13 00:21:03', '2024-03-13 00:21:03'),
(794, 764, 'Skyline', 'buses-skyline', 11, 1, '2024-03-13 00:21:44', '2024-03-13 00:21:44'),
(795, 764, 'StarLine', 'buses-starline', 11, 1, '2024-03-13 00:21:55', '2024-03-13 00:21:55'),
(796, 764, 'Other Model', 'buses-other-model', 11, 1, '2024-03-13 00:22:01', '2024-03-13 00:22:01'),
(797, 763, 'Eagle', 'buses-eagle', 11, 1, '2024-03-13 00:22:48', '2024-03-13 00:22:48'),
(798, 763, 'Luxura', 'buses-luxura', 11, 1, '2024-03-13 00:22:58', '2024-03-13 00:22:58'),
(799, 763, 'Lynx', 'buses-lynx', 11, 1, '2024-03-13 00:23:09', '2024-03-13 00:23:09'),
(800, 763, 'MITR', 'buses-mitr', 11, 1, '2024-03-13 00:23:20', '2024-03-13 00:23:20'),
(801, 763, 'Sunshine', 'buses-sunshine', 11, 1, '2024-03-13 00:23:38', '2024-03-13 00:23:38'),
(802, 763, 'ULE', 'buses-ule', 11, 1, '2024-03-13 00:23:46', '2024-03-13 00:23:46'),
(803, 763, 'Viking', 'buses-viking', 11, 1, '2024-03-13 00:23:55', '2024-03-13 00:23:55'),
(804, 763, 'Other model', 'buses-other-model', 11, 1, '2024-03-13 00:24:00', '2024-03-13 00:24:00'),
(805, 0, 'Ashok layland', 'lorries-trucks-ashok-layland', 12, 1, '2024-03-13 00:37:39', '2024-03-13 00:37:39'),
(806, 0, 'Atco', 'lorries-trucks-atco', 12, 1, '2024-03-13 00:37:50', '2024-03-13 00:37:50'),
(807, 0, 'Daihatsu', 'lorries-trucks-daihatsu', 12, 1, '2024-03-13 00:38:04', '2024-03-13 00:38:04'),
(808, 0, 'DFSK', 'lorries-trucks-dfsk', 12, 1, '2024-03-13 00:38:17', '2024-03-13 00:38:17'),
(809, 0, 'Eicher', 'lorries-trucks-eicher', 12, 1, '2024-03-13 00:38:30', '2024-03-13 00:38:30'),
(810, 0, 'Faw', 'lorries-trucks-faw', 12, 1, '2024-03-13 00:38:41', '2024-03-13 00:38:41'),
(811, 0, 'Foton', 'lorries-trucks-foton', 12, 1, '2024-03-13 00:38:52', '2024-03-13 00:38:52'),
(812, 0, 'Hino', 'lorries-trucks-hino', 12, 1, '2024-03-13 00:39:02', '2024-03-13 00:39:02'),
(813, 0, 'Honda', 'lorries-trucks-honda', 12, 1, '2024-03-13 00:39:13', '2024-03-13 00:39:13'),
(814, 0, 'Hyundai', 'lorries-trucks-hyundai', 12, 1, '2024-03-13 00:39:30', '2024-03-13 00:39:30'),
(815, 0, 'Isuzu', 'lorries-trucks-isuzu', 12, 1, '2024-03-13 00:39:46', '2024-03-13 00:39:46'),
(816, 0, 'JAC', 'lorries-trucks-jac', 12, 1, '2024-03-13 00:39:58', '2024-03-13 00:39:58'),
(817, 0, 'JMC', 'lorries-trucks-jmc', 12, 1, '2024-03-13 00:40:07', '2024-03-13 00:40:07'),
(818, 0, 'Mahindra', 'lorries-trucks-mahindra', 12, 1, '2024-03-13 00:40:23', '2024-03-13 00:40:23'),
(819, 0, 'Mazda', 'lorries-trucks-mazda', 12, 1, '2024-03-13 00:40:34', '2024-03-13 00:40:34'),
(820, 0, 'Marcedes Bens', 'lorries-trucks-marcedes-bens', 12, 1, '2024-03-13 00:41:11', '2024-03-13 00:41:11'),
(821, 0, 'Mitsubishi', 'lorries-trucks-mitsubishi', 12, 1, '2024-03-13 00:41:31', '2024-03-13 00:41:31'),
(822, 0, 'Nissan', 'lorries-trucks-nissan', 12, 1, '2024-03-13 00:41:42', '2024-03-13 00:41:42'),
(823, 0, 'Renault', 'lorries-trucks-renault', 12, 1, '2024-03-13 00:41:54', '2024-03-13 00:41:54'),
(824, 0, 'Sojen', 'lorries-trucks-sojen', 12, 1, '2024-03-13 00:42:04', '2024-03-13 00:42:04'),
(825, 0, 'Sabaru', 'lorries-trucks-sabaru', 12, 1, '2024-03-13 00:42:20', '2024-03-13 00:42:20'),
(826, 0, 'Suzuki', 'lorries-trucks-suzuki', 12, 1, '2024-03-13 00:42:32', '2024-03-13 00:42:32'),
(827, 0, 'Tata', 'lorries-trucks-tata', 12, 1, '2024-03-13 00:42:41', '2024-03-13 00:42:41'),
(828, 0, 'Toyota', 'lorries-trucks-toyota', 12, 1, '2024-03-13 00:42:54', '2024-03-13 00:42:54'),
(829, 0, 'UD', 'lorries-trucks-ud', 12, 1, '2024-03-13 00:43:03', '2024-03-13 00:43:03'),
(830, 0, 'Yujien', 'lorries-trucks-yujien', 12, 1, '2024-03-13 00:43:17', '2024-03-13 00:43:17'),
(831, 0, 'Other Brand', 'lorries-trucks-other-brand', 12, 1, '2024-03-13 00:43:29', '2024-03-13 00:43:29'),
(832, 831, 'Other Model', 'lorries-trucks-other-model', 12, 1, '2024-03-13 00:44:08', '2024-03-13 00:44:08'),
(833, 830, 'Other model', 'lorries-trucks-other-model', 12, 1, '2024-03-13 00:45:05', '2024-03-13 00:45:05'),
(834, 829, 'Quester', 'lorries-trucks-quester', 12, 1, '2024-03-13 00:45:41', '2024-03-13 00:45:41'),
(835, 829, 'Other Model', 'lorries-trucks-other-model', 12, 1, '2024-03-13 00:45:50', '2024-03-13 00:45:50'),
(836, 828, 'Dyna', 'lorries-trucks-dyna', 12, 1, '2024-03-13 00:46:49', '2024-03-13 00:46:49'),
(837, 828, 'Liteace', 'lorries-trucks-liteace', 12, 1, '2024-03-13 00:47:01', '2024-03-13 00:47:01'),
(838, 828, 'Townace', 'lorries-trucks-townace', 12, 1, '2024-03-13 00:47:12', '2024-03-13 00:47:12'),
(839, 828, 'Toyoace', 'lorries-trucks-toyoace', 12, 1, '2024-03-13 00:47:23', '2024-03-13 00:47:23'),
(840, 828, 'Other Model', 'lorries-trucks-other-model', 12, 1, '2024-03-13 00:47:29', '2024-03-13 00:47:29'),
(841, 827, '207', 'lorries-trucks-207', 12, 1, '2024-03-13 00:48:21', '2024-03-13 00:48:21'),
(842, 827, 'Ace', 'lorries-trucks-ace', 12, 1, '2024-03-13 00:48:29', '2024-03-13 00:48:29'),
(843, 827, 'Dimo Btta', 'lorries-trucks-dimo-btta', 12, 1, '2024-03-13 00:48:40', '2024-03-13 00:48:40'),
(844, 827, 'Dimo Batti', 'lorries-trucks-dimo-batti', 12, 1, '2024-03-13 00:48:52', '2024-03-13 00:48:52'),
(845, 827, 'Dimo Lokka', 'lorries-trucks-dimo-lokka', 12, 1, '2024-03-13 00:49:00', '2024-03-13 00:49:00'),
(846, 827, 'LPT', 'lorries-trucks-lpt', 12, 1, '2024-03-13 00:49:10', '2024-03-13 00:49:10'),
(847, 827, 'Prima', 'lorries-trucks-prima', 12, 1, '2024-03-13 00:49:18', '2024-03-13 00:49:18'),
(848, 827, 'SFC', 'lorries-trucks-sfc', 12, 1, '2024-03-13 00:49:29', '2024-03-13 00:49:29'),
(849, 827, 'Xenon', 'lorries-trucks-xenon', 12, 1, '2024-03-13 00:49:41', '2024-03-13 00:49:41'),
(850, 827, 'Yodha', 'lorries-trucks-yodha', 12, 1, '2024-03-13 00:49:49', '2024-03-13 00:49:49'),
(851, 827, 'Other model', 'lorries-trucks-other-model', 12, 1, '2024-03-13 00:49:57', '2024-03-13 00:49:57'),
(852, 826, 'Carry', 'lorries-trucks-carry', 12, 1, '2024-03-13 00:50:51', '2024-03-13 00:50:51'),
(853, 826, 'Every', 'lorries-trucks-every', 12, 1, '2024-03-13 00:51:00', '2024-03-13 00:51:00'),
(854, 826, 'Other Model', 'lorries-trucks-other-model', 12, 1, '2024-03-13 00:51:06', '2024-03-13 00:51:06'),
(855, 825, 'Sambar', 'lorries-trucks-sambar', 12, 1, '2024-03-13 00:52:01', '2024-03-13 00:52:01'),
(856, 824, 'Carry', 'lorries-trucks-carry', 12, 1, '2024-03-13 00:52:49', '2024-03-13 00:52:49'),
(857, 824, 'Every', 'lorries-trucks-every', 12, 1, '2024-03-13 00:52:58', '2024-03-13 00:52:58'),
(858, 824, 'Other Model', 'lorries-trucks-other-model', 12, 1, '2024-03-13 00:53:05', '2024-03-13 00:53:05'),
(859, 823, 'Other Model', 'lorries-trucks-other-model', 12, 1, '2024-03-13 00:54:01', '2024-03-13 00:54:01'),
(860, 822, 'Atlas', 'lorries-trucks-atlas', 12, 1, '2024-03-13 00:54:42', '2024-03-13 00:54:42'),
(861, 822, 'Cabstar', 'lorries-trucks-cabstar', 12, 1, '2024-03-13 00:54:57', '2024-03-13 00:54:57'),
(862, 822, 'Vanette', 'lorries-trucks-vanette', 12, 1, '2024-03-13 00:55:08', '2024-03-13 00:55:08'),
(863, 822, 'Other Model', 'lorries-trucks-other-model', 12, 1, '2024-03-13 00:55:13', '2024-03-13 00:55:13'),
(864, 821, 'Canter', 'lorries-trucks-canter', 12, 1, '2024-03-13 00:56:22', '2024-03-13 00:56:22'),
(865, 821, 'Fuso', 'lorries-trucks-fuso', 12, 1, '2024-03-13 00:56:33', '2024-03-13 00:56:33'),
(866, 821, 'Other Model', 'lorries-trucks-other-model', 12, 1, '2024-03-13 00:56:38', '2024-03-13 00:56:38'),
(867, 820, 'Actros', 'lorries-trucks-actros', 12, 1, '2024-03-13 00:58:12', '2024-03-13 00:58:12'),
(868, 820, 'Other Model', 'lorries-trucks-other-model', 12, 1, '2024-03-13 00:58:18', '2024-03-13 00:58:18'),
(869, 819, 'Bongo', 'lorries-trucks-bongo', 12, 1, '2024-03-13 00:59:02', '2024-03-13 00:59:02'),
(870, 819, 'Titan', 'lorries-trucks-titan', 12, 1, '2024-03-13 00:59:12', '2024-03-13 00:59:12'),
(871, 819, 'Other Model', 'lorries-trucks-other-model', 12, 1, '2024-03-13 00:59:18', '2024-03-13 00:59:18'),
(872, 818, 'Blaszo', 'lorries-trucks-blaszo', 12, 1, '2024-03-13 01:00:28', '2024-03-13 01:00:28'),
(873, 818, 'Bolero', 'lorries-trucks-bolero', 12, 1, '2024-03-13 01:00:39', '2024-03-13 01:00:39'),
(874, 818, 'Jeeto', 'lorries-trucks-jeeto', 12, 1, '2024-03-13 01:00:51', '2024-03-13 01:00:51'),
(875, 818, 'Maxximo', 'lorries-trucks-maxximo', 12, 1, '2024-03-13 01:01:02', '2024-03-13 01:01:02'),
(876, 818, 'Other Model', 'lorries-trucks-other-model', 12, 1, '2024-03-13 01:01:09', '2024-03-13 01:01:09'),
(877, 817, 'Other Model', 'lorries-trucks-other-model', 12, 1, '2024-03-13 01:01:47', '2024-03-13 01:01:47'),
(878, 816, 'Crew Cab', 'lorries-trucks-crew-cab', 12, 1, '2024-03-13 01:02:28', '2024-03-13 01:02:28'),
(879, 816, 'HFC', 'lorries-trucks-hfc', 12, 1, '2024-03-13 01:02:35', '2024-03-13 01:02:35'),
(880, 816, 'Other Model', 'lorries-trucks-other-model', 12, 1, '2024-03-13 01:02:42', '2024-03-13 01:02:42'),
(881, 815, '150', 'lorries-trucks-150', 12, 1, '2024-03-13 01:03:27', '2024-03-13 01:03:27'),
(882, 815, '250', 'lorries-trucks-250', 12, 1, '2024-03-13 01:03:34', '2024-03-13 01:03:34'),
(883, 815, '350', 'lorries-trucks-350', 12, 1, '2024-03-13 01:03:42', '2024-03-13 01:03:42'),
(884, 815, 'Elf', 'lorries-trucks-elf', 12, 1, '2024-03-13 01:03:51', '2024-03-13 01:03:51'),
(885, 815, 'Forward', 'lorries-trucks-forward', 12, 1, '2024-03-13 01:04:06', '2024-03-13 01:04:06'),
(886, 815, 'Juston', 'lorries-trucks-juston', 12, 1, '2024-03-13 01:04:17', '2024-03-13 01:04:17'),
(887, 815, 'NPR71H', 'lorries-trucks-npr71h', 12, 1, '2024-03-13 01:04:30', '2024-03-13 01:04:30'),
(888, 815, 'Other Model', 'lorries-trucks-other-model', 12, 1, '2024-03-13 01:04:35', '2024-03-13 01:04:35'),
(889, 814, 'Mega', 'lorries-trucks-mega', 12, 1, '2024-03-13 01:05:25', '2024-03-13 01:05:25'),
(890, 814, 'Xcient', 'lorries-trucks-xcient', 12, 1, '2024-03-13 01:05:36', '2024-03-13 01:05:36'),
(891, 814, 'Other Model', 'lorries-trucks-other-model', 12, 1, '2024-03-13 01:05:40', '2024-03-13 01:05:40'),
(892, 813, 'Acty', 'lorries-trucks-acty', 12, 1, '2024-03-13 01:06:30', '2024-03-13 01:06:30'),
(893, 812, 'Dutro', 'lorries-trucks-dutro', 12, 1, '2024-03-13 01:08:00', '2024-03-13 01:08:00'),
(894, 812, 'Ranger', 'lorries-trucks-ranger', 12, 1, '2024-03-13 01:08:09', '2024-03-13 01:08:09'),
(895, 812, 'Other Model', 'lorries-trucks-other-model', 12, 1, '2024-03-13 01:08:16', '2024-03-13 01:08:16'),
(896, 811, 'Auman', 'lorries-trucks-auman', 12, 1, '2024-03-13 01:09:22', '2024-03-13 01:09:22'),
(897, 811, 'Aumark', 'lorries-trucks-aumark', 12, 1, '2024-03-13 01:09:33', '2024-03-13 01:09:33'),
(898, 811, 'Forland', 'lorries-trucks-forland', 12, 1, '2024-03-13 01:09:43', '2024-03-13 01:09:43'),
(899, 811, 'Ollin', 'lorries-trucks-ollin', 12, 1, '2024-03-13 01:09:51', '2024-03-13 01:09:51'),
(900, 811, 'Other Model', 'lorries-trucks-other-model', 12, 1, '2024-03-13 01:09:56', '2024-03-13 01:09:56'),
(901, 810, 'Other Model', 'lorries-trucks-other-model', 12, 1, '2024-03-13 01:11:06', '2024-03-13 01:11:06'),
(902, 809, 'Pro', 'lorries-trucks-pro', 12, 1, '2024-03-13 01:11:45', '2024-03-13 01:11:45'),
(903, 809, 'Other Model', 'lorries-trucks-other-model', 12, 1, '2024-03-13 01:11:51', '2024-03-13 01:11:51'),
(904, 808, 'Unimo', 'lorries-trucks-unimo', 12, 1, '2024-03-13 01:12:33', '2024-03-13 01:12:33'),
(905, 808, 'Other Model', 'lorries-trucks-other-model', 12, 1, '2024-03-13 01:12:39', '2024-03-13 01:12:39'),
(906, 807, 'Hijet', 'lorries-trucks-hijet', 12, 1, '2024-03-13 01:13:27', '2024-03-13 01:13:27'),
(907, 807, 'Other Model', 'lorries-trucks-other-model', 12, 1, '2024-03-13 01:13:32', '2024-03-13 01:13:32'),
(908, 806, 'Other Model', 'lorries-trucks-other-model', 12, 1, '2024-03-13 01:14:26', '2024-03-13 01:14:26'),
(909, 805, 'Boss', 'lorries-trucks-boss', 12, 1, '2024-03-13 01:15:08', '2024-03-13 01:15:08'),
(910, 805, 'Ecomet', 'lorries-trucks-ecomet', 12, 1, '2024-03-13 01:15:19', '2024-03-13 01:15:19'),
(911, 805, 'Comet', 'lorries-trucks-comet', 12, 1, '2024-03-13 01:15:29', '2024-03-13 01:15:29'),
(912, 805, 'Taurus', 'lorries-trucks-taurus', 12, 1, '2024-03-13 01:15:41', '2024-03-13 01:15:41'),
(913, 805, 'Tusker', 'lorries-trucks-tusker', 12, 1, '2024-03-13 01:15:53', '2024-03-13 01:15:53'),
(914, 805, 'Other Model', 'lorries-trucks-other-model', 12, 1, '2024-03-13 01:15:58', '2024-03-13 01:15:58'),
(915, 0, 'Acura', 'heavy-duty-acura', 13, 1, '2024-03-13 01:27:25', '2024-03-13 01:27:25'),
(916, 0, 'Ashok Leyland', 'heavy-duty-ashok-leyland', 13, 1, '2024-03-13 01:27:45', '2024-03-13 01:27:45'),
(917, 0, 'Austin', 'heavy-duty-austin', 13, 1, '2024-03-13 01:27:58', '2024-03-13 01:27:58'),
(918, 0, 'Benford', 'heavy-duty-benford', 13, 1, '2024-03-13 01:28:13', '2024-03-13 01:28:13'),
(919, 0, 'Bobcat', 'heavy-duty-bobcat', 13, 1, '2024-03-13 01:28:33', '2024-03-13 01:28:33'),
(920, 0, 'CAT', 'heavy-duty-cat', 13, 1, '2024-03-13 01:28:43', '2024-03-13 01:28:43'),
(921, 0, 'Daewoo', 'heavy-duty-daewoo', 13, 1, '2024-03-13 01:28:56', '2024-03-13 01:28:56'),
(922, 0, 'Eicher', 'heavy-duty-eicher', 13, 1, '2024-03-13 01:29:09', '2024-03-13 01:29:09'),
(923, 0, 'Ford', 'heavy-duty-ford', 13, 1, '2024-03-13 01:29:20', '2024-03-13 01:29:20'),
(924, 0, 'Furukawa', 'heavy-duty-furukawa', 13, 1, '2024-03-13 01:29:39', '2024-03-13 01:29:39'),
(925, 0, 'Gehlmax', 'heavy-duty-gehlmax', 13, 1, '2024-03-13 01:29:57', '2024-03-13 01:29:57'),
(926, 0, 'Hino', 'heavy-duty-hino', 13, 1, '2024-03-13 01:30:07', '2024-03-13 01:30:07'),
(927, 0, 'Hitachi', 'heavy-duty-hitachi', 13, 1, '2024-03-13 01:30:22', '2024-03-13 01:30:22'),
(928, 0, 'Honda', 'heavy-duty-honda', 13, 1, '2024-03-13 01:30:34', '2024-03-13 01:30:34'),
(929, 0, 'Isuzu', 'heavy-duty-isuzu', 13, 1, '2024-03-13 01:31:06', '2024-03-13 02:01:46'),
(930, 0, 'JCB', 'heavy-duty-jcb', 13, 1, '2024-03-13 01:31:32', '2024-03-13 01:31:32'),
(931, 0, 'John Deere', 'heavy-duty-john-deere', 13, 1, '2024-03-13 01:31:49', '2024-03-13 01:31:49'),
(932, 0, 'Kato', 'heavy-duty-kato', 13, 1, '2024-03-13 01:32:02', '2024-03-13 01:32:02'),
(933, 0, 'Kobelco', 'heavy-duty-kobelco', 13, 1, '2024-03-13 01:32:24', '2024-03-13 01:32:24'),
(934, 0, 'Komatsu', 'heavy-duty-komatsu', 13, 1, '2024-03-13 01:32:44', '2024-03-13 01:32:44'),
(935, 0, 'Longjia', 'heavy-duty-longjia', 13, 1, '2024-03-13 01:32:59', '2024-03-13 01:32:59'),
(936, 0, 'Mahindra', 'heavy-duty-mahindra', 13, 1, '2024-03-13 01:33:12', '2024-03-13 01:33:12'),
(937, 0, 'Mitsubishi', 'heavy-duty-mitsubishi', 13, 1, '2024-03-13 01:33:32', '2024-03-13 01:33:32'),
(938, 0, 'Mubota', 'heavy-duty-mubota', 13, 1, '2024-03-13 01:33:47', '2024-03-13 01:33:47'),
(939, 0, 'Nissan', 'heavy-duty-nissan', 13, 1, '2024-03-13 01:33:59', '2024-03-13 01:33:59'),
(940, 0, 'Sakai', 'heavy-duty-sakai', 13, 1, '2024-03-13 01:34:16', '2024-03-13 01:34:16'),
(941, 0, 'Sumitomo', 'heavy-duty-sumitomo', 13, 1, '2024-03-13 01:34:33', '2024-03-13 01:34:33'),
(942, 0, 'TAFE', 'heavy-duty-tafe', 13, 1, '2024-03-13 01:34:46', '2024-03-13 01:34:46'),
(943, 0, 'TATA', 'heavy-duty-tata', 13, 1, '2024-03-13 01:34:57', '2024-03-13 01:34:57'),
(944, 0, 'Toyota', 'heavy-duty-toyota', 13, 1, '2024-03-13 01:35:15', '2024-03-13 01:35:15'),
(945, 0, 'Triumph', 'heavy-duty-triumph', 13, 1, '2024-03-13 01:35:29', '2024-03-13 01:35:29'),
(946, 0, 'Volvo', 'heavy-duty-volvo', 13, 1, '2024-03-13 01:35:42', '2024-03-13 01:35:42'),
(947, 0, 'Yanmar', 'heavy-duty-yanmar', 13, 1, '2024-03-13 01:35:58', '2024-03-13 01:35:58'),
(948, 0, 'Other Brand', 'heavy-duty-other-brand', 13, 1, '2024-03-13 01:36:16', '2024-03-13 01:36:16'),
(949, 948, 'Other Model', 'heavy-duty-other-model', 13, 1, '2024-03-13 01:38:30', '2024-03-13 01:38:30'),
(950, 947, 'YB', 'heavy-duty-yb', 13, 1, '2024-03-13 01:39:04', '2024-03-13 01:39:04'),
(951, 947, 'Other Model', 'heavy-duty-other-model', 13, 1, '2024-03-13 01:39:11', '2024-03-13 01:39:11'),
(952, 946, 'Other Model', 'heavy-duty-other-model', 13, 1, '2024-03-13 01:39:54', '2024-03-13 01:39:54'),
(953, 945, 'Other Model', 'heavy-duty-other-model', 13, 1, '2024-03-13 01:42:39', '2024-03-13 01:42:39'),
(954, 944, 'Other Model', 'heavy-duty-other-model', 13, 1, '2024-03-13 01:43:19', '2024-03-13 01:43:19'),
(955, 943, 'Prime', 'heavy-duty-prime', 13, 1, '2024-03-13 01:43:53', '2024-03-13 01:43:53'),
(956, 943, 'Other Model', 'heavy-duty-other-model', 13, 1, '2024-03-13 01:44:00', '2024-03-13 01:44:00'),
(957, 942, 'Other Model', 'heavy-duty-other-model', 13, 1, '2024-03-13 01:45:41', '2024-03-13 01:45:41'),
(958, 941, 'Other Model', 'heavy-duty-other-model', 13, 1, '2024-03-13 01:46:09', '2024-03-13 01:46:09'),
(959, 940, 'SV', 'heavy-duty-sv', 13, 1, '2024-03-13 01:47:16', '2024-03-13 01:47:16'),
(960, 940, 'Sakai Role', 'heavy-duty-sakai-role', 13, 1, '2024-03-13 01:47:29', '2024-03-13 01:47:29'),
(961, 940, 'Other Model', 'heavy-duty-other-model', 13, 1, '2024-03-13 01:47:36', '2024-03-13 01:47:36'),
(962, 939, 'SB', 'heavy-duty-sb', 13, 1, '2024-03-13 01:49:41', '2024-03-13 01:49:41'),
(963, 939, 'Other Model', 'heavy-duty-other-model', 13, 1, '2024-03-13 01:49:48', '2024-03-13 01:49:48'),
(964, 938, 'Harvester', 'heavy-duty-harvester', 13, 1, '2024-03-13 01:51:06', '2024-03-13 01:51:06'),
(965, 937, 'ME', 'heavy-duty-me', 13, 1, '2024-03-13 01:52:23', '2024-03-13 01:52:23'),
(966, 937, 'MG', 'heavy-duty-mg', 13, 1, '2024-03-13 01:52:30', '2024-03-13 01:52:30'),
(967, 937, 'MM', 'heavy-duty-mm', 13, 1, '2024-03-13 01:52:38', '2024-03-13 01:52:38'),
(968, 937, 'WS', 'heavy-duty-ws', 13, 1, '2024-03-13 01:52:45', '2024-03-13 01:52:45'),
(969, 937, 'Other Model', 'heavy-duty-other-model', 13, 1, '2024-03-13 01:52:50', '2024-03-13 01:52:50'),
(970, 936, 'Other Model', 'heavy-duty-other-model', 13, 1, '2024-03-13 01:55:09', '2024-03-13 01:55:09'),
(971, 935, 'Havester', 'heavy-duty-havester', 13, 1, '2024-03-13 01:55:45', '2024-03-13 01:55:45'),
(972, 935, 'Other Model', 'heavy-duty-other-model', 13, 1, '2024-03-13 01:55:50', '2024-03-13 01:55:50'),
(973, 934, 'Harvester', 'heavy-duty-harvester', 13, 1, '2024-03-13 01:56:47', '2024-03-13 01:56:47'),
(974, 934, 'Kobelco 30', 'heavy-duty-kobelco-30', 13, 1, '2024-03-13 01:57:04', '2024-03-13 01:57:04'),
(975, 934, 'Land Mark', 'heavy-duty-land-mark', 13, 1, '2024-03-13 01:57:15', '2024-03-13 01:57:15'),
(976, 934, 'Other Model', 'heavy-duty-other-model', 13, 1, '2024-03-13 01:57:25', '2024-03-13 01:57:25'),
(977, 932, 'Other Model', 'heavy-duty-other-model', 13, 1, '2024-03-13 01:59:07', '2024-03-13 01:59:07'),
(978, 931, 'Other Model', 'heavy-duty-other-model', 13, 1, '2024-03-13 01:59:46', '2024-03-13 01:59:46'),
(979, 930, '3DX', 'heavy-duty-3dx', 13, 1, '2024-03-13 02:00:45', '2024-03-13 02:00:45'),
(980, 930, 'Other Model', 'heavy-duty-other-model', 13, 1, '2024-03-13 02:00:50', '2024-03-13 02:00:50'),
(981, 929, 'CYH', 'heavy-duty-cyh', 13, 1, '2024-03-13 02:02:40', '2024-03-13 02:02:40'),
(982, 929, 'CYZ', 'heavy-duty-cyz', 13, 1, '2024-03-13 02:02:48', '2024-03-13 02:02:48'),
(983, 929, 'Giga', 'heavy-duty-giga', 13, 1, '2024-03-13 02:03:14', '2024-03-13 02:03:14'),
(984, 929, 'NMR', 'heavy-duty-nmr', 13, 1, '2024-03-13 02:03:22', '2024-03-13 02:03:22'),
(985, 929, 'Other Model', 'heavy-duty-other-model', 13, 1, '2024-03-13 02:03:28', '2024-03-13 02:03:28'),
(986, 928, 'Belle Rammer', 'heavy-duty-belle-rammer', 13, 1, '2024-03-13 02:05:23', '2024-03-13 02:05:23'),
(987, 928, 'Other Model', 'heavy-duty-other-model', 13, 1, '2024-03-13 02:05:30', '2024-03-13 02:05:30'),
(988, 927, 'EX', 'heavy-duty-ex', 13, 1, '2024-03-13 02:06:34', '2024-03-13 02:06:34'),
(989, 927, 'Landi', 'heavy-duty-landi', 13, 1, '2024-03-13 02:06:45', '2024-03-13 02:06:45'),
(990, 927, 'UH', 'heavy-duty-uh', 13, 1, '2024-03-13 02:06:52', '2024-03-13 02:06:52'),
(991, 927, 'ZX', 'heavy-duty-zx', 13, 1, '2024-03-13 02:07:01', '2024-03-13 02:07:01'),
(992, 927, 'Other Model', 'heavy-duty-other-model', 13, 1, '2024-03-13 02:07:07', '2024-03-13 02:07:07'),
(993, 926, 'Other Model', 'heavy-duty-other-model', 13, 1, '2024-03-13 02:08:07', '2024-03-13 02:08:07'),
(994, 925, '405', 'heavy-duty-405', 13, 1, '2024-03-13 02:09:12', '2024-03-13 02:09:12'),
(995, 925, '415', 'heavy-duty-415', 13, 1, '2024-03-13 02:09:19', '2024-03-13 02:09:19'),
(996, 925, '4625', 'heavy-duty-4625', 13, 1, '2024-03-13 02:09:28', '2024-03-13 02:09:28'),
(997, 925, 'KI', 'heavy-duty-ki', 13, 1, '2024-03-13 02:09:35', '2024-03-13 02:09:35'),
(998, 925, 'Mb', 'heavy-duty-mb', 13, 1, '2024-03-13 02:09:42', '2024-03-13 02:09:42'),
(999, 925, 'Other Model', 'heavy-duty-other-model', 13, 1, '2024-03-13 02:09:49', '2024-03-13 02:09:49'),
(1000, 924, 'FI60', 'heavy-duty-fi60', 13, 1, '2024-03-13 02:11:14', '2024-03-13 02:11:14'),
(1001, 923, 'Other Model', 'heavy-duty-other-model', 13, 1, '2024-03-13 02:13:22', '2024-03-13 02:13:22'),
(1002, 922, 'Other Model', 'heavy-duty-other-model', 13, 1, '2024-03-13 02:14:21', '2024-03-13 02:14:21'),
(1003, 921, 'Other Model', 'heavy-duty-other-model', 13, 1, '2024-03-13 02:15:05', '2024-03-13 02:15:05'),
(1004, 920, '303CR', 'heavy-duty-303cr', 13, 1, '2024-03-13 02:16:05', '2024-03-13 02:16:05'),
(1005, 920, 'Bomag', 'heavy-duty-bomag', 13, 1, '2024-03-13 02:16:18', '2024-03-13 02:16:18'),
(1006, 920, 'D6', 'heavy-duty-d6', 13, 1, '2024-03-13 02:16:26', '2024-03-13 02:16:26'),
(1007, 920, 'Dayanafac', 'heavy-duty-dayanafac', 13, 1, '2024-03-13 02:16:42', '2024-03-13 02:16:42'),
(1008, 920, 'E240', 'heavy-duty-e240', 13, 1, '2024-03-13 02:16:55', '2024-03-13 02:16:55'),
(1009, 920, 'E70', 'heavy-duty-e70', 13, 1, '2024-03-13 02:17:04', '2024-03-13 02:17:04'),
(1010, 920, 'TCM', 'heavy-duty-tcm', 13, 1, '2024-03-13 02:17:13', '2024-03-13 02:17:13'),
(1011, 920, 'Other Model', 'heavy-duty-other-model', 13, 1, '2024-03-13 02:17:20', '2024-03-13 02:17:20'),
(1012, 919, '873', 'heavy-duty-873', 13, 1, '2024-03-13 02:19:07', '2024-03-13 02:19:07'),
(1013, 918, 'Other Model', 'heavy-duty-other-model', 13, 1, '2024-03-13 02:20:39', '2024-03-13 02:20:39'),
(1014, 917, 'Other Model', 'heavy-duty-other-model', 13, 1, '2024-03-13 02:21:11', '2024-03-13 02:21:11'),
(1015, 916, 'Boss', 'heavy-duty-boss', 13, 1, '2024-03-13 02:21:55', '2024-03-13 02:21:55'),
(1016, 916, 'Cargo', 'heavy-duty-cargo', 13, 1, '2024-03-13 02:22:07', '2024-03-13 02:22:07'),
(1017, 916, 'Taurus', 'heavy-duty-taurus', 13, 1, '2024-03-13 02:22:19', '2024-03-13 02:22:19'),
(1018, 916, 'Tusker', 'heavy-duty-tusker', 13, 1, '2024-03-13 02:22:32', '2024-03-13 02:22:32'),
(1019, 916, 'Ecomet', 'heavy-duty-ecomet', 13, 1, '2024-03-13 02:22:45', '2024-03-13 02:22:45'),
(1020, 916, 'Other Model', 'heavy-duty-other-model', 13, 1, '2024-03-13 02:22:52', '2024-03-13 02:22:52'),
(1021, 915, 'Other Model', 'heavy-duty-other-model', 13, 1, '2024-03-13 02:23:49', '2024-03-13 02:23:49'),
(1022, 0, 'Benye', 'tractors-benye', 14, 1, '2024-03-13 02:32:51', '2024-03-13 02:32:51'),
(1023, 0, 'DFAC', 'tractors-dfac', 14, 1, '2024-03-13 02:33:03', '2024-03-13 02:33:03'),
(1024, 0, 'Ford', 'tractors-ford', 14, 1, '2024-03-13 02:33:16', '2024-03-13 02:33:16'),
(1025, 0, 'John Deere', 'tractors-john-deere', 14, 1, '2024-03-13 02:33:46', '2024-03-13 02:33:46'),
(1026, 0, 'Kubota', 'tractors-kubota', 14, 1, '2024-03-13 02:34:01', '2024-03-13 02:34:01'),
(1027, 0, 'Mahindra', 'tractors-mahindra', 14, 1, '2024-03-13 02:34:45', '2024-03-13 02:34:45'),
(1028, 0, 'Massey Ferguson', 'tractors-massey-ferguson', 14, 1, '2024-03-13 02:35:09', '2024-03-13 02:58:57'),
(1029, 0, 'New Holland', 'tractors-new-holland', 14, 1, '2024-03-13 02:35:35', '2024-03-13 02:35:35'),
(1030, 0, 'Powertrac', 'tractors-powertrac', 14, 1, '2024-03-13 02:36:32', '2024-03-13 02:36:32'),
(1031, 0, 'TAFE', 'tractors-tafe', 14, 1, '2024-03-13 02:37:09', '2024-03-13 02:37:09'),
(1032, 0, 'Vikyno', 'tractors-vikyno', 14, 1, '2024-03-13 02:37:25', '2024-03-13 02:37:25'),
(1033, 0, 'Yanmar', 'tractors-yanmar', 14, 1, '2024-03-13 02:46:51', '2024-03-13 02:46:51'),
(1034, 0, 'Zongshen', 'tractors-zongshen', 14, 1, '2024-03-13 02:47:20', '2024-03-13 02:47:20'),
(1035, 0, 'Zotye', 'tractors-zotye', 14, 1, '2024-03-13 02:47:39', '2024-03-13 02:47:39'),
(1036, 0, 'Other Brand', 'tractors-other-brand', 14, 1, '2024-03-13 02:48:01', '2024-03-13 02:48:01'),
(1037, 1035, 'Other Model', 'tractors-other-model', 14, 1, '2024-03-13 02:51:57', '2024-03-13 02:51:57'),
(1038, 1034, 'Other Model', 'tractors-other-model', 14, 1, '2024-03-13 02:52:39', '2024-03-13 02:52:39'),
(1039, 1033, 'Other Model', 'tractors-other-model', 14, 1, '2024-03-13 02:53:33', '2024-03-13 02:53:33'),
(1040, 1032, 'Other Model', 'tractors-other-model', 14, 1, '2024-03-13 02:54:28', '2024-03-13 02:54:28'),
(1041, 1031, '45DI', 'tractors-45di', 14, 1, '2024-03-13 02:55:47', '2024-03-13 02:55:47'),
(1042, 1031, 'Sonalika', 'tractors-sonalika', 14, 1, '2024-03-13 02:56:01', '2024-03-13 02:56:01'),
(1043, 1031, 'Other Model', 'tractors-other-model', 14, 1, '2024-03-13 02:56:07', '2024-03-13 02:56:07'),
(1044, 1030, 'Other Model', 'tractors-other-model', 14, 1, '2024-03-13 02:57:19', '2024-03-13 02:57:19'),
(1045, 1029, 'Other Model', 'tractors-other-model', 14, 1, '2024-03-13 02:57:58', '2024-03-13 02:57:58'),
(1046, 1028, '135', 'tractors-135', 14, 1, '2024-03-13 02:59:58', '2024-03-13 02:59:58'),
(1047, 1028, 'MF', 'tractors-mf', 14, 1, '2024-03-13 03:00:08', '2024-03-13 03:00:08'),
(1048, 1028, 'Other Model', 'tractors-other-model', 14, 1, '2024-03-13 03:00:18', '2024-03-13 03:00:18'),
(1049, 1027, 'GX3600', 'tractors-gx3600', 14, 1, '2024-03-13 03:02:11', '2024-03-13 03:02:11'),
(1050, 1027, '575 DI', 'tractors-575-di', 14, 1, '2024-03-13 03:02:24', '2024-03-13 03:02:24'),
(1051, 1027, 'Yuvo', 'tractors-yuvo', 14, 1, '2024-03-13 03:02:35', '2024-03-13 03:02:35'),
(1052, 1027, 'Other Model', 'tractors-other-model', 14, 1, '2024-03-13 03:02:41', '2024-03-13 03:02:41'),
(1053, 1026, '3408', 'tractors-3408', 14, 1, '2024-03-13 03:03:34', '2024-03-13 03:03:34'),
(1054, 1026, '4508', 'tractors-4508', 14, 1, '2024-03-13 03:03:43', '2024-03-13 03:03:43'),
(1055, 1026, 'K700', 'tractors-k700', 14, 1, '2024-03-13 03:03:52', '2024-03-13 03:03:52'),
(1056, 1026, 'RK', 'tractors-rk', 14, 1, '2024-03-13 03:04:03', '2024-03-13 03:04:03'),
(1057, 1026, 'Sifang', 'tractors-sifang', 14, 1, '2024-03-13 03:04:16', '2024-03-13 03:04:16'),
(1058, 1026, 'Other Model', 'tractors-other-model', 14, 1, '2024-03-13 03:04:26', '2024-03-13 03:04:26'),
(1059, 1025, '5045', 'tractors-5045', 14, 1, '2024-03-13 03:05:22', '2024-03-13 03:05:22'),
(1060, 1025, '5047', 'tractors-5047', 14, 1, '2024-03-13 03:05:31', '2024-03-13 03:05:31'),
(1061, 1025, '5203', 'tractors-5203', 14, 1, '2024-03-13 03:05:40', '2024-03-13 03:05:40'),
(1062, 1025, 'Other Model', 'tractors-other-model', 14, 1, '2024-03-13 03:05:47', '2024-03-13 03:05:47'),
(1063, 1024, 'Other Model', 'tractors-other-model', 14, 1, '2024-03-13 03:06:46', '2024-03-13 03:06:46'),
(1064, 1023, 'Other Model', 'tractors-other-model', 14, 1, '2024-03-13 03:07:24', '2024-03-13 03:07:24'),
(1065, 1022, 'Other Model', 'tractors-other-model', 14, 1, '2024-03-13 03:08:03', '2024-03-13 03:08:03'),
(1066, 0, 'Acura', 'auto-parts-accessories-acura', 17, 1, '2024-03-13 04:58:01', '2024-03-13 04:58:01'),
(1067, 0, 'Alfa Romeo', 'auto-parts-accessories-alfa-romeo', 17, 1, '2024-03-13 04:58:18', '2024-03-13 04:58:18'),
(1068, 0, 'Aprilia', 'auto-parts-accessories-aprilia', 17, 1, '2024-03-13 04:58:30', '2024-03-13 04:58:30'),
(1069, 0, 'Ashok Leyland', 'auto-parts-accessories-ashok-leyland', 17, 1, '2024-03-13 04:58:51', '2024-03-13 04:58:51'),
(1070, 0, 'Aston Martin', 'auto-parts-accessories-aston-martin', 17, 1, '2024-03-13 04:59:15', '2024-03-13 04:59:15'),
(1071, 0, 'Atlas', 'auto-parts-accessories-atlas', 17, 1, '2024-03-13 04:59:27', '2024-03-13 04:59:27'),
(1072, 0, 'Audi', 'auto-parts-accessories-audi', 17, 1, '2024-03-13 04:59:38', '2024-03-13 04:59:38'),
(1073, 0, 'Austin', 'auto-parts-accessories-austin', 17, 1, '2024-03-13 04:59:50', '2024-03-13 04:59:50'),
(1074, 0, 'Bajaj', 'auto-parts-accessories-bajaj', 17, 1, '2024-03-13 05:00:03', '2024-03-13 05:00:03'),
(1075, 0, 'Benford', 'auto-parts-accessories-benford', 17, 1, '2024-03-13 05:00:15', '2024-03-13 05:00:15'),
(1076, 0, 'Bianchi', 'auto-parts-accessories-bianchi', 17, 1, '2024-03-13 05:00:40', '2024-03-13 05:00:40'),
(1077, 0, 'BMW', 'mobile-phones-bmw', 2, 1, '2024-03-13 05:00:54', '2024-03-13 05:00:54'),
(1078, 0, 'BMW', 'auto-parts-accessories-bmw', 17, 1, '2024-03-13 05:01:10', '2024-03-13 05:01:10'),
(1079, 0, 'Bobcat', 'auto-parts-accessories-bobcat', 17, 1, '2024-03-13 05:01:26', '2024-03-13 05:01:26'),
(1080, 0, 'Cannondale', 'auto-parts-accessories-cannondale', 17, 1, '2024-03-13 05:01:50', '2024-03-13 05:01:50'),
(1081, 0, 'Cat', 'auto-parts-accessories-cat', 17, 1, '2024-03-13 05:02:02', '2024-03-13 05:02:02'),
(1082, 0, 'Chery', 'auto-parts-accessories-chery', 17, 1, '2024-03-13 05:02:13', '2024-03-13 05:02:13'),
(1083, 0, 'Chevrolet', 'auto-parts-accessories-chevrolet', 17, 1, '2024-03-13 05:02:37', '2024-03-13 05:02:37'),
(1084, 0, 'Chrysler', 'auto-parts-accessories-chrysler', 17, 1, '2024-03-13 05:02:57', '2024-03-13 05:02:57');
INSERT INTO `brands_models` (`id`, `brandsId`, `name`, `url`, `sub_cat_id`, `status`, `created_at`, `updated_at`) VALUES
(1085, 0, 'Citroen', 'auto-parts-accessories-citroen', 17, 1, '2024-03-13 05:03:13', '2024-03-13 05:03:13'),
(1086, 0, 'Daewoo', 'auto-parts-accessories-daewoo', 17, 1, '2024-03-13 05:03:26', '2024-03-13 05:03:26'),
(1087, 0, 'Daihstsu', 'auto-parts-accessories-daihstsu', 17, 1, '2024-03-13 05:04:00', '2024-03-13 05:04:00'),
(1088, 0, 'Datsum', 'auto-parts-accessories-datsum', 17, 1, '2024-03-13 05:04:15', '2024-03-13 05:04:15'),
(1089, 0, 'Demak', 'auto-parts-accessories-demak', 17, 1, '2024-03-13 05:04:29', '2024-03-13 05:04:29'),
(1090, 0, 'DFac', 'auto-parts-accessories-dfac', 17, 1, '2024-03-13 05:04:44', '2024-03-13 05:04:44'),
(1091, 0, 'DFSK', 'auto-parts-accessories-dfsk', 17, 1, '2024-03-13 05:05:21', '2024-03-13 05:05:21'),
(1092, 0, 'Dsi', 'auto-parts-accessories-dsi', 17, 1, '2024-03-13 05:05:36', '2024-03-13 05:05:36'),
(1093, 0, 'Eicher', 'auto-parts-accessories-eicher', 17, 1, '2024-03-13 05:06:00', '2024-03-13 05:06:00'),
(1094, 0, 'Electra', 'auto-parts-accessories-electra', 17, 1, '2024-03-13 05:06:22', '2024-03-13 05:06:22'),
(1095, 0, 'Faw', 'mobile-phones-faw', 2, 1, '2024-03-13 05:06:41', '2024-03-13 05:06:41'),
(1096, 0, 'Fiat', 'auto-parts-accessories-fiat', 17, 1, '2024-03-13 05:07:05', '2024-03-13 05:07:05'),
(1097, 0, 'Ford', 'auto-parts-accessories-ford', 17, 1, '2024-03-13 05:07:23', '2024-03-13 05:07:23'),
(1098, 0, 'Foton', 'auto-parts-accessories-foton', 17, 1, '2024-03-13 05:07:34', '2024-03-13 05:07:34'),
(1099, 0, 'Furukawa', 'auto-parts-accessories-furukawa', 17, 1, '2024-03-13 05:08:12', '2024-03-13 05:08:12'),
(1100, 0, 'Geely', 'auto-parts-accessories-geely', 17, 1, '2024-03-13 05:08:30', '2024-03-13 05:08:30'),
(1101, 0, 'GMC', 'mobile-phones-gmc', 2, 1, '2024-03-13 05:09:39', '2024-03-13 05:09:39'),
(1102, 0, 'Golden Dragon', 'auto-parts-accessories-golden-dragon', 17, 1, '2024-03-13 05:09:56', '2024-03-13 05:09:56'),
(1103, 0, 'Harley Davidson', 'auto-parts-accessories-harley-davidson', 17, 1, '2024-03-13 05:10:13', '2024-03-13 05:10:13'),
(1104, 0, 'Hero', 'auto-parts-accessories-hero', 17, 1, '2024-03-13 05:10:33', '2024-03-13 05:10:33'),
(1105, 0, 'Hino', 'auto-parts-accessories-hino', 17, 1, '2024-03-13 05:10:45', '2024-03-13 05:10:45'),
(1106, 0, 'Hitachi', 'auto-parts-accessories-hitachi', 17, 1, '2024-03-13 05:12:08', '2024-03-13 05:12:08'),
(1107, 0, 'Honda', 'auto-parts-accessories-honda', 17, 1, '2024-03-13 05:12:19', '2024-03-13 05:12:19'),
(1108, 0, 'Hoy', 'auto-parts-accessories-hoy', 17, 1, '2024-03-13 05:12:28', '2024-03-13 05:12:28'),
(1109, 0, 'Hummer', 'auto-parts-accessories-hummer', 17, 1, '2024-03-13 05:12:40', '2024-03-13 05:12:40'),
(1110, 0, 'Hyundai', 'auto-parts-accessories-hyundai', 17, 1, '2024-03-13 05:12:58', '2024-03-13 05:12:58'),
(1111, 0, 'Isuzu', 'auto-parts-accessories-isuzu', 17, 1, '2024-03-13 05:13:13', '2024-03-13 05:13:13'),
(1112, 0, 'Jac', 'auto-parts-accessories-jac', 17, 1, '2024-03-13 05:13:28', '2024-03-13 05:13:28'),
(1113, 0, 'Jaguar', 'auto-parts-accessories-jaguar', 17, 1, '2024-03-13 05:13:41', '2024-03-13 05:13:41'),
(1114, 0, 'JCB', 'auto-parts-accessories-jcb', 17, 1, '2024-03-13 05:13:51', '2024-03-13 05:13:51'),
(1115, 0, 'Jeep', 'auto-parts-accessories-jeep', 17, 1, '2024-03-13 05:14:03', '2024-03-13 05:14:03'),
(1116, 0, 'JMC', 'auto-parts-accessories-jmc', 17, 1, '2024-03-13 05:14:17', '2024-03-13 05:14:17'),
(1117, 0, 'John Deere', 'auto-parts-accessories-john-deere', 17, 1, '2024-03-13 05:14:39', '2024-03-13 05:14:39'),
(1118, 0, 'Kato', 'auto-parts-accessories-kato', 17, 1, '2024-03-13 05:14:54', '2024-03-13 05:14:54'),
(1119, 0, 'Kawasaki', 'auto-parts-accessories-kawasaki', 17, 1, '2024-03-13 05:15:16', '2024-03-13 05:15:16'),
(1120, 0, 'Kenstar', 'auto-parts-accessories-kenstar', 17, 1, '2024-03-13 05:15:51', '2024-03-13 05:15:51'),
(1121, 0, 'Kenton', 'auto-parts-accessories-kenton', 17, 1, '2024-03-13 05:16:31', '2024-03-13 05:16:31'),
(1122, 0, 'Kia', 'mobile-phones-kia', 2, 1, '2024-03-13 05:16:43', '2024-03-13 05:16:43'),
(1123, 0, 'Kids', 'auto-parts-accessories-kids', 17, 1, '2024-03-13 05:16:58', '2024-03-13 05:16:58'),
(1124, 0, 'Kinetic', 'mobile-phones-kinetic', 2, 1, '2024-03-13 05:17:21', '2024-03-13 05:17:21'),
(1125, 0, 'Kobelco', 'auto-parts-accessories-kobelco', 17, 1, '2024-03-13 05:18:27', '2024-03-13 05:18:27'),
(1126, 0, 'Komatsu', 'auto-parts-accessories-komatsu', 17, 1, '2024-03-13 05:18:41', '2024-03-13 05:18:41'),
(1128, 0, 'KTM', 'auto-parts-accessories-ktm', 17, 1, '2024-03-13 05:19:36', '2024-03-13 05:19:36'),
(1129, 0, 'Kubota', 'auto-parts-accessories-kubota', 17, 1, '2024-03-13 05:19:56', '2024-03-13 05:19:56'),
(1130, 0, 'KYMCO', 'auto-parts-accessories-kymco', 17, 1, '2024-03-13 05:20:13', '2024-03-13 05:20:13'),
(1131, 0, 'Land Rover', 'auto-parts-accessories-land-rover', 17, 1, '2024-03-13 05:20:27', '2024-03-13 05:20:27'),
(1132, 0, 'Lemond', 'auto-parts-accessories-lemond', 17, 1, '2024-03-13 05:20:45', '2024-03-13 05:20:45'),
(1133, 0, 'Lexus', 'auto-parts-accessories-lexus', 17, 1, '2024-03-13 05:20:59', '2024-03-13 05:20:59'),
(1134, 0, 'Loncin', 'auto-parts-accessories-loncin', 17, 1, '2024-03-13 05:21:14', '2024-03-13 05:21:14'),
(1135, 0, 'Lumala', 'auto-parts-accessories-lumala', 17, 1, '2024-03-13 05:21:27', '2024-03-13 05:21:27'),
(1136, 0, 'Magura', 'auto-parts-accessories-magura', 17, 1, '2024-03-13 05:21:57', '2024-03-13 05:21:57'),
(1137, 0, 'Mahindra', 'auto-parts-accessories-mahindra', 17, 1, '2024-03-13 05:22:20', '2024-03-13 05:22:20'),
(1138, 0, 'Maruti', 'auto-parts-accessories-maruti', 17, 1, '2024-03-13 05:22:34', '2024-03-13 05:22:34'),
(1139, 0, 'Maruti Suzuiki', 'auto-parts-accessories-maruti-suzuiki', 17, 1, '2024-03-13 05:23:01', '2024-03-13 05:23:01'),
(1140, 0, 'Maserati', 'auto-parts-accessories-maserati', 17, 1, '2024-03-13 05:23:18', '2024-03-13 05:23:18'),
(1141, 0, 'Massey Ferguson', 'auto-parts-accessories-massey-ferguson', 17, 1, '2024-03-13 05:25:12', '2024-03-13 05:25:12'),
(1142, 0, 'Mazda', 'auto-parts-accessories-mazda', 17, 1, '2024-03-13 05:26:30', '2024-03-13 05:26:30'),
(1143, 0, 'MG', 'auto-parts-accessories-mg', 17, 1, '2024-03-13 05:26:38', '2024-03-13 05:26:38'),
(1144, 0, 'Micro', 'auto-parts-accessories-micro', 17, 1, '2024-03-13 05:26:50', '2024-03-13 05:26:50'),
(1145, 0, 'Mini', 'auto-parts-accessories-mini', 17, 1, '2024-03-13 05:27:01', '2024-03-13 05:27:01'),
(1146, 0, 'Minnelli', 'auto-parts-accessories-minnelli', 17, 1, '2024-03-13 05:27:25', '2024-03-13 05:27:25'),
(1147, 0, 'Mitsubishi', 'mobile-phones-mitsubishi', 2, 1, '2024-03-13 05:27:47', '2024-03-13 05:27:47'),
(1148, 0, 'Morris', 'auto-parts-accessories-morris', 17, 1, '2024-03-13 05:28:01', '2024-03-13 05:28:01'),
(1149, 0, 'Mubota', 'auto-parts-accessories-mubota', 17, 1, '2024-03-13 05:28:15', '2024-03-13 05:28:15'),
(1150, 0, 'Nemo', 'auto-parts-accessories-nemo', 17, 1, '2024-03-13 05:28:29', '2024-03-13 05:28:29'),
(1151, 0, 'New Holland', 'auto-parts-accessories-new-holland', 17, 1, '2024-03-13 05:29:06', '2024-03-13 05:29:06'),
(1152, 0, 'Opel', 'auto-parts-accessories-opel', 17, 1, '2024-03-13 05:29:19', '2024-03-13 05:29:19'),
(1153, 0, 'Nissan', 'auto-parts-accessories-nissan', 17, 1, '2024-03-13 05:29:39', '2024-03-13 05:29:39'),
(1154, 0, 'Perodua', 'auto-parts-accessories-perodua', 17, 1, '2024-03-13 05:30:05', '2024-03-13 05:30:05'),
(1155, 0, 'Peugeot', 'auto-parts-accessories-peugeot', 17, 1, '2024-03-13 05:30:41', '2024-03-13 05:30:41'),
(1156, 0, 'Piaggio', 'auto-parts-accessories-piaggio', 17, 1, '2024-03-13 05:31:01', '2024-03-13 05:31:01'),
(1157, 0, 'Pimnacle', 'auto-parts-accessories-pimnacle', 17, 1, '2024-03-13 05:31:17', '2024-03-13 05:31:17'),
(1158, 0, 'Porsche', 'auto-parts-accessories-porsche', 17, 1, '2024-03-13 05:31:43', '2024-03-13 05:31:43'),
(1159, 0, 'Powertrac', 'auto-parts-accessories-powertrac', 17, 1, '2024-03-13 05:31:58', '2024-03-13 05:31:58'),
(1160, 0, 'Raleigh', 'auto-parts-accessories-raleigh', 17, 1, '2024-03-13 05:33:44', '2024-03-13 05:33:44'),
(1161, 0, 'Ranomoto', 'auto-parts-accessories-ranomoto', 17, 1, '2024-03-13 05:34:03', '2024-03-13 05:34:03'),
(1162, 0, 'Renault', 'auto-parts-accessories-renault', 17, 1, '2024-03-13 05:34:17', '2024-03-13 05:34:17'),
(1163, 0, 'Ribow', 'auto-parts-accessories-ribow', 17, 1, '2024-03-13 05:34:36', '2024-03-13 05:34:36'),
(1164, 0, 'Royal Enfield', 'auto-parts-accessories-royal-enfield', 17, 1, '2024-03-13 05:35:45', '2024-03-13 05:35:45'),
(1165, 0, 'Sakai', 'auto-parts-accessories-sakai', 17, 1, '2024-03-13 05:42:10', '2024-03-13 05:42:10'),
(1166, 0, 'Schwinn', 'auto-parts-accessories-schwinn', 17, 1, '2024-03-13 05:42:26', '2024-03-13 05:42:26'),
(1167, 0, 'Scooty', 'auto-parts-accessories-scooty', 17, 1, '2024-03-13 05:42:39', '2024-03-13 05:42:39'),
(1168, 0, 'SEAT', 'auto-parts-accessories-seat', 17, 1, '2024-03-13 05:42:51', '2024-03-13 05:42:51'),
(1169, 0, 'Shimano', 'auto-parts-accessories-shimano', 17, 1, '2024-03-13 05:59:23', '2024-03-13 05:59:23'),
(1170, 0, 'Silverfox', 'auto-parts-accessories-silverfox', 17, 1, '2024-03-13 05:59:45', '2024-03-13 05:59:45'),
(1171, 0, 'Skoda', 'auto-parts-accessories-skoda', 17, 1, '2024-03-13 06:00:03', '2024-03-13 06:00:03'),
(1172, 0, 'smart', 'auto-parts-accessories-smart', 17, 1, '2024-03-13 06:00:17', '2024-03-13 06:00:17'),
(1173, 0, 'Sojen', 'auto-parts-accessories-sojen', 17, 1, '2024-03-13 06:00:52', '2024-03-13 06:00:52'),
(1174, 0, 'SSang Yong', 'auto-parts-accessories-ssang-yong', 17, 1, '2024-03-13 06:01:14', '2024-03-13 06:01:14'),
(1175, 0, 'Subaru', 'mobile-phones-subaru', 2, 1, '2024-03-13 06:01:29', '2024-03-13 06:01:29'),
(1176, 0, 'Sumitomo', 'auto-parts-accessories-sumitomo', 17, 1, '2024-03-13 06:02:00', '2024-03-13 06:02:00'),
(1177, 0, 'Suzuki', 'auto-parts-accessories-suzuki', 17, 1, '2024-03-13 06:02:33', '2024-03-13 06:02:33'),
(1178, 0, 'Tafe', 'auto-parts-accessories-tafe', 17, 1, '2024-03-13 06:02:45', '2024-03-13 06:02:45'),
(1179, 0, 'Tata', 'auto-parts-accessories-tata', 17, 1, '2024-03-13 06:03:00', '2024-03-13 06:03:00'),
(1180, 0, 'Tesla', 'auto-parts-accessories-tesla', 17, 1, '2024-03-13 06:03:12', '2024-03-13 06:03:12'),
(1181, 0, 'Tomahawk', 'auto-parts-accessories-tomahawk', 17, 1, '2024-03-13 06:03:30', '2024-03-13 06:03:30'),
(1182, 0, 'Trek', 'auto-parts-accessories-trek', 17, 1, '2024-03-13 06:03:43', '2024-03-13 06:03:43'),
(1183, 0, 'Triumph', 'auto-parts-accessories-triumph', 17, 1, '2024-03-13 06:03:59', '2024-03-13 06:03:59'),
(1184, 0, 'TVS', 'auto-parts-accessories-tvs', 17, 1, '2024-03-13 06:04:10', '2024-03-13 06:04:10'),
(1185, 0, 'Vauxhall', 'auto-parts-accessories-vauxhall', 17, 1, '2024-03-13 06:04:33', '2024-03-13 06:04:33'),
(1186, 0, 'Vespa', 'auto-parts-accessories-vespa', 17, 1, '2024-03-13 06:04:47', '2024-03-13 06:04:47'),
(1187, 0, 'Vikyno', 'auto-parts-accessories-vikyno', 17, 1, '2024-03-13 06:05:00', '2024-03-13 06:05:00'),
(1188, 0, 'Volkswagen', 'auto-parts-accessories-volkswagen', 17, 1, '2024-03-13 06:05:21', '2024-03-13 06:05:21'),
(1189, 0, 'Volvo', 'auto-parts-accessories-volvo', 17, 1, '2024-03-13 06:05:35', '2024-03-13 06:05:35'),
(1190, 0, 'Yamaha', 'auto-parts-accessories-yamaha', 17, 1, '2024-03-13 06:05:48', '2024-03-13 06:05:48'),
(1191, 0, 'Yanmar', 'auto-parts-accessories-yanmar', 17, 1, '2024-03-13 06:06:02', '2024-03-13 06:06:02'),
(1192, 0, 'Yujien', 'auto-parts-accessories-yujien', 17, 1, '2024-03-13 06:06:15', '2024-03-13 06:06:15'),
(1193, 0, 'Zotye', 'auto-parts-accessories-zotye', 17, 1, '2024-03-13 06:06:30', '2024-03-13 06:06:30'),
(1194, 0, 'Other Brand', 'auto-parts-accessories-other-brand', 17, 1, '2024-03-13 06:06:58', '2024-03-13 06:06:58'),
(1195, 1194, 'Other Model', 'auto-parts-accessories-other-model', 17, 1, '2024-03-13 06:10:49', '2024-03-13 06:10:49'),
(1196, 1193, 'Extreme', 'auto-parts-accessories-extreme', 17, 1, '2024-03-13 06:11:59', '2024-03-13 06:11:59'),
(1197, 1193, 'Nomad', 'auto-parts-accessories-nomad', 17, 1, '2024-03-13 06:12:12', '2024-03-13 06:12:12'),
(1198, 1193, 'Z100', 'auto-parts-accessories-z100', 17, 1, '2024-03-13 06:12:22', '2024-03-13 06:12:22'),
(1199, 1193, 'Other Model', 'auto-parts-accessories-other-model', 17, 1, '2024-03-13 06:12:27', '2024-03-13 06:12:27'),
(1200, 1192, 'Other Model', 'auto-parts-accessories-other-model', 17, 1, '2024-03-13 06:13:30', '2024-03-13 06:13:30'),
(1201, 1191, 'Other Model', 'auto-parts-accessories-other-model', 17, 1, '2024-03-13 06:14:40', '2024-03-13 06:14:40'),
(1202, 1190, 'Alpha', 'auto-parts-accessories-alpha', 17, 1, '2024-03-13 06:15:59', '2024-03-13 06:15:59'),
(1203, 1190, 'DT', 'auto-parts-accessories-dt', 17, 1, '2024-03-13 06:16:09', '2024-03-13 06:16:09'),
(1204, 1190, 'Enticer', 'auto-parts-accessories-enticer', 17, 1, '2024-03-13 06:16:21', '2024-03-13 06:16:21'),
(1205, 1190, 'FZ', 'auto-parts-accessories-fz', 17, 1, '2024-03-13 06:16:31', '2024-03-13 06:16:31'),
(1206, 1190, 'FZ S', 'auto-parts-accessories-fz-s', 17, 1, '2024-03-13 06:16:41', '2024-03-13 06:16:41'),
(1207, 1190, 'FZ25', 'auto-parts-accessories-fz25', 17, 1, '2024-03-13 06:16:55', '2024-03-13 06:16:55'),
(1208, 1190, 'Facino', 'auto-parts-accessories-facino', 17, 1, '2024-03-13 06:17:18', '2024-03-13 06:17:18'),
(1209, 1190, 'Fascino', 'auto-parts-accessories-fascino', 17, 1, '2024-03-13 06:17:41', '2024-03-13 06:17:41'),
(1210, 1190, 'Fazer', 'auto-parts-accessories-fazer', 17, 1, '2024-03-13 06:17:50', '2024-03-13 06:17:50'),
(1211, 1190, 'Gladiator', 'auto-parts-accessories-gladiator', 17, 1, '2024-03-13 06:18:05', '2024-03-13 06:18:05'),
(1212, 1190, 'JGR', 'auto-parts-accessories-jgr', 17, 1, '2024-03-13 06:18:23', '2024-03-13 06:18:23'),
(1213, 1190, 'Lanza 230', 'auto-parts-accessories-lanza-230', 17, 1, '2024-03-13 06:18:46', '2024-03-13 06:18:46'),
(1214, 1190, 'Libero', 'auto-parts-accessories-libero', 17, 1, '2024-03-13 06:18:59', '2024-03-13 06:18:59'),
(1215, 1190, 'Mate', 'auto-parts-accessories-mate', 17, 1, '2024-03-13 06:19:18', '2024-03-13 06:19:18'),
(1216, 1190, 'MT 06', 'auto-parts-accessories-mt-06', 17, 1, '2024-03-13 06:19:29', '2024-03-13 06:19:29'),
(1217, 1190, 'MT09', 'auto-parts-accessories-mt09', 17, 1, '2024-03-13 06:19:43', '2024-03-13 06:19:43'),
(1218, 1190, 'MT 15', 'auto-parts-accessories-mt-15', 17, 1, '2024-03-13 06:19:53', '2024-03-13 06:19:53'),
(1219, 1190, 'Majesty', 'auto-parts-accessories-majesty', 17, 1, '2024-03-13 06:20:10', '2024-03-13 06:20:10'),
(1220, 1190, 'N Max', 'auto-parts-accessories-n-max', 17, 1, '2024-03-13 06:20:22', '2024-03-13 06:20:22'),
(1221, 1190, 'R1', 'auto-parts-accessories-r1', 17, 1, '2024-03-13 06:20:31', '2024-03-13 06:20:31'),
(1222, 1190, 'R15', 'auto-parts-accessories-r15', 17, 1, '2024-03-13 06:20:42', '2024-03-13 06:20:42'),
(1223, 1190, 'R6', 'auto-parts-accessories-r6', 17, 1, '2024-03-13 06:20:49', '2024-03-13 06:20:49'),
(1224, 1190, 'RX100', 'auto-parts-accessories-rx100', 17, 1, '2024-03-13 06:20:59', '2024-03-13 06:20:59'),
(1225, 1190, 'Ray', 'auto-parts-accessories-ray', 17, 1, '2024-03-13 06:21:08', '2024-03-13 06:21:08'),
(1226, 1190, 'Ray ZR', 'auto-parts-accessories-ray-zr', 17, 1, '2024-03-13 06:21:22', '2024-03-13 06:21:22'),
(1227, 1190, 'SR 125', 'auto-parts-accessories-sr-125', 17, 1, '2024-03-13 06:21:40', '2024-03-13 06:21:40'),
(1228, 0, 'ASPER', 'mobile-phone-accessories-asper', 3, 1, '2024-03-14 00:39:55', '2024-03-14 00:39:55'),
(1229, 0, 'Baseus', 'mobile-phone-accessories-baseus', 3, 1, '2024-03-14 00:40:07', '2024-03-14 00:40:07'),
(1230, 0, 'BOSE', 'mobile-phone-accessories-bose', 3, 1, '2024-03-14 00:40:24', '2024-03-14 00:40:24'),
(1231, 0, 'Celebrat', 'mobile-phone-accessories-celebrat', 3, 1, '2024-03-14 00:40:42', '2024-03-14 00:40:42'),
(1232, 0, 'Google', 'mobile-phone-accessories-google', 3, 1, '2024-03-14 00:40:54', '2024-03-14 00:40:54'),
(1233, 0, 'Havit', 'mobile-phone-accessories-havit', 3, 1, '2024-03-14 00:41:06', '2024-03-14 00:41:06'),
(1234, 0, 'Haylou', 'mobile-phones-haylou', 2, 1, '2024-03-14 00:41:17', '2024-03-14 00:41:17'),
(1235, 0, 'Huawei', 'mobile-phone-accessories-huawei', 3, 1, '2024-03-14 00:41:34', '2024-03-14 00:41:34'),
(1236, 0, 'JBL', 'mobile-phone-accessories-jbl', 3, 1, '2024-03-14 00:41:46', '2024-03-14 00:41:46'),
(1237, 0, 'Joyroom', 'mobile-phone-accessories-joyroom', 3, 1, '2024-03-14 00:41:59', '2024-03-14 00:41:59'),
(1238, 0, 'Kingston', 'mobile-phone-accessories-kingston', 3, 1, '2024-03-14 00:42:16', '2024-03-14 00:42:16'),
(1239, 0, 'Nokia', 'mobile-phone-accessories-nokia', 3, 1, '2024-03-14 00:42:26', '2024-03-14 00:42:26'),
(1240, 0, 'OPPO', 'mobile-phone-accessories-oppo', 3, 1, '2024-03-14 00:42:40', '2024-03-14 00:42:40'),
(1241, 0, 'Oneplus', 'mobile-phone-accessories-oneplus', 3, 1, '2024-03-14 00:42:54', '2024-03-14 00:42:54'),
(1242, 0, 'Realme', 'mobile-phone-accessories-realme', 3, 1, '2024-03-14 00:43:07', '2024-03-14 00:43:07'),
(1243, 0, 'Redmi', 'mobile-phone-accessories-redmi', 3, 1, '2024-03-14 00:43:22', '2024-03-14 00:43:22'),
(1244, 0, 'Remax', 'mobile-phone-accessories-remax', 3, 1, '2024-03-14 00:43:34', '2024-03-14 00:43:34'),
(1245, 0, 'Samsung', 'mobile-phone-accessories-samsung', 3, 1, '2024-03-14 00:43:50', '2024-03-14 00:43:50'),
(1246, 0, 'Sandisk', 'mobile-phone-accessories-sandisk', 3, 1, '2024-03-14 00:44:16', '2024-03-14 00:44:16'),
(1247, 0, 'Skmei', 'mobile-phone-accessories-skmei', 3, 1, '2024-03-14 00:44:33', '2024-03-14 00:44:33'),
(1248, 0, 'Skullcandy', 'mobile-phone-accessories-skullcandy', 3, 1, '2024-03-14 00:44:50', '2024-03-14 00:44:50'),
(1249, 0, 'Sony', 'mobile-phone-accessories-sony', 3, 1, '2024-03-14 00:45:01', '2024-03-14 00:45:01'),
(1250, 0, 'Vivo', 'mobile-phone-accessories-vivo', 3, 1, '2024-03-14 00:45:13', '2024-03-14 00:45:13'),
(1251, 0, 'Xiaomi', 'mobile-phone-accessories-xiaomi', 3, 1, '2024-03-14 00:45:27', '2024-03-14 00:45:27'),
(1252, 0, 'Casio', 'mobile-phone-accessories-casio', 3, 1, '2024-03-14 00:45:40', '2024-03-14 00:45:40'),
(1253, 0, 'Beats', 'mobile-phone-accessories-beats', 3, 1, '2024-03-14 00:45:51', '2024-03-14 00:45:51'),
(1254, 0, 'Marshall', 'mobile-phone-accessories-marshall', 3, 1, '2024-03-14 00:46:08', '2024-03-14 00:46:08'),
(1255, 0, 'Other brand', 'mobile-phone-accessories-other-brand', 3, 1, '2024-03-14 00:46:19', '2024-03-14 00:46:19'),
(1256, 0, 'Acer', 'computers-tablets-acer', 25, 1, '2024-03-14 00:56:05', '2024-03-14 00:56:05'),
(1257, 0, 'Apple iMac', 'computers-tablets-apple-imac', 25, 1, '2024-03-14 00:56:31', '2024-03-14 00:56:31'),
(1258, 0, 'Apple iPad', 'computers-tablets-apple-ipad', 25, 1, '2024-03-14 00:56:57', '2024-03-14 00:56:57'),
(1259, 0, 'Apple MacBook', 'computers-tablets-apple-macbook', 25, 1, '2024-03-14 00:57:24', '2024-03-14 00:57:24'),
(1260, 0, 'Asus', 'computers-tablets-asus', 25, 1, '2024-03-14 00:57:45', '2024-03-14 00:57:45'),
(1261, 0, 'CHUWI', 'computers-tablets-chuwi', 25, 1, '2024-03-14 00:58:07', '2024-03-14 00:58:07'),
(1262, 0, 'Dell', 'computers-tablets-dell', 25, 1, '2024-03-14 00:58:27', '2024-03-14 00:58:27'),
(1263, 0, 'Google', 'computers-tablets-google', 25, 1, '2024-03-14 00:58:52', '2024-03-14 00:58:52'),
(1264, 0, 'HP', 'computers-tablets-hp', 25, 1, '2024-03-14 00:59:08', '2024-03-14 00:59:08'),
(1265, 0, 'Huawei', 'computers-tablets-huawei', 25, 1, '2024-03-14 00:59:34', '2024-03-14 00:59:34'),
(1266, 0, 'IBM', 'computers-tablets-ibm', 25, 1, '2024-03-14 00:59:54', '2024-03-14 00:59:54'),
(1267, 0, 'Intel', 'computers-tablets-intel', 25, 1, '2024-03-14 01:00:16', '2024-03-14 01:00:16'),
(1268, 0, 'Lenovo', 'computers-tablets-lenovo', 25, 1, '2024-03-14 01:00:43', '2024-03-14 01:00:43'),
(1269, 0, 'Microsoft', 'computers-tablets-microsoft', 25, 1, '2024-03-14 01:01:03', '2024-03-14 01:01:03'),
(1270, 0, 'Panasonic', 'computers-tablets-panasonic', 25, 1, '2024-03-14 01:01:25', '2024-03-14 01:01:25'),
(1271, 0, 'Samsung', 'computers-tablets-samsung', 25, 1, '2024-03-14 01:01:49', '2024-03-14 01:01:49'),
(1272, 0, 'Singer', 'computers-tablets-singer', 25, 1, '2024-03-14 01:02:11', '2024-03-14 01:02:11'),
(1273, 0, 'Sony', 'computers-tablets-sony', 25, 1, '2024-03-14 01:02:31', '2024-03-14 01:02:31'),
(1274, 0, 'Toshiba', 'computers-tablets-toshiba', 25, 1, '2024-03-14 01:02:53', '2024-03-14 01:02:53'),
(1275, 0, 'TCL', 'computers-tablets-tcl', 25, 1, '2024-03-14 01:03:13', '2024-03-14 01:03:13'),
(1276, 0, 'Greentel', 'computers-tablets-greentel', 25, 1, '2024-03-14 01:03:35', '2024-03-14 01:03:35'),
(1277, 0, 'Other Brand', 'computers-tablets-other-brand', 25, 1, '2024-03-14 01:03:59', '2024-03-14 01:03:59'),
(1278, 0, 'Apple', 'computer-accessories-apple', 26, 1, '2024-03-14 01:17:59', '2024-03-14 01:17:59'),
(1279, 0, 'ASUS', 'computer-accessories-asus', 26, 1, '2024-03-14 01:18:18', '2024-03-14 01:18:18'),
(1280, 0, 'Baseus', 'computer-accessories-baseus', 26, 1, '2024-03-14 01:18:47', '2024-03-14 01:18:47'),
(1281, 0, 'Canon', 'computer-accessories-canon', 26, 1, '2024-03-14 01:19:08', '2024-03-14 01:19:08'),
(1282, 0, 'DELL', 'computer-accessories-dell', 26, 1, '2024-03-14 01:19:31', '2024-03-14 01:19:31'),
(1283, 0, 'EPSON', 'computer-accessories-epson', 26, 1, '2024-03-14 01:19:57', '2024-03-14 01:19:57'),
(1284, 0, 'HP', 'computer-accessories-hp', 26, 1, '2024-03-14 01:20:15', '2024-03-14 01:20:15'),
(1285, 0, 'Huawei', 'computer-accessories-huawei', 26, 1, '2024-03-14 01:20:37', '2024-03-14 01:20:37'),
(1286, 0, 'LOGITEC', 'computer-accessories-logitec', 26, 1, '2024-03-14 01:20:57', '2024-03-14 01:20:57'),
(1287, 0, 'Kaspersky', 'computer-accessories-kaspersky', 26, 1, '2024-03-14 01:21:24', '2024-03-14 01:21:24'),
(1288, 0, 'Kingston', 'computer-accessories-kingston', 26, 1, '2024-03-14 01:21:49', '2024-03-14 01:21:49'),
(1289, 0, 'Philips', 'computer-accessories-philips', 26, 1, '2024-03-14 01:22:21', '2024-03-14 01:22:21'),
(1290, 0, 'Ryzen', 'computer-accessories-ryzen', 26, 1, '2024-03-14 01:22:49', '2024-03-14 01:22:49'),
(1291, 0, 'Samsung', 'computer-accessories-samsung', 26, 1, '2024-03-14 01:23:15', '2024-03-14 01:23:15'),
(1292, 0, 'Sandisk', 'computer-accessories-sandisk', 26, 1, '2024-03-14 01:23:41', '2024-03-14 01:23:41'),
(1293, 0, 'Sony', 'computer-accessories-sony', 26, 1, '2024-03-14 01:24:18', '2024-03-14 01:24:18'),
(1294, 0, 'Toshiba', 'computer-accessories-toshiba', 26, 1, '2024-03-14 01:24:44', '2024-03-14 01:24:44'),
(1295, 0, 'Viewsonic', 'computer-accessories-viewsonic', 26, 1, '2024-03-14 01:25:07', '2024-03-14 01:25:07'),
(1296, 0, 'ZTE', 'computer-accessories-zte', 26, 1, '2024-03-14 01:25:24', '2024-03-14 01:25:24'),
(1297, 0, 'Lenovo', 'computer-accessories-lenovo', 26, 1, '2024-03-14 01:25:45', '2024-03-14 01:25:45'),
(1298, 0, 'Other Brand', 'computer-accessories-other-brand', 26, 1, '2024-03-14 01:26:21', '2024-03-14 01:26:21'),
(1299, 0, 'Abans', 'tvs-abans', 27, 1, '2024-03-14 01:33:11', '2024-03-14 01:33:11'),
(1300, 0, 'Aiwa', 'tvs-aiwa', 27, 1, '2024-03-14 01:33:34', '2024-03-14 01:33:34'),
(1301, 0, 'Atom', 'tvs-atom', 27, 1, '2024-03-14 01:33:54', '2024-03-14 01:33:54'),
(1302, 0, 'Haier', 'tvs-haier', 27, 1, '2024-03-14 01:34:18', '2024-03-14 01:34:18'),
(1303, 0, 'Hisence', 'tvs-hisence', 27, 1, '2024-03-14 01:34:49', '2024-03-14 01:34:49'),
(1304, 0, 'JVC', 'tvs-jvc', 27, 1, '2024-03-14 01:35:10', '2024-03-14 01:35:10'),
(1305, 0, 'Maxmo', 'tvs-maxmo', 27, 1, '2024-03-14 01:35:31', '2024-03-14 01:35:31'),
(1306, 0, 'National', 'tvs-national', 27, 1, '2024-03-14 01:35:49', '2024-03-14 01:35:49'),
(1307, 0, 'NEC', 'tvs-nec', 27, 1, '2024-03-14 01:36:05', '2024-03-14 01:36:05'),
(1308, 0, 'Nikai', 'tvs-nikai', 27, 1, '2024-03-14 01:36:36', '2024-03-14 01:36:36'),
(1309, 0, 'Panasonic', 'tvs-panasonic', 27, 1, '2024-03-14 01:36:59', '2024-03-14 01:36:59'),
(1310, 0, 'Philips', 'tvs-philips', 27, 1, '2024-03-14 01:37:44', '2024-03-14 01:37:44'),
(1311, 0, 'Samsung', 'tvs-samsung', 27, 1, '2024-03-14 01:38:07', '2024-03-14 01:38:07'),
(1312, 0, 'Sansui', 'tvs-sansui', 27, 1, '2024-03-14 01:38:31', '2024-03-14 01:38:31'),
(1313, 0, 'Sharp', 'tvs-sharp', 27, 1, '2024-03-14 01:38:57', '2024-03-14 01:38:57'),
(1314, 0, 'Singer', 'tvs-singer', 27, 1, '2024-03-14 01:39:17', '2024-03-14 01:39:17'),
(1315, 0, 'Softlogic', 'tvs-softlogic', 27, 1, '2024-03-14 01:39:38', '2024-03-14 01:39:38'),
(1316, 0, 'Sony', 'tvs-sony', 27, 1, '2024-03-14 01:40:02', '2024-03-14 01:40:02'),
(1317, 0, 'TCL', 'tvs-tcl', 27, 1, '2024-03-14 01:40:21', '2024-03-14 01:40:21'),
(1318, 0, 'Toshiba', 'tvs-toshiba', 27, 1, '2024-03-14 01:40:48', '2024-03-14 01:40:48'),
(1319, 0, 'Innovex', 'tvs-innovex', 27, 1, '2024-03-14 01:41:11', '2024-03-14 01:41:11'),
(1320, 0, 'Skyworth', 'tvs-skyworth', 27, 1, '2024-03-14 01:41:37', '2024-03-14 01:41:37'),
(1321, 0, 'Other Brand', 'tvs-other-brand', 27, 1, '2024-03-14 01:41:56', '2024-03-14 01:41:56'),
(1322, 0, 'Canon', 'cameras-camcorders-canon', 29, 1, '2024-03-14 02:42:10', '2024-03-14 02:42:10'),
(1323, 0, 'Fujifilm', 'cameras-camcorders-fujifilm', 29, 1, '2024-03-14 02:42:44', '2024-03-14 02:42:44'),
(1324, 0, 'GoPro', 'cameras-camcorders-gopro', 29, 1, '2024-03-14 02:43:05', '2024-03-14 02:43:05'),
(1325, 0, 'JVC', 'cameras-camcorders-jvc', 29, 1, '2024-03-14 02:43:21', '2024-03-14 02:43:21'),
(1326, 0, 'Kodak', 'cameras-camcorders-kodak', 29, 1, '2024-03-14 02:43:47', '2024-03-14 02:43:47'),
(1327, 0, 'Konika', 'cameras-camcorders-konika', 29, 1, '2024-03-14 02:44:07', '2024-03-14 02:44:07'),
(1328, 0, 'Nikon', 'cameras-camcorders-nikon', 29, 1, '2024-03-14 02:44:26', '2024-03-14 02:44:26'),
(1329, 0, 'Olympus', 'cameras-camcorders-olympus', 29, 1, '2024-03-14 02:44:57', '2024-03-14 02:44:57'),
(1330, 0, 'Panasonic', 'cameras-camcorders-panasonic', 29, 1, '2024-03-14 02:45:22', '2024-03-14 02:45:22'),
(1331, 0, 'Pansonic', 'cameras-camcorders-pansonic', 29, 1, '2024-03-14 02:45:48', '2024-03-14 02:45:48'),
(1332, 0, 'Pentax', 'cameras-camcorders-pentax', 29, 1, '2024-03-14 02:46:19', '2024-03-14 02:46:19'),
(1333, 0, 'Samsung', 'cameras-camcorders-samsung', 29, 1, '2024-03-14 02:46:42', '2024-03-14 02:46:42'),
(1334, 0, 'Sony', 'cameras-camcorders-sony', 29, 1, '2024-03-14 02:47:03', '2024-03-14 02:47:03'),
(1335, 0, 'Toshiba', 'cameras-camcorders-toshiba', 29, 1, '2024-03-14 02:47:25', '2024-03-14 02:47:25'),
(1336, 0, 'Other Brand', 'cameras-camcorders-other-brand', 29, 1, '2024-03-14 02:47:47', '2024-03-14 02:47:47'),
(1337, 0, 'Abans', 'audio-mp3-abans', 30, 1, '2024-03-14 02:58:37', '2024-03-14 02:58:37'),
(1338, 0, 'Ace', 'audio-mp3-ace', 30, 1, '2024-03-14 02:58:58', '2024-03-14 02:58:58'),
(1339, 0, 'Anker', 'audio-mp3-anker', 30, 1, '2024-03-14 02:59:18', '2024-03-14 02:59:18'),
(1340, 0, 'Apple', 'audio-mp3-apple', 30, 1, '2024-03-14 02:59:42', '2024-03-14 02:59:42'),
(1341, 0, 'Astro', 'audio-mp3-astro', 30, 1, '2024-03-14 03:00:02', '2024-03-14 03:00:02'),
(1342, 0, 'Beats', 'audio-mp3-beats', 30, 1, '2024-03-14 03:00:26', '2024-03-14 03:00:26'),
(1343, 0, 'Bose', 'audio-mp3-bose', 30, 1, '2024-03-14 03:00:45', '2024-03-14 03:00:45'),
(1344, 0, 'Denon', 'audio-mp3-denon', 30, 1, '2024-03-14 03:01:05', '2024-03-14 03:01:05'),
(1345, 0, 'Energizer', 'audio-mp3-energizer', 30, 1, '2024-03-14 03:01:31', '2024-03-14 03:01:31'),
(1346, 0, 'Harmon Kardon', 'audio-mp3-harmon-kardon', 30, 1, '2024-03-14 03:01:56', '2024-03-14 03:01:56'),
(1347, 0, 'HP', 'audio-mp3-hp', 30, 1, '2024-03-14 03:02:16', '2024-03-14 03:02:16'),
(1348, 0, 'Huawei', 'audio-mp3-huawei', 30, 1, '2024-03-14 03:02:36', '2024-03-14 03:02:36'),
(1349, 0, 'Innovex', 'audio-mp3-innovex', 30, 1, '2024-03-14 03:02:57', '2024-03-14 03:02:57'),
(1350, 0, 'JBL', 'audio-mp3-jbl', 30, 1, '2024-03-14 03:03:17', '2024-03-14 03:03:17'),
(1351, 0, 'Joyroom', 'audio-mp3-joyroom', 30, 1, '2024-03-14 03:03:39', '2024-03-14 03:03:39'),
(1352, 0, 'Kawachi', 'audio-mp3-kawachi', 30, 1, '2024-03-14 03:04:02', '2024-03-14 03:04:02'),
(1353, 0, 'Kenwood', 'audio-mp3-kenwood', 30, 1, '2024-03-14 03:04:26', '2024-03-14 03:04:26'),
(1354, 0, 'Kisonly', 'audio-mp3-kisonly', 30, 1, '2024-03-14 03:04:53', '2024-03-14 03:04:53'),
(1355, 0, 'Lenovo', 'audio-mp3-lenovo', 30, 1, '2024-03-14 03:05:14', '2024-03-14 03:05:14'),
(1356, 0, 'Lexco', 'audio-mp3-lexco', 30, 1, '2024-03-14 03:05:37', '2024-03-14 03:05:37'),
(1357, 0, 'Logitech', 'audio-mp3-logitech', 30, 1, '2024-03-14 03:06:04', '2024-03-14 03:06:04'),
(1358, 0, 'Mi', 'audio-mp3-mi', 30, 1, '2024-03-14 03:06:40', '2024-03-14 03:06:40'),
(1359, 0, 'Microlab Resonic', 'audio-mp3-microlab-resonic', 30, 1, '2024-03-14 03:07:10', '2024-03-14 03:07:10'),
(1360, 0, 'Pioneer', 'audio-mp3-pioneer', 30, 1, '2024-03-14 03:07:36', '2024-03-14 03:07:36'),
(1361, 0, 'Prodo', 'audio-mp3-prodo', 30, 1, '2024-03-14 03:07:57', '2024-03-14 03:07:57'),
(1362, 0, 'Redmi', 'audio-mp3-redmi', 30, 1, '2024-03-14 03:08:22', '2024-03-14 03:08:22'),
(1363, 0, 'Remax', 'audio-mp3-remax', 30, 1, '2024-03-14 03:08:44', '2024-03-14 03:08:44'),
(1364, 0, 'Samsung', 'audio-mp3-samsung', 30, 1, '2024-03-14 03:09:06', '2024-03-14 03:09:06'),
(1365, 0, 'Singer', 'audio-mp3-singer', 30, 1, '2024-03-14 03:09:29', '2024-03-14 03:09:29'),
(1366, 0, 'Sony', 'audio-mp3-sony', 30, 1, '2024-03-14 03:09:55', '2024-03-14 03:09:55'),
(1367, 0, 'Sterio', 'audio-mp3-sterio', 30, 1, '2024-03-14 03:10:20', '2024-03-14 03:10:20'),
(1368, 0, 'Xiaomi', 'audio-mp3-xiaomi', 30, 1, '2024-03-14 03:10:46', '2024-03-14 03:10:46'),
(1369, 0, 'Yamaha', 'audio-mp3-yamaha', 30, 1, '2024-03-14 03:11:08', '2024-03-14 03:11:08'),
(1370, 0, 'Marshall', 'audio-mp3-marshall', 30, 1, '2024-03-14 03:11:28', '2024-03-14 03:11:28'),
(1371, 0, 'Behringer', 'audio-mp3-behringer', 30, 1, '2024-03-14 03:11:53', '2024-03-14 03:11:53'),
(1372, 0, 'Other Brand', 'audio-mp3-other-brand', 30, 1, '2024-03-14 03:12:12', '2024-03-14 03:12:12'),
(1373, 0, 'Abans', 'electronic-home-appliances-abans', 31, 1, '2024-03-14 04:11:22', '2024-03-14 04:11:22'),
(1374, 0, 'Black and Decker', 'electronic-home-appliances-black-and-decker', 31, 1, '2024-03-14 04:12:02', '2024-03-14 04:12:02'),
(1375, 0, 'Bosch', 'electronic-home-appliances-bosch', 31, 1, '2024-03-14 04:12:24', '2024-03-14 04:12:24'),
(1376, 0, 'DECK', 'electronic-home-appliances-deck', 31, 1, '2024-03-14 04:12:42', '2024-03-14 04:12:42'),
(1377, 0, 'Innovex', 'electronic-home-appliances-innovex', 31, 1, '2024-03-14 04:13:08', '2024-03-14 04:13:08'),
(1378, 0, 'Kawashi', 'electronic-home-appliances-kawashi', 31, 1, '2024-03-14 04:13:37', '2024-03-14 04:13:37'),
(1379, 0, 'Kenko', 'electronic-home-appliances-kenko', 31, 1, '2024-03-14 04:14:00', '2024-03-14 04:14:00'),
(1380, 0, 'Kundhan', 'electronic-home-appliances-kundhan', 31, 1, '2024-03-14 04:14:34', '2024-03-14 04:14:34'),
(1381, 0, 'LG', 'electronic-home-appliances-lg', 31, 1, '2024-03-14 04:14:54', '2024-03-14 04:14:54'),
(1382, 0, 'Mitshu', 'electronic-home-appliances-mitshu', 31, 1, '2024-03-14 04:15:18', '2024-03-14 04:15:18'),
(1383, 0, 'Orange', 'electronic-home-appliances-orange', 31, 1, '2024-03-14 04:15:47', '2024-03-14 04:15:47'),
(1384, 0, 'Panasonic', 'electronic-home-appliances-panasonic', 31, 1, '2024-03-14 04:16:12', '2024-03-14 04:16:12'),
(1385, 0, 'Philps', 'electronic-home-appliances-philps', 31, 1, '2024-03-14 04:16:57', '2024-03-14 04:16:57'),
(1386, 0, 'Richsonic National', 'electronic-home-appliances-richsonic-national', 31, 1, '2024-03-14 04:17:44', '2024-03-14 04:17:44'),
(1387, 0, 'Samsung', 'electronic-home-appliances-samsung', 31, 1, '2024-03-14 04:18:19', '2024-03-14 04:18:19'),
(1388, 0, 'Sisil', 'electronic-home-appliances-sisil', 31, 1, '2024-03-14 04:18:48', '2024-03-14 04:18:48'),
(1389, 0, 'Singer', 'electronic-home-appliances-singer', 31, 1, '2024-03-14 04:19:51', '2024-03-14 04:19:51'),
(1390, 0, 'Sokany', 'electronic-home-appliances-sokany', 31, 1, '2024-03-14 04:20:44', '2024-03-14 04:20:44'),
(1391, 0, 'Taiko', 'electronic-home-appliances-taiko', 31, 1, '2024-03-14 04:21:13', '2024-03-14 04:21:13'),
(1392, 0, 'Telesonic', 'electronic-home-appliances-telesonic', 31, 1, '2024-03-14 04:21:42', '2024-03-14 04:21:42'),
(1393, 0, 'Toshiba', 'electronic-home-appliances-toshiba', 31, 1, '2024-03-14 04:22:12', '2024-03-14 04:22:12'),
(1394, 0, 'Macksonic', 'electronic-home-appliances-macksonic', 31, 1, '2024-03-14 04:22:40', '2024-03-14 04:22:40'),
(1395, 0, 'Saikon', 'electronic-home-appliances-saikon', 31, 1, '2024-03-14 04:23:03', '2024-03-14 04:23:03'),
(1396, 0, 'Sanyo', 'electronic-home-appliances-sanyo', 31, 1, '2024-03-14 04:23:31', '2024-03-14 04:23:31'),
(1397, 0, 'Beko', 'electronic-home-appliances-beko', 31, 1, '2024-03-14 04:23:57', '2024-03-14 04:23:57'),
(1398, 0, 'Sharp', 'electronic-home-appliances-sharp', 31, 1, '2024-03-14 04:24:23', '2024-03-14 04:24:23'),
(1399, 0, 'Kenwood', 'electronic-home-appliances-kenwood', 31, 1, '2024-03-14 04:24:57', '2024-03-14 04:24:57'),
(1400, 0, 'Pigeon', 'electronic-home-appliances-pigeon', 31, 1, '2024-03-14 04:25:27', '2024-03-14 04:25:27'),
(1401, 0, 'Elba', 'electronic-home-appliances-elba', 31, 1, '2024-03-14 04:25:53', '2024-03-14 04:25:53'),
(1402, 0, 'Clear', 'electronic-home-appliances-clear', 31, 1, '2024-03-14 04:26:21', '2024-03-14 04:26:21'),
(1403, 0, 'Sanford', 'electronic-home-appliances-sanford', 31, 1, '2024-03-14 04:26:47', '2024-03-14 04:26:47'),
(1404, 0, 'Tefal', 'electronic-home-appliances-tefal', 31, 1, '2024-03-14 04:27:11', '2024-03-14 04:27:11'),
(1405, 0, 'Universal', 'electronic-home-appliances-universal', 31, 1, '2024-03-14 04:27:38', '2024-03-14 04:27:38'),
(1406, 0, 'Moulinex', 'electronic-home-appliances-moulinex', 31, 1, '2024-03-14 04:28:22', '2024-03-14 04:28:22'),
(1407, 0, 'Bright', 'electronic-home-appliances-bright', 31, 1, '2024-03-14 04:28:46', '2024-03-14 04:28:46'),
(1408, 0, 'Mistral', 'electronic-home-appliances-mistral', 31, 1, '2024-03-14 04:29:15', '2024-03-14 04:29:15'),
(1409, 0, 'Tecsonic', 'electronic-home-appliances-tecsonic', 31, 1, '2024-03-14 04:29:43', '2024-03-14 04:29:43'),
(1410, 0, 'Candy', 'electronic-home-appliances-candy', 31, 1, '2024-03-14 04:30:07', '2024-03-14 04:30:07'),
(1411, 0, 'Geepas', 'electronic-home-appliances-geepas', 31, 1, '2024-03-14 04:30:32', '2024-03-14 04:30:32'),
(1412, 0, 'Preethi', 'electronic-home-appliances-preethi', 31, 1, '2024-03-14 04:31:08', '2024-03-14 04:31:08'),
(1413, 0, 'Karchar', 'electronic-home-appliances-karchar', 31, 1, '2024-03-14 04:31:33', '2024-03-14 04:31:33'),
(1414, 0, 'Whirlpool', 'electronic-home-appliances-whirlpool', 31, 1, '2024-03-14 04:32:01', '2024-03-14 04:32:01'),
(1415, 0, 'Hitachi', 'mobile-phones-hitachi', 2, 1, '2024-03-14 04:32:33', '2024-03-14 04:32:33'),
(1416, 0, 'Indesit', 'electronic-home-appliances-indesit', 31, 1, '2024-03-14 04:33:01', '2024-03-14 04:33:01'),
(1417, 0, 'Other Brand', 'electronic-home-appliances-other-brand', 31, 1, '2024-03-14 04:33:23', '2024-03-14 04:33:23'),
(1418, 0, 'AUX', 'air-conditions-electrical-fittings-aux', 32, 1, '2024-03-14 05:16:11', '2024-03-14 05:16:11'),
(1419, 0, 'CHIGO', 'air-conditions-electrical-fittings-chigo', 32, 1, '2024-03-14 05:16:38', '2024-03-14 05:16:38'),
(1420, 0, 'DAIKIN', 'air-conditions-electrical-fittings-daikin', 32, 1, '2024-03-14 05:17:15', '2024-03-14 05:17:15'),
(1421, 0, 'GREE', 'air-conditions-electrical-fittings-gree', 32, 1, '2024-03-14 05:17:42', '2024-03-14 05:17:42'),
(1422, 0, 'Haier', 'air-conditions-electrical-fittings-haier', 32, 1, '2024-03-14 05:18:08', '2024-03-14 05:18:08'),
(1423, 0, 'Hitachi', 'air-conditions-electrical-fittings-hitachi', 32, 1, '2024-03-14 05:19:14', '2024-03-14 05:19:14'),
(1424, 0, 'IGNIS', 'air-conditions-electrical-fittings-ignis', 32, 1, '2024-03-14 05:23:07', '2024-03-14 05:23:07'),
(1425, 0, 'Innovex', 'air-conditions-electrical-fittings-innovex', 32, 1, '2024-03-14 05:23:29', '2024-03-14 05:23:29'),
(1426, 0, 'LG', 'air-conditions-electrical-fittings-lg', 32, 1, '2024-03-14 05:24:01', '2024-03-14 05:24:01'),
(1427, 0, 'LIoyd', 'air-conditions-electrical-fittings-lioyd', 32, 1, '2024-03-14 05:24:47', '2024-03-14 05:24:47'),
(1428, 0, 'Midea', 'air-conditions-electrical-fittings-midea', 32, 1, '2024-03-14 05:25:16', '2024-03-14 05:25:16'),
(1429, 0, 'Pansonic', 'air-conditions-electrical-fittings-pansonic', 32, 1, '2024-03-14 05:25:46', '2024-03-14 05:25:46'),
(1430, 0, 'Samsung', 'air-conditions-electrical-fittings-samsung', 32, 1, '2024-03-14 05:26:30', '2024-03-14 05:26:30'),
(1431, 0, 'Sharp', 'air-conditions-electrical-fittings-sharp', 32, 1, '2024-03-14 05:27:28', '2024-03-14 05:27:28'),
(1432, 0, 'Singet', 'air-conditions-electrical-fittings-singet', 32, 1, '2024-03-14 05:28:18', '2024-03-14 05:28:18'),
(1433, 0, 'Singer', 'mobile-phones-singer', 2, 1, '2024-03-14 05:38:19', '2024-03-14 05:38:19'),
(1434, 0, 'Sisil', 'air-conditions-electrical-fittings-sisil', 32, 1, '2024-03-14 05:38:51', '2024-03-14 05:38:51'),
(1435, 0, 'TCL', 'air-conditions-electrical-fittings-tcl', 32, 1, '2024-03-14 05:39:46', '2024-03-14 05:39:46'),
(1436, 0, 'Teco', 'air-conditions-electrical-fittings-teco', 32, 1, '2024-03-14 05:40:16', '2024-03-14 05:40:16'),
(1437, 0, 'UNIC', 'air-conditions-electrical-fittings-unic', 32, 0, '2024-03-14 05:40:49', '2024-03-14 05:40:49'),
(1438, 0, 'Vdieocom', 'mobile-phones-vdieocom', 2, 1, '2024-03-14 05:42:04', '2024-03-14 05:42:04'),
(1439, 0, 'Hacells', 'air-conditions-electrical-fittings-hacells', 32, 1, '2024-03-14 05:42:39', '2024-03-14 05:42:39'),
(1440, 0, 'Saikon', 'air-conditions-electrical-fittings-saikon', 32, 1, '2024-03-14 05:43:10', '2024-03-14 05:43:10'),
(1441, 0, 'Kevilon', 'air-conditions-electrical-fittings-kevilon', 32, 1, '2024-03-14 05:44:00', '2024-03-14 05:44:00'),
(1442, 0, 'Microsoft', 'video-games-consoles-microsoft', 33, 1, '2024-03-14 06:05:57', '2024-03-14 06:05:57'),
(1443, 0, 'Nintendo', 'video-games-consoles-nintendo', 33, 1, '2024-03-14 06:06:21', '2024-03-14 06:06:21'),
(1444, 0, 'Sony', 'video-games-consoles-sony', 33, 1, '2024-03-14 06:06:41', '2024-03-14 06:06:41'),
(1445, 0, 'Other Brand', 'video-games-consoles-other-brand', 33, 1, '2024-03-14 06:07:02', '2024-03-14 06:07:02'),
(1446, 0, 'Alpha', 'furniture-alpha', 36, 1, '2024-03-14 07:15:29', '2024-03-14 07:15:29'),
(1447, 0, 'Arpico', 'furniture-arpico', 36, 1, '2024-03-14 07:16:03', '2024-03-14 07:16:03'),
(1448, 0, 'Damro', 'furniture-damro', 36, 1, '2024-03-14 07:16:45', '2024-03-14 07:16:45'),
(1449, 0, 'Don Corolis', 'furniture-don-corolis', 36, 1, '2024-03-14 07:17:46', '2024-03-14 07:17:46'),
(1450, 0, 'E H Cooray', 'furniture-e-h-cooray', 36, 1, '2024-03-14 07:18:31', '2024-03-14 07:18:31'),
(1451, 0, 'Gateway', 'furniture-gateway', 36, 1, '2024-03-14 07:19:31', '2024-03-14 07:19:31'),
(1452, 0, 'Phoenix', 'furniture-phoenix', 36, 1, '2024-03-14 07:20:59', '2024-03-14 07:20:59'),
(1453, 0, 'Nilkamal', 'furniture-nilkamal', 36, 1, '2024-03-14 07:21:28', '2024-03-14 07:21:28'),
(1454, 0, 'Nippon', 'furniture-nippon', 36, 1, '2024-03-14 07:24:29', '2024-03-14 07:24:29'),
(1455, 0, 'Nisako', 'furniture-nisako', 36, 1, '2024-03-14 07:25:11', '2024-03-14 07:25:11'),
(1456, 0, 'Piyestra', 'furniture-piyestra', 36, 1, '2024-03-14 07:25:40', '2024-03-14 07:25:40'),
(1457, 0, 'Singer', 'furniture-singer', 36, 1, '2024-03-14 07:43:52', '2024-03-14 07:43:52'),
(1458, 0, 'Softlogic', 'furniture-softlogic', 36, 1, '2024-03-14 07:44:21', '2024-03-14 07:44:21'),
(1459, 0, 'Other Brand', 'furniture-other-brand', 36, 1, '2024-03-14 07:45:26', '2024-03-14 07:45:26'),
(1460, 0, 'Abans', 'kitchen-items-abans', 41, 1, '2024-03-14 18:49:08', '2024-03-14 18:49:08'),
(1461, 0, 'Bright', 'kitchen-items-bright', 41, 1, '2024-03-14 18:49:29', '2024-03-14 18:49:29'),
(1462, 0, 'Kenwood', 'kitchen-items-kenwood', 41, 1, '2024-03-14 18:49:52', '2024-03-14 18:49:52'),
(1463, 0, 'LG', 'kitchen-items-lg', 41, 1, '2024-03-14 18:50:12', '2024-03-14 18:50:12'),
(1464, 0, 'Ozone', 'kitchen-items-ozone', 41, 1, '2024-03-14 18:50:39', '2024-03-14 18:50:39'),
(1465, 0, 'Philips', 'kitchen-items-philips', 41, 1, '2024-03-14 18:51:08', '2024-03-14 18:51:08'),
(1466, 0, 'Prestige', 'kitchen-items-prestige', 41, 1, '2024-03-14 18:52:12', '2024-03-14 18:52:12'),
(1467, 0, 'Samsung', 'kitchen-items-samsung', 41, 1, '2024-03-14 18:52:57', '2024-03-14 18:52:57'),
(1468, 0, 'Singer', 'kitchen-items-singer', 41, 1, '2024-03-14 18:53:17', '2024-03-14 18:53:17'),
(1469, 0, 'Sokany', 'kitchen-items-sokany', 41, 1, '2024-03-14 18:53:50', '2024-03-14 18:53:50'),
(1470, 0, 'Kawashi', 'kitchen-items-kawashi', 41, 1, '2024-03-14 18:54:13', '2024-03-14 18:54:13'),
(1471, 0, 'National', 'kitchen-items-national', 41, 1, '2024-03-14 18:54:33', '2024-03-14 18:54:33'),
(1472, 0, 'Beko', 'kitchen-items-beko', 41, 1, '2024-03-14 18:54:53', '2024-03-14 18:54:53'),
(1473, 0, 'Other brand', 'kitchen-items-other-brand', 41, 1, '2024-03-14 18:55:15', '2024-03-14 18:55:15'),
(1475, 1474, 'r1', 'mobile-phones-r1', 2, 1, '2024-10-21 12:16:11', '2024-10-21 12:16:11'),
(1476, 5, 'Other model', 'mobile-phones-other-model', 2, 1, '2024-10-24 08:21:04', '2024-10-24 08:21:04'),
(1477, 5, 'Rog 5s', 'mobile-phones-rog-5s', 2, 1, '2024-10-24 08:21:15', '2024-10-24 08:21:15'),
(1478, 5, 'ZenFone', 'mobile-phones-zenfone', 2, 1, '2024-10-24 08:21:36', '2024-10-24 08:21:36'),
(1479, 5, 'ROG', 'mobile-phones-rog', 2, 1, '2024-10-24 08:21:55', '2024-10-24 08:21:55'),
(1480, 5, 'ZenFone Max', 'mobile-phones-zenfone-max', 2, 1, '2024-10-24 08:22:01', '2024-10-24 08:22:01'),
(1481, 5, 'ROG 3', 'mobile-phones-rog-3', 2, 1, '2024-10-24 08:22:16', '2024-10-24 08:22:16'),
(1482, 5, 'ZenFone Zoom', 'mobile-phones-zenfone-zoom', 2, 1, '2024-10-24 08:22:31', '2024-10-24 08:22:31'),
(1483, 5, 'ZenFone Selfie', 'mobile-phones-zenfone-selfie', 2, 1, '2024-10-24 08:22:39', '2024-10-24 08:22:39'),
(1484, 5, 'ZenFone Live', 'mobile-phones-zenfone-live', 2, 1, '2024-10-24 08:22:45', '2024-10-24 08:22:45'),
(1485, 5, 'ZenFone Deluxe', 'mobile-phones-zenfone-deluxe', 2, 1, '2024-10-24 08:22:52', '2024-10-24 08:22:52'),
(1486, 5, 'ZenFone Ultra', 'mobile-phones-zenfone-ultra', 2, 1, '2024-10-24 08:22:58', '2024-10-24 08:22:58'),
(1487, 5, 'ZenFone Laser', 'mobile-phones-zenfone-laser', 2, 1, '2024-10-24 08:23:17', '2024-10-24 08:23:17'),
(1488, 5, 'ROG 7', 'mobile-phones-rog-7', 2, 1, '2024-10-24 08:23:28', '2024-10-24 08:23:28'),
(1489, 5, '5s Pro', 'mobile-phones-5s-pro', 2, 1, '2024-10-24 08:23:35', '2024-10-24 08:23:35'),
(1490, 5, 'Zenfone 5', 'mobile-phones-zenfone-5', 2, 1, '2024-10-24 08:24:17', '2024-10-24 08:24:17'),
(1491, 5, 'Zenfone 3', 'mobile-phones-zenfone-3', 2, 1, '2024-10-24 08:24:34', '2024-10-24 08:24:34'),
(1492, 5, 'Zenfone 2', 'mobile-phones-zenfone-2', 2, 1, '2024-10-24 08:24:46', '2024-10-24 08:24:46'),
(1493, 6, 'Classic', 'mobile-phones-classic', 2, 1, '2024-10-24 08:25:17', '2024-10-24 08:25:17'),
(1494, 6, 'Bold', 'mobile-phones-bold', 2, 1, '2024-10-24 08:25:24', '2024-10-24 08:25:24'),
(1495, 6, 'Q10', 'mobile-phones-q10', 2, 1, '2024-10-24 08:25:30', '2024-10-24 08:25:30'),
(1496, 6, 'Other model', 'mobile-phones-other-model', 2, 1, '2024-10-24 08:25:42', '2024-10-24 08:25:42'),
(1497, 6, 'Curve', 'mobile-phones-curve', 2, 1, '2024-10-24 08:26:35', '2024-10-24 08:26:35'),
(1498, 6, 'KEY2', 'mobile-phones-key2', 2, 1, '2024-10-24 08:26:49', '2024-10-24 08:26:49'),
(1499, 6, 'Leap', 'mobile-phones-leap', 2, 1, '2024-10-24 08:26:59', '2024-10-24 08:26:59'),
(1500, 6, 'Z10', 'mobile-phones-z10', 2, 1, '2024-10-24 08:27:11', '2024-10-24 08:27:11'),
(1501, 6, 'Motion', 'mobile-phones-motion', 2, 1, '2024-10-24 08:27:20', '2024-10-24 08:27:20'),
(1502, 6, 'Aurora', 'mobile-phones-aurora', 2, 1, '2024-10-24 08:27:26', '2024-10-24 08:27:26'),
(1503, 6, 'DTEK60', 'mobile-phones-dtek60', 2, 1, '2024-10-24 08:27:36', '2024-10-24 08:27:36'),
(1504, 6, 'DTEK50', 'mobile-phones-dtek50', 2, 1, '2024-10-24 08:27:41', '2024-10-24 08:27:41'),
(1505, 6, 'Priv', 'mobile-phones-priv', 2, 1, '2024-10-24 08:27:49', '2024-10-24 08:27:49'),
(1506, 6, 'Passport', 'mobile-phones-passport', 2, 1, '2024-10-24 08:27:56', '2024-10-24 08:27:56'),
(1507, 6, 'Z3', 'mobile-phones-z3', 2, 1, '2024-10-24 08:28:04', '2024-10-24 08:28:04'),
(1508, 6, 'Z30', 'mobile-phones-z30', 2, 1, '2024-10-24 08:28:12', '2024-10-24 08:28:12'),
(1509, 6, 'Q5', 'mobile-phones-q5', 2, 1, '2024-10-24 08:28:24', '2024-10-24 08:28:24'),
(1510, 6, '9720', 'mobile-phones-9720', 2, 1, '2024-10-24 08:28:32', '2024-10-24 08:28:32'),
(1511, 6, 'Pearl', 'mobile-phones-pearl', 2, 1, '2024-10-24 08:28:42', '2024-10-24 08:28:42'),
(1512, 6, 'Porsche Design', 'mobile-phones-porsche-design', 2, 1, '2024-10-24 08:29:08', '2024-10-24 08:29:08'),
(1513, 6, 'Storm', 'mobile-phones-storm', 2, 1, '2024-10-24 08:29:17', '2024-10-24 08:29:17'),
(1514, 6, 'Style', 'mobile-phones-style', 2, 1, '2024-10-24 08:29:27', '2024-10-24 08:29:27'),
(1515, 6, 'Torch', 'mobile-phones-torch', 2, 1, '2024-10-24 08:29:36', '2024-10-24 08:29:36'),
(1516, 6, 'Touch', 'mobile-phones-touch', 2, 1, '2024-10-24 08:29:47', '2024-10-24 08:29:47'),
(1517, 6, 'Tour', 'mobile-phones-tour', 2, 1, '2024-10-24 08:29:53', '2024-10-24 08:29:53'),
(1518, 6, 'Volt', 'mobile-phones-volt', 2, 1, '2024-10-24 08:30:01', '2024-10-24 08:30:01'),
(1519, 7, 'Other model', 'mobile-phones-other-model', 2, 1, '2024-10-24 08:58:52', '2024-10-24 08:58:52'),
(1520, 7, 'S62', 'mobile-phones-s62', 2, 1, '2024-10-24 08:59:01', '2024-10-24 08:59:01'),
(1521, 0, 'China Mobile', 'mobile-phones-china-mobile', 2, 1, '2024-10-24 09:00:13', '2024-10-24 09:00:13'),
(1522, 1521, 'Other model', 'mobile-phones-other-model', 2, 1, '2024-10-24 09:01:00', '2024-10-24 09:01:00'),
(1523, 1521, 'Mini 5130', 'mobile-phones-mini-5130', 2, 1, '2024-10-24 09:01:12', '2024-10-24 09:01:12'),
(1524, 1521, 'Bx A900', 'mobile-phones-bx-a900', 2, 1, '2024-10-24 09:01:24', '2024-10-24 09:01:24'),
(1525, 9, 'Infinity', 'mobile-phones-infinity', 2, 1, '2024-10-24 09:02:50', '2024-10-24 09:02:50'),
(1526, 9, 'Optima', 'mobile-phones-optima', 2, 1, '2024-10-24 09:03:01', '2024-10-24 09:03:01'),
(1527, 9, 'Other model', 'mobile-phones-other-model', 2, 1, '2024-10-24 09:03:05', '2024-10-24 09:03:05'),
(1528, 9, 'A238', 'mobile-phones-a238', 2, 1, '2024-10-24 09:03:16', '2024-10-24 09:03:16'),
(1529, 9, 'K35', 'mobile-phones-k35', 2, 1, '2024-10-24 09:03:28', '2024-10-24 09:03:28'),
(1530, 9, 'K45', 'mobile-phones-k45', 2, 1, '2024-10-24 09:03:35', '2024-10-24 09:03:35'),
(1531, 9, 'K235', 'mobile-phones-k235', 2, 1, '2024-10-24 09:03:42', '2024-10-24 09:03:42'),
(1532, 9, 'Q243', 'mobile-phones-q243', 2, 1, '2024-10-24 09:03:51', '2024-10-24 09:03:51'),
(1533, 10, 'Other model', 'mobile-phones-other-model', 2, 1, '2024-10-24 09:05:03', '2024-10-24 09:05:03'),
(1534, 10, '704Kcc', 'mobile-phones-704kcc', 2, 1, '2024-10-24 09:05:27', '2024-10-24 09:05:27'),
(1536, 0, 'E tel', 'mobile-phones-e-tel', 2, 1, '2024-10-24 09:07:31', '2024-10-24 09:07:31'),
(1537, 1536, 'T119', 'mobile-phones-t119', 2, 1, '2024-10-24 09:09:19', '2024-10-24 09:09:19'),
(1538, 1536, 'Other model', 'mobile-phones-other-model', 2, 1, '2024-10-24 09:09:23', '2024-10-24 09:09:23'),
(1539, 0, 'test', 'testing-sub-test', 207, 1, '2025-03-20 10:52:41', '2025-03-20 10:52:41');

-- --------------------------------------------------------

--
-- Table structure for table `cache`
--

CREATE TABLE `cache` (
  `key` varchar(255) NOT NULL,
  `value` mediumtext NOT NULL,
  `expiration` int(11) NOT NULL
) ENGINE=InnoDB DEFAULT CHARSET=utf8mb4 COLLATE=utf8mb4_unicode_ci;

-- --------------------------------------------------------

--
-- Table structure for table `cache_locks`
--

CREATE TABLE `cache_locks` (
  `key` varchar(255) NOT NULL,
  `owner` varchar(255) NOT NULL,
  `expiration` int(11) NOT NULL
) ENGINE=InnoDB DEFAULT CHARSET=utf8mb4 COLLATE=utf8mb4_unicode_ci;

-- --------------------------------------------------------

--
-- Table structure for table `categories`
--

CREATE TABLE `categories` (
  `id` bigint(20) UNSIGNED NOT NULL,
  `mainId` int(11) NOT NULL DEFAULT 0,
  `free_add_count` int(11) NOT NULL DEFAULT 0,
  `name` varchar(255) NOT NULL,
  `url` varchar(255) NOT NULL,
  `description` text DEFAULT NULL,
  `image` varchar(255) DEFAULT NULL,
  `status` tinyint(4) NOT NULL DEFAULT 1,
  `created_at` timestamp NULL DEFAULT NULL,
  `updated_at` timestamp NULL DEFAULT NULL
) ENGINE=InnoDB DEFAULT CHARSET=utf8mb4 COLLATE=utf8mb4_unicode_ci;

--
-- Dumping data for table `categories`
--

INSERT INTO `categories` (`id`, `mainId`, `free_add_count`, `name`, `url`, `description`, `image`, `status`, `created_at`, `updated_at`) VALUES
(1, 0, 10, 'Electronics', 'electronics', NULL, '1729767983.png', 1, '2024-03-11 07:27:50', '2024-12-06 11:57:46'),
(2, 1, 0, 'Mobile Phones', 'mobile-phones', NULL, '1710156637.png', 1, '2024-03-11 07:30:37', '2024-03-11 07:30:37'),
(3, 1, 0, 'Mobile Phone Accessories', 'mobile-phone-accessories', NULL, '1710191856.png', 1, '2024-03-11 17:17:36', '2024-03-11 17:17:36'),
(4, 0, 10, 'Motor vehicles', 'vehicles', NULL, '1729767658.png', 1, '2024-03-11 19:44:55', '2024-12-06 11:57:30'),
(5, 4, 0, 'Cars', 'cars', NULL, '1710200742.png', 1, '2024-03-11 19:45:42', '2024-03-13 07:04:03'),
(6, 4, 0, 'Motorbikes', 'motorbikes', NULL, '1710202980.png', 1, '2024-03-11 20:23:00', '2024-03-13 07:04:17'),
(7, 4, 0, 'Three Wheelers', 'three-wheelers', NULL, '1710231187.png', 1, '2024-03-12 04:13:07', '2024-03-13 07:04:35'),
(8, 4, 0, 'Bicycles', 'bicycles', NULL, '1710238875.png', 1, '2024-03-12 06:21:15', '2024-03-13 07:04:55'),
(10, 4, 0, 'Vans', 'vans', NULL, '1710243625.png', 1, '2024-03-12 07:40:25', '2024-03-13 07:05:14'),
(11, 4, 0, 'Buses', 'buses', NULL, '1710302473.png', 1, '2024-03-13 00:01:13', '2024-03-13 07:05:34'),
(12, 4, 0, 'Lorries & Trucks', 'lorries-trucks', NULL, '1710304132.png', 1, '2024-03-13 00:28:52', '2024-03-13 07:06:53'),
(13, 4, 0, 'Heavy Duty', 'heavy-duty', NULL, '1710307240.png', 1, '2024-03-13 01:20:40', '2024-03-13 07:07:16'),
(14, 4, 0, 'Tractors', 'tractors', NULL, '1710311428.png', 1, '2024-03-13 02:30:28', '2024-03-13 07:07:41'),
(15, 4, 0, 'Auto Services', 'auto-services', NULL, '1710318822.png', 1, '2024-03-13 04:33:42', '2024-03-13 07:08:02'),
(16, 4, 0, 'Rentals', 'rentals', NULL, '1710319564.png', 1, '2024-03-13 04:46:04', '2024-03-13 07:08:24'),
(20, 0, 10, 'Home, lands & buildings', 'property', NULL, '1729767647.png', 1, '2024-03-13 23:20:17', '2024-12-06 11:57:03'),
(21, 20, 0, 'Land For  Sale / Rent / booking', 'land-for-sale', NULL, '1710386462.jpg', 1, '2024-03-13 23:21:02', '2024-03-13 23:21:02'),
(22, 20, 0, 'Houses For  Sale / Rent / booking', 'houses-for-sale', NULL, '1710387267.png', 1, '2024-03-13 23:34:27', '2024-03-13 23:34:27'),
(23, 20, 0, 'Apartments For  Sale / Rent / booking', 'apartments-for-sale', NULL, '1710387800.png', 1, '2024-03-13 23:43:20', '2024-03-13 23:43:20'),
(24, 20, 0, 'Commercial Properties For  Sale / Rent / booking', 'commercial-properties-for-sale', NULL, '1710388089.png', 1, '2024-03-13 23:48:09', '2024-03-13 23:48:09'),
(25, 1, 0, 'Computers & Tablets', 'computers-tablets', NULL, '1710391718.png', 1, '2024-03-14 00:48:38', '2024-03-14 00:48:38'),
(26, 1, 0, 'Computer Accessories', 'computer-accessories', NULL, '1710392739.png', 1, '2024-03-14 01:05:39', '2024-03-14 01:05:39'),
(27, 1, 0, 'Tvs', 'tvs', NULL, '1710394079.png', 1, '2024-03-14 01:27:59', '2024-03-14 01:27:59'),
(28, 1, 0, 'TV & Video Accessories', 'tv-video-accessories', NULL, '1710397609.png', 1, '2024-03-14 02:26:49', '2024-03-14 02:26:49'),
(29, 1, 0, 'Cameras & Camcorders', 'cameras-camcorders', NULL, '1710398212.png', 1, '2024-03-14 02:36:52', '2024-03-14 02:36:52'),
(30, 1, 0, 'Audio & MP3', 'audio-mp3', NULL, '1710399169.png', 1, '2024-03-14 02:52:49', '2024-03-14 02:52:49'),
(31, 1, 0, 'Electronic Home Appliances', 'electronic-home-appliances', NULL, '1710400498.png', 1, '2024-03-14 03:14:58', '2024-03-14 03:14:58'),
(32, 1, 0, 'Air Conditions & Electrical fittings', 'air-conditions-electrical-fittings', NULL, '1710405493.png', 1, '2024-03-14 04:38:13', '2024-03-14 04:38:13'),
(33, 1, 0, 'Video Games & Consoles', 'video-games-consoles', NULL, '1710409714.png', 1, '2024-03-14 05:48:34', '2024-03-14 05:48:34'),
(34, 1, 0, 'Other Electronics', 'other-electronics', NULL, '1710410986.png', 1, '2024-03-14 06:09:46', '2024-03-14 06:09:46'),
(35, 0, 10, 'Home & Garden', 'home-garden', NULL, '1729767628.png', 1, '2024-03-14 06:43:54', '2024-12-06 11:56:51'),
(36, 35, 0, 'Furniture', 'furniture', NULL, '1710413243.png', 1, '2024-03-14 06:47:23', '2024-03-14 06:47:23'),
(37, 35, 0, 'Bathroom & Sanitary ware', 'bathroom-sanitary-ware', NULL, '1710451257.png', 1, '2024-03-14 17:20:57', '2024-03-14 17:20:57'),
(38, 35, 0, 'Building Material & Tools', 'building-material-tools', NULL, '1710452501.png', 1, '2024-03-14 17:41:41', '2024-03-14 17:41:41'),
(39, 35, 0, 'Garden', 'garden', NULL, '1710454239.png', 1, '2024-03-14 18:10:39', '2024-03-14 18:10:39'),
(40, 35, 0, 'Home Decor', 'home-decor', NULL, '1710454788.png', 1, '2024-03-14 18:19:48', '2024-03-14 18:19:48'),
(41, 35, 0, 'Kitchen items', 'kitchen-items', NULL, '1710455608.png', 1, '2024-03-14 18:33:28', '2024-03-14 18:33:28'),
(42, 35, 0, 'Other Home Items', 'other-home-items', NULL, '1710457863.png', 1, '2024-03-14 19:11:03', '2024-03-14 19:11:03'),
(43, 0, 10, 'Pets', 'animals', NULL, '1729767967.png', 1, '2024-03-14 19:24:58', '2024-12-06 11:56:40'),
(44, 43, 0, 'Pets', 'pets', NULL, '1710458731.png', 1, '2024-03-14 19:25:31', '2024-03-14 19:25:31'),
(45, 43, 0, 'Pet Food', 'pet-food', NULL, '1710489865.png', 1, '2024-03-15 04:04:25', '2024-03-15 04:04:25'),
(46, 43, 0, 'Veterinary Services', 'veterinary-services', NULL, '1710490199.png', 1, '2024-03-15 04:09:59', '2024-03-15 04:09:59'),
(47, 43, 0, 'Farm Animals', 'farm-animals', NULL, '1710490570.png', 1, '2024-03-15 04:16:10', '2024-03-15 04:16:10'),
(48, 43, 0, 'Animal Accessories', 'animal-accessories', NULL, '1710491147.png', 1, '2024-03-15 04:25:47', '2024-03-15 04:25:47'),
(49, 43, 0, 'Other Animals', 'other-animals', NULL, '1710491321.png', 1, '2024-03-15 04:28:41', '2024-03-15 04:28:41'),
(50, 0, 10, 'Services', 'services', NULL, '1729767499.png', 1, '2024-03-15 04:47:06', '2024-12-06 11:56:28'),
(51, 50, 0, 'Trade Services', 'trade-services', NULL, '1710492466.png', 1, '2024-03-15 04:47:46', '2024-03-15 04:47:46'),
(52, 50, 0, 'Domestic Services', 'domestic-services', NULL, '1710493603.png', 1, '2024-03-15 05:06:43', '2024-03-15 05:06:43'),
(53, 50, 0, 'Events & Entertainment', 'events-entertainment', NULL, '1710494042.png', 1, '2024-03-15 05:14:02', '2024-03-15 05:14:02'),
(54, 50, 0, 'Health & Wellbeing', 'health-wellbeing', NULL, '1710494551.png', 1, '2024-03-15 05:22:31', '2024-03-15 05:22:31'),
(55, 50, 0, 'Travel & Tourism', 'travel-tourism', NULL, '1710494577.png', 1, '2024-03-15 05:22:57', '2024-03-15 05:22:57'),
(56, 50, 0, 'Other Services', 'other-services', NULL, '1710494604.png', 1, '2024-03-15 05:23:24', '2024-03-15 05:23:24'),
(57, 0, 10, 'Business And Industry', 'business-and-industry', NULL, '1729767482.png', 1, '2024-03-15 08:00:29', '2024-12-06 11:56:17'),
(58, 57, 0, 'Office Equipment, Supplies & Stationery', 'office-equipment-supplies-stationery', NULL, '1710504082.png', 1, '2024-03-15 08:01:22', '2024-03-15 08:01:22'),
(59, 57, 0, 'Solar & Generators', 'solar-generators', NULL, '1710504748.png', 1, '2024-03-15 08:12:28', '2024-03-15 08:12:28'),
(60, 57, 0, 'Industry Tools & Machinery', 'industry-tools-machinery', NULL, '1710504770.png', 1, '2024-03-15 08:12:50', '2024-03-15 08:12:50'),
(61, 57, 0, 'Raw Materials & Wholesale Lots', 'raw-materials-wholesale-lots', NULL, '1710504787.png', 1, '2024-03-15 08:13:07', '2024-03-15 08:13:07'),
(62, 57, 0, 'Licences & Titles', 'licences-titles', NULL, '1710505514.png', 1, '2024-03-15 08:25:14', '2024-03-15 08:25:14'),
(63, 57, 0, 'Healthcare, Medical Equipment & Supplies', 'healthcare-medical-equipment-supplies', NULL, '1710505544.png', 1, '2024-03-15 08:25:44', '2024-03-15 08:25:44'),
(64, 57, 0, 'Other Business Services', 'other-business-services', NULL, '1710505563.png', 1, '2024-03-15 08:26:03', '2024-03-15 08:26:03'),
(65, 0, 10, 'leisure,kids items & sports', 'hobby-sports-and-kids', NULL, '1729767454.png', 1, '2024-03-15 08:42:38', '2024-12-06 11:56:02'),
(66, 65, 0, 'Musical Instruments', 'musical-instruments', NULL, '1710506598.png', 1, '2024-03-15 08:43:18', '2024-03-15 08:43:18'),
(67, 65, 0, 'Sports & Fitness', 'sports-fitness', NULL, '1710506724.png', 1, '2024-03-15 08:45:24', '2024-03-15 08:45:24'),
(68, 65, 0, 'Sports Supplements', 'sports-supplements', NULL, '1710507876.png', 1, '2024-03-15 09:04:36', '2024-03-15 09:04:36'),
(69, 65, 0, 'Travel, Events & Tickets', 'travel-events-tickets', NULL, '1710508016.png', 1, '2024-03-15 09:06:56', '2024-03-15 09:06:56'),
(70, 65, 0, 'Art & Collectibles', 'art-collectibles', NULL, '1710508996.png', 1, '2024-03-15 09:23:16', '2024-03-15 09:23:16'),
(71, 65, 0, 'Music, Books & Movies', 'music-books-movies', NULL, '1710509140.png', 1, '2024-03-15 09:25:40', '2024-03-15 09:25:40'),
(72, 65, 0, 'Children\'s Items', 'children-s-items', NULL, '1710509458.png', 1, '2024-03-15 09:30:58', '2024-03-15 09:30:58'),
(73, 65, 0, 'Other Hobby, Sport & Kids Items', 'other-hobby-sport-kids-items', NULL, '1710512825.png', 1, '2024-03-15 10:27:05', '2024-03-15 10:27:05'),
(74, 0, 10, 'Fancy & Cosmetics', 'fashion-and-beauty', NULL, '1729767439.png', 1, '2024-03-15 10:37:45', '2024-12-06 11:55:04'),
(75, 74, 0, 'Bags & Luggage', 'bags-luggage', NULL, '1710513532.png', 1, '2024-03-15 10:38:52', '2024-03-15 10:38:52'),
(76, 74, 0, 'Clothing', 'clothing', NULL, '1710513978.png', 1, '2024-03-15 10:46:18', '2024-03-15 10:46:18'),
(77, 74, 0, 'Shoes & Footwear', 'shoes-footwear', NULL, '1710516133.png', 1, '2024-03-15 11:22:13', '2024-03-15 11:22:13'),
(78, 74, 0, 'Jewellery', 'jewellery', NULL, '1710516385.png', 1, '2024-03-15 11:26:25', '2024-03-15 11:26:25'),
(79, 74, 0, 'Sunglasses & Opticians', 'sunglasses-opticians', NULL, '1710516698.png', 1, '2024-03-15 11:31:38', '2024-03-15 11:31:38'),
(80, 74, 0, 'Watches', 'watches', NULL, '1710516723.png', 1, '2024-03-15 11:32:03', '2024-03-15 11:32:03'),
(81, 74, 0, 'Other Fashion Accessories', 'other-fashion-accessories', NULL, '1710516750.png', 1, '2024-03-15 11:32:30', '2024-03-15 11:32:30'),
(82, 74, 0, 'Beauty Products', 'beauty-products', NULL, '1710517252.png', 1, '2024-03-15 11:40:52', '2024-03-15 11:40:52'),
(83, 74, 0, 'Other Personal Items', 'other-personal-items', NULL, '1710517627.png', 1, '2024-03-15 11:47:07', '2024-03-15 11:47:07'),
(84, 0, 10, 'Daily Essentials', 'essentials', NULL, '1710525252.png', 1, '2024-03-15 13:54:12', '2024-12-06 11:54:51'),
(85, 84, 0, 'Grocery', 'grocery', NULL, '1710525314.png', 1, '2024-03-15 13:55:14', '2024-03-15 13:55:14'),
(86, 84, 0, 'Fruits & Vegetables', 'fruits-vegetables', NULL, '1710526167.png', 1, '2024-03-15 14:09:27', '2024-03-15 14:09:27'),
(87, 84, 0, 'Meat & Seafood', 'meat-seafood', NULL, '1710526854.png', 1, '2024-03-15 14:20:54', '2024-03-15 14:20:54'),
(88, 84, 0, 'Baby Products', 'baby-products', NULL, '1710527512.png', 1, '2024-03-15 14:31:52', '2024-03-15 14:31:52'),
(89, 84, 0, 'Healthcare', 'healthcare', NULL, '1710528249.png', 1, '2024-03-15 14:44:09', '2024-03-15 14:44:09'),
(90, 84, 0, 'Household', 'household', NULL, '1710528467.png', 1, '2024-03-15 14:47:47', '2024-03-15 14:47:47'),
(91, 84, 0, 'Gas', 'gas', NULL, '1710530027.png', 1, '2024-03-15 15:13:47', '2024-03-15 15:13:47'),
(92, 84, 0, 'Other Essentials', 'other-essentials', NULL, '1710530093.png', 1, '2024-03-15 15:14:53', '2024-03-15 15:14:53'),
(93, 0, 10, 'Education', 'education', NULL, '1729767426.png', 1, '2024-03-15 15:17:22', '2024-12-06 11:54:37'),
(94, 93, 0, 'Higher Education', 'higher-education', NULL, '1710530270.png', 1, '2024-03-15 15:17:50', '2024-03-15 15:17:50'),
(95, 93, 0, 'Textbooks', 'textbooks', NULL, '1710530556.png', 1, '2024-03-15 15:22:36', '2024-03-15 15:22:36'),
(96, 93, 0, 'Tuition', 'tuition', NULL, '1710531605.png', 1, '2024-03-15 15:40:05', '2024-03-15 15:40:05'),
(97, 93, 0, 'Vocational Institutes', 'vocational-institutes', NULL, '1710531985.png', 1, '2024-03-15 15:46:25', '2024-03-15 15:46:25'),
(98, 93, 0, 'Other Education', 'other-education', NULL, '1710532138.png', 1, '2024-03-15 15:48:58', '2024-03-15 15:48:58'),
(99, 0, 10, 'Agriculture', 'agriculture', NULL, '1729767414.png', 1, '2024-03-15 16:02:34', '2024-12-06 11:54:16'),
(100, 99, 0, 'Crops, Seeds & Plants', 'crops-seeds-plants', NULL, '1710532981.png', 1, '2024-03-15 16:03:01', '2024-03-15 16:03:01'),
(101, 99, 0, 'Farming Tools & Machinery', 'farming-tools-machinery', NULL, '1710533229.png', 1, '2024-03-15 16:07:09', '2024-03-15 16:07:09'),
(102, 99, 0, 'Other Agriculture', 'other-agriculture', NULL, '1710533267.png', 1, '2024-03-15 16:07:47', '2024-03-15 16:07:47'),
(103, 0, 10, 'Jobs & Overseas jobs', 'jobs', NULL, '1729767388.png', 1, '2024-04-26 05:32:21', '2025-01-22 21:08:16'),
(104, 103, 0, 'Packing Officer', 'packing-officer', NULL, '1714124084.png', 1, '2024-04-26 05:34:44', '2024-04-26 05:34:44'),
(105, 103, 0, 'Sales Executive', 'sales-executive', NULL, '1714124109.png', 1, '2024-04-26 05:35:09', '2024-04-26 05:35:09'),
(106, 103, 0, 'Crew member', 'crew-member', NULL, '1714124151.png', 1, '2024-04-26 05:35:51', '2024-04-26 05:35:51'),
(107, 103, 0, 'Hotel Staff', 'hotel-staff', NULL, '1714124173.png', 1, '2024-04-26 05:36:13', '2024-04-26 05:36:13'),
(108, 103, 0, 'Technician', 'technician', NULL, '1714124237.png', 1, '2024-04-26 05:37:17', '2024-04-26 05:37:17'),
(109, 103, 0, 'Supervisor', 'supervisor', NULL, '1714124258.png', 1, '2024-04-26 05:37:38', '2024-04-26 05:37:38'),
(110, 103, 0, 'Teacher', 'teacher', NULL, '1714124278.png', 1, '2024-04-26 05:37:58', '2024-04-26 05:37:58'),
(111, 103, 0, 'Store Keeper', 'store-keeper', NULL, '1714124299.png', 1, '2024-04-26 05:38:19', '2024-04-26 05:38:19'),
(112, 103, 0, 'Designer', 'designer', NULL, '1714124322.png', 1, '2024-04-26 05:38:42', '2024-04-26 05:38:42'),
(113, 103, 0, 'Office Admin', 'office-admin', NULL, '1714124351.png', 1, '2024-04-26 05:39:11', '2024-04-26 05:39:11'),
(114, 103, 0, 'Steward', 'steward', NULL, '1714124532.png', 1, '2024-04-26 05:42:12', '2024-04-26 05:42:12'),
(115, 103, 0, 'Pharmacist', 'pharmacist', NULL, '1714124550.png', 1, '2024-04-26 05:42:30', '2024-04-26 05:42:30'),
(116, 103, 0, 'Financial Advisor', 'financial-advisor', NULL, '1714124569.png', 1, '2024-04-26 05:42:49', '2024-04-26 05:42:49'),
(117, 103, 0, 'Construction Worker', 'construction-worker', NULL, '1714124589.png', 1, '2024-04-26 05:43:09', '2024-04-26 05:43:09'),
(118, 103, 0, 'IT Hardware and Network Engineer', 'it-hardware-and-network-engineer', NULL, '1714124614.png', 1, '2024-04-26 05:43:34', '2024-04-26 05:43:34'),
(119, 103, 0, 'Operations Manager', 'operations-manager', NULL, '1714124636.png', 1, '2024-04-26 05:43:56', '2024-04-26 05:43:56'),
(120, 103, 0, 'House Keeper', 'house-keeper', NULL, '1714124747.png', 1, '2024-04-26 05:45:48', '2024-04-26 05:45:48'),
(121, 103, 0, 'Marketing Manager', 'marketing-manager', NULL, '1714124788.png', 1, '2024-04-26 05:46:28', '2024-04-26 05:46:28'),
(122, 103, 0, 'Medical Representative', 'medical-representative', NULL, '1714124807.png', 1, '2024-04-26 05:46:47', '2024-04-26 05:46:47'),
(123, 103, 0, 'Ayurveda Therapists', 'ayurveda-therapists', NULL, '1714124830.png', 1, '2024-04-26 05:47:10', '2024-04-26 05:47:10'),
(124, 103, 0, 'Counsellor', 'counsellor', NULL, '1714124854.png', 1, '2024-04-26 05:47:34', '2024-04-26 05:47:34'),
(125, 103, 0, 'Technical Officer', 'technical-officer', NULL, '1714124874.png', 1, '2024-04-26 05:47:54', '2024-04-26 05:47:54'),
(126, 103, 0, 'Doctor', 'doctor', NULL, '1714124896.png', 1, '2024-04-26 05:48:16', '2024-04-26 05:48:16'),
(127, 103, 0, 'Engineer', 'engineer', NULL, '1714125143.png', 1, '2024-04-26 05:52:23', '2024-04-26 05:52:23'),
(128, 103, 0, 'HR Manager', 'hr-manager', NULL, '1714125181.png', 1, '2024-04-26 05:53:01', '2024-04-26 05:53:01'),
(129, 103, 0, 'Ticketing Executive', 'ticketing-executive', NULL, '1714125216.png', 1, '2024-04-26 05:53:36', '2024-04-26 05:53:36'),
(130, 103, 0, 'Software Engineer', 'software-engineer', NULL, '1714125241.png', 1, '2024-04-26 05:54:01', '2024-04-26 05:54:01'),
(131, 103, 0, 'Quality Checker', 'quality-checker', NULL, '1714125287.png', 1, '2024-04-26 05:54:47', '2024-04-26 05:54:47'),
(132, 103, 0, 'Brand Promoter', 'brand-promoter', NULL, '1714125342.png', 1, '2024-04-26 05:55:42', '2024-04-26 05:55:42'),
(133, 103, 0, 'Fabricator', 'fabricator', NULL, '1714125363.png', 1, '2024-04-26 05:56:03', '2024-04-26 05:56:03'),
(134, 103, 0, 'Public Relations Officer', 'public-relations-officer', NULL, '1714125387.png', 1, '2024-04-26 05:56:27', '2024-04-26 05:56:27'),
(135, 103, 0, 'Production Operator', 'production-operator', NULL, '1714125419.png', 1, '2024-04-26 05:56:59', '2024-04-26 05:56:59'),
(136, 103, 0, 'Production Manager', 'production-manager', NULL, '1714125443.png', 1, '2024-04-26 05:57:23', '2024-04-26 05:57:23'),
(137, 103, 0, 'Data Entry Operator', 'data-entry-operator', NULL, '1714125466.png', 1, '2024-04-26 05:57:46', '2024-04-26 05:57:46'),
(138, 103, 0, 'Delivery Rider', 'delivery-rider', NULL, '1714125488.png', 1, '2024-04-26 05:58:08', '2024-04-26 05:58:08'),
(139, 103, 0, 'Cashier', 'cashier', NULL, '1714125520.png', 1, '2024-04-26 05:58:40', '2024-04-26 05:58:40'),
(140, 103, 0, 'Customer Service Executive', 'customer-service-executive', NULL, '1714125561.png', 1, '2024-04-26 05:59:21', '2024-04-26 05:59:21'),
(141, 103, 0, 'Clerk', 'clerk', NULL, '1714125578.png', 1, '2024-04-26 05:59:38', '2024-04-26 05:59:38'),
(142, 103, 0, 'Helper', 'helper', NULL, '1714125597.png', 1, '2024-04-26 05:59:57', '2024-04-26 05:59:57'),
(143, 103, 0, 'Receptionist', 'receptionist', NULL, '1714125622.png', 1, '2024-04-26 06:00:22', '2024-04-26 06:00:22'),
(144, 103, 0, 'Call Center Executive', 'call-center-executive', NULL, '1714125643.png', 1, '2024-04-26 06:00:43', '2024-04-26 06:00:43'),
(145, 103, 0, 'Call Center Officer', 'call-center-officer', NULL, '1714125669.png', 1, '2024-04-26 06:01:09', '2024-04-26 06:01:09'),
(146, 103, 0, 'Waiter', 'waiter', NULL, '1714125686.png', 1, '2024-04-26 06:01:26', '2024-04-26 06:01:26'),
(147, 103, 0, 'Business Relationship Manager', 'business-relationship-manager', NULL, '1714125711.png', 1, '2024-04-26 06:01:51', '2024-04-26 06:01:51'),
(148, 103, 0, 'Wealth Planner', 'wealth-planner', NULL, '1714125751.png', 1, '2024-04-26 06:02:31', '2024-04-26 06:02:31'),
(149, 103, 0, 'Collection & Recovery Agent', 'collection-recovery-agent', NULL, '1714125772.png', 1, '2024-04-26 06:02:52', '2024-04-26 06:02:52'),
(150, 103, 0, 'HR Executive', 'hr-executive', NULL, '1714125800.png', 1, '2024-04-26 06:03:20', '2024-04-26 06:03:20'),
(151, 103, 0, 'Showroom Manager', 'showroom-manager', NULL, '1714125820.png', 1, '2024-04-26 06:03:40', '2024-04-26 06:03:40'),
(152, 103, 0, 'Bartender', 'bartender', NULL, '1714125839.png', 1, '2024-04-26 06:03:59', '2024-04-26 06:03:59'),
(153, 103, 0, 'Production Executive', 'production-executive', NULL, '1714125908.png', 1, '2024-04-26 06:05:08', '2024-04-26 06:05:08'),
(154, 103, 0, 'Merchandiser', 'merchandiser', NULL, '1714125933.png', 1, '2024-04-26 06:05:33', '2024-04-26 06:05:33'),
(155, 103, 0, 'Content Writer', 'content-writer', NULL, '1714125957.png', 1, '2024-04-26 06:05:57', '2024-04-26 06:05:57'),
(156, 103, 0, 'Draftsman', 'draftsman', NULL, '1714125979.png', 1, '2024-04-26 06:06:19', '2024-04-26 06:06:19'),
(157, 103, 0, 'Supermarket Manager', 'supermarket-manager', NULL, '1714126041.png', 1, '2024-04-26 06:07:21', '2024-04-26 06:07:21'),
(158, 103, 0, 'Quantity Surveyor', 'quantity-surveyor', NULL, '1714126064.png', 1, '2024-04-26 06:07:44', '2024-04-26 06:07:44'),
(159, 103, 0, 'Exports and Imports Manager', 'exports-and-imports-manager', NULL, '1714126088.png', 1, '2024-04-26 06:08:08', '2024-04-26 06:08:08'),
(160, 103, 0, 'Florist', 'florist', NULL, '1714126121.png', 1, '2024-04-26 06:08:41', '2024-04-26 06:08:41'),
(161, 103, 0, 'Videographer', 'videographer', NULL, '1714126205.png', 1, '2024-04-26 06:10:05', '2024-04-26 06:10:05'),
(162, 103, 0, 'Porter', 'porter', NULL, '1714126233.png', 1, '2024-04-26 06:10:33', '2024-04-26 06:10:33'),
(163, 103, 0, 'Tailor', 'tailor', NULL, '1714126257.png', 1, '2024-04-26 06:10:57', '2024-04-26 06:10:57'),
(164, 103, 0, 'Banker', 'banker', NULL, '1714126282.png', 1, '2024-04-26 06:11:22', '2024-04-26 06:11:22'),
(165, 103, 0, 'Driver', 'driver', NULL, '1714126323.png', 1, '2024-04-26 06:12:03', '2024-04-26 06:12:03'),
(166, 103, 0, 'Chef', 'chef', NULL, '1714126349.png', 1, '2024-04-26 06:12:29', '2024-04-26 06:12:29'),
(167, 103, 0, 'Office Assistant', 'office-assistant', NULL, '1714126372.png', 1, '2024-04-26 06:12:52', '2024-04-26 06:12:52'),
(168, 103, 0, 'Other', 'other', NULL, '1714126389.png', 1, '2024-04-26 06:13:09', '2024-04-26 06:13:09'),
(169, 103, 0, 'Marketing Executive', 'marketing-executive', NULL, '1714126423.png', 1, '2024-04-26 06:13:43', '2024-04-26 06:13:43'),
(170, 103, 0, 'Nurse', 'nurse', NULL, '1714126446.png', 1, '2024-04-26 06:14:06', '2024-04-26 06:14:06'),
(171, 103, 0, 'Maid', 'maid', NULL, '1714126467.png', 1, '2024-04-26 06:14:27', '2024-04-26 06:14:27'),
(172, 103, 0, 'Computer Type Setter', 'computer-type-setter', NULL, '1714126496.png', 1, '2024-04-26 06:14:56', '2024-04-26 06:14:56'),
(173, 103, 0, 'Security Guard', 'security-guard', NULL, '1714126520.png', 1, '2024-04-26 06:15:20', '2024-04-26 06:15:20'),
(174, 103, 0, 'Operations Assistant', 'operations-assistant', NULL, '1714126589.png', 1, '2024-04-26 06:16:29', '2024-04-26 06:16:29'),
(175, 103, 0, 'Sales Manager', 'sales-manager', NULL, '1714126608.png', 1, '2024-04-26 06:16:48', '2024-04-26 06:16:48'),
(176, 103, 0, 'Beautician', 'beautician', NULL, '1714126629.png', 1, '2024-04-26 06:17:09', '2024-04-26 06:17:09'),
(177, 103, 0, 'Lab Assistant', 'lab-assistant', NULL, '1714126651.png', 1, '2024-04-26 06:17:31', '2024-04-26 06:17:31'),
(178, 103, 0, 'Electrician', 'electrician', NULL, '1714126682.png', 1, '2024-04-26 06:18:02', '2024-04-26 06:18:02'),
(179, 103, 0, 'Management Trainee', 'management-trainee', NULL, '1714126701.png', 1, '2024-04-26 06:18:21', '2024-04-26 06:18:21'),
(180, 103, 0, 'Digital Marketing Executive', 'digital-marketing-executive', NULL, '1714126725.png', 1, '2024-04-26 06:18:45', '2024-04-26 06:18:45'),
(181, 103, 0, 'Carpenter', 'carpenter', NULL, '1714126758.png', 1, '2024-04-26 06:19:18', '2024-04-26 06:19:18'),
(182, 103, 0, 'Cleaner', 'cleaner', NULL, '1714126784.png', 1, '2024-04-26 06:19:44', '2024-04-26 06:19:44'),
(183, 103, 0, 'Editor', 'editor', NULL, '1714126857.png', 1, '2024-04-26 06:20:57', '2024-04-26 06:20:57'),
(184, 103, 0, 'Warehouse Executive', 'warehouse-executive', NULL, '1714127538.png', 1, '2024-04-26 06:32:18', '2024-04-26 06:32:18'),
(185, 103, 0, 'Barista', 'barista', NULL, '1714127561.png', 1, '2024-04-26 06:32:41', '2024-04-26 06:32:41'),
(186, 103, 0, 'Garments Worker', 'garments-worker', NULL, '1714127599.png', 1, '2024-04-26 06:33:19', '2024-04-26 06:33:19'),
(187, 103, 0, 'Photographer', 'photographer', NULL, '1714127617.png', 1, '2024-04-26 06:33:37', '2024-04-26 06:33:37'),
(188, 103, 0, 'Purchase Officer', 'purchase-officer', NULL, '1714127648.png', 1, '2024-04-26 06:34:08', '2024-04-26 06:34:08'),
(189, 103, 0, 'Digital Marketing Manager', 'digital-marketing-manager', NULL, '1714127675.png', 1, '2024-04-26 06:34:35', '2024-04-26 06:34:35'),
(190, 103, 0, 'Caterer', 'caterer', NULL, '1714127705.png', 1, '2024-04-26 06:35:05', '2024-04-26 06:35:05'),
(191, 103, 0, 'Market Research Analyst', 'market-research-analyst', NULL, '1714127740.png', 1, '2024-04-26 06:35:40', '2024-04-26 06:35:40'),
(192, 103, 0, 'Pest Control Executive', 'pest-control-executive', NULL, '1714127764.png', 1, '2024-04-26 06:36:04', '2024-04-26 06:36:04'),
(193, 103, 0, 'Trainer', 'trainer', NULL, '1714127804.png', 1, '2024-04-26 06:36:44', '2024-04-26 06:36:44'),
(194, 103, 0, 'Legal Officer', 'legal-officer', NULL, '1714127827.png', 1, '2024-04-26 06:37:07', '2024-04-26 06:37:07'),
(195, 103, 0, 'Factory Assistant', 'factory-assistant', NULL, '1714127856.png', 1, '2024-04-26 06:37:36', '2024-04-26 06:37:36'),
(196, 103, 0, 'Operator', 'operator', NULL, '1714127880.png', 1, '2024-04-26 06:38:00', '2024-04-26 06:38:00'),
(197, 103, 0, 'Cafe worker', 'cafe-worker', NULL, '1714127905.png', 1, '2024-04-26 06:38:25', '2024-04-26 06:38:25'),
(198, 103, 0, 'Tour Operator', 'tour-operator', NULL, '1714128083.png', 1, '2024-04-26 06:41:23', '2024-04-26 06:41:23'),
(199, 103, 0, 'Gardener', 'gardener', NULL, '1714128145.png', 1, '2024-04-26 06:42:25', '2024-04-26 06:42:25'),
(200, 103, 0, 'Mechanic', 'mechanic', NULL, '1714128164.png', 1, '2024-04-26 06:42:44', '2024-04-26 06:42:44'),
(201, 103, 0, 'Painter', 'painter', NULL, '1714128186.png', 1, '2024-04-26 06:43:06', '2024-04-26 06:43:06'),
(202, 103, 0, 'Architect', 'architect', NULL, '1714128207.png', 1, '2024-04-26 06:43:27', '2024-04-26 06:43:27'),
(203, 0, 10, 'Other Ads', 'other-ads', NULL, '1734334313.jpg', 1, '2024-11-05 14:09:17', '2024-12-16 07:01:53'),
(205, 203, 100, 'Other Ad', 'other-ad', NULL, '1730875407.png', 1, '2024-11-05 14:13:27', '2024-11-05 14:13:27'),
(206, 0, 10, 'Testing', 'testing', NULL, '1742449720.jpg', 1, '2025-03-20 09:48:40', '2025-03-20 09:48:40'),
(207, 206, 0, 'testing sub', 'testing-sub', NULL, '1742449910.jpg', 1, '2025-03-20 09:51:50', '2025-03-20 09:51:50');

-- --------------------------------------------------------

--
-- Table structure for table `cities`
--

CREATE TABLE `cities` (
  `id` bigint(20) UNSIGNED NOT NULL,
  `district_id` bigint(20) UNSIGNED NOT NULL,
  `name_en` varchar(255) NOT NULL,
  `url` varchar(255) DEFAULT NULL,
  `name_si` varchar(255) NOT NULL,
  `name_ta` varchar(255) NOT NULL,
  `sub_name_en` varchar(255) DEFAULT NULL,
  `sub_name_si` varchar(255) DEFAULT NULL,
  `sub_name_ta` varchar(255) DEFAULT NULL,
  `postcode` varchar(255) DEFAULT NULL,
  `latitude` decimal(10,8) DEFAULT NULL,
  `longitude` decimal(11,8) DEFAULT NULL,
  `created_at` timestamp NULL DEFAULT NULL,
  `updated_at` timestamp NULL DEFAULT NULL
) ENGINE=InnoDB DEFAULT CHARSET=utf8mb4 COLLATE=utf8mb4_unicode_ci;

--
-- Dumping data for table `cities`
--

INSERT INTO `cities` (`id`, `district_id`, `name_en`, `url`, `name_si`, `name_ta`, `sub_name_en`, `sub_name_si`, `sub_name_ta`, `postcode`, `latitude`, `longitude`, `created_at`, `updated_at`) VALUES
(1, 1, 'Akkaraipattu', NULL, 'අක්කරපත්තුව', '', NULL, NULL, NULL, '32400', 7.21670000, 81.85000000, NULL, NULL),
(2, 1, 'Ambagahawatta', NULL, 'අඹගහවත්ත', '', NULL, NULL, NULL, '90326', 7.40000000, 81.30000000, NULL, NULL),
(3, 1, 'Ampara', NULL, 'අම්පාර', '', NULL, NULL, NULL, '32000', 7.28330000, 81.66670000, NULL, NULL),
(4, 1, 'Bakmitiyawa', NULL, 'බක්මිටියාව', '', NULL, NULL, NULL, '32024', 7.02626800, 81.63383200, NULL, NULL),
(5, 1, 'Deegawapiya', NULL, 'දීඝවාපිය', '', NULL, NULL, NULL, '32006', 7.28330000, 81.66670000, NULL, NULL),
(6, 1, 'Devalahinda', NULL, 'දෙවලහිඳ', '', NULL, NULL, NULL, '32038', 7.18890000, 81.57780000, NULL, NULL),
(7, 1, 'Digamadulla Weeragoda', NULL, 'දිගාමඩුල්ල වීරගොඩ', '', NULL, NULL, NULL, '32008', 7.28330000, 81.66670000, NULL, NULL),
(8, 1, 'Dorakumbura', NULL, 'දොරකුඹුර', '', NULL, NULL, NULL, '32104', 7.35884900, 81.28013300, NULL, NULL),
(9, 1, 'Gonagolla', NULL, 'ගොනගොල්ල', '', NULL, NULL, NULL, '32064', 7.44985300, 81.61801400, NULL, NULL),
(10, 1, 'Hulannuge', NULL, 'හුලංනුගේ', '', NULL, NULL, NULL, '32514', 7.40000000, 81.30000000, NULL, NULL),
(11, 1, 'Kalmunai', NULL, 'කල්මුණේ', '', NULL, NULL, NULL, '32300', 7.41389700, 81.82671800, NULL, NULL),
(12, 1, 'Kannakipuram', NULL, 'කන්නකිපුරම්', '', NULL, NULL, NULL, '32405', 7.21670000, 81.85000000, NULL, NULL),
(13, 1, 'Karativu', NULL, 'කරතිව්', '', NULL, NULL, NULL, '32250', 7.38330000, 81.83330000, NULL, NULL),
(14, 1, 'Kekirihena', NULL, 'කැකිරිහේන', '', NULL, NULL, NULL, '32074', 7.49072400, 81.31083600, NULL, NULL),
(15, 1, 'Koknahara', NULL, 'කොක්නහර', '', NULL, NULL, NULL, '32035', 7.18483200, 81.55580600, NULL, NULL),
(16, 1, 'Kolamanthalawa', NULL, 'කෝලමන්තලාව', '', NULL, NULL, NULL, '32102', 7.35173300, 81.24991300, NULL, NULL),
(17, 1, 'Komari', NULL, 'කෝමාරි', '', NULL, NULL, NULL, '32418', 6.97695800, 81.78883000, NULL, NULL),
(18, 1, 'Lahugala', NULL, 'ලාහුගල', '', NULL, NULL, NULL, '32512', 7.41556600, 81.33954000, NULL, NULL),
(19, 1, 'lmkkamam', NULL, 'ල්ම්ක්කමම්', '', NULL, NULL, NULL, '32450', 7.11250000, 81.85420000, NULL, NULL),
(20, 1, 'Mahaoya', NULL, 'මහඔය', '', NULL, NULL, NULL, '32070', 7.53524800, 81.35114500, NULL, NULL),
(21, 1, 'Marathamune', NULL, 'මාරත්මුනේ', '', NULL, NULL, NULL, '32314', 7.45000000, 81.81670000, NULL, NULL),
(22, 1, 'Namaloya', NULL, 'නාමල්ඔය', '', NULL, NULL, NULL, '32037', 7.18890000, 81.57780000, NULL, NULL),
(23, 1, 'Navithanveli', NULL, 'නාවිදන්වෙලි', '', NULL, NULL, NULL, '32308', 7.43330000, 81.78330000, NULL, NULL),
(24, 1, 'Nintavur', NULL, 'නින්දවූර්', '', NULL, NULL, NULL, '32340', 7.35000000, 81.85000000, NULL, NULL),
(25, 1, 'Oluvil', NULL, 'ඔළුවිල', '', NULL, NULL, NULL, '32360', 7.28330000, 81.85000000, NULL, NULL),
(26, 1, 'Padiyatalawa', NULL, 'පදියතලාව', '', NULL, NULL, NULL, '32100', 7.40000000, 81.23330000, NULL, NULL),
(27, 1, 'Pahalalanda', NULL, 'පහලලන්ද', '', NULL, NULL, NULL, '32034', 7.21752000, 81.57871400, NULL, NULL),
(28, 1, 'Panama', NULL, 'පානම', '', NULL, NULL, NULL, '32508', 6.81220100, 81.71223700, NULL, NULL),
(29, 1, 'Pannalagama', NULL, 'පන්නලගම', '', NULL, NULL, NULL, '32022', 7.06670000, 81.61670000, NULL, NULL),
(30, 1, 'Paragahakele', NULL, 'පරගහකැලේ', '', NULL, NULL, NULL, '32031', 7.25669000, 81.60952600, NULL, NULL),
(31, 1, 'Periyaneelavanai', NULL, 'පෙරියනීලවන්නි', '', NULL, NULL, NULL, '32316', 7.43400200, 81.81416900, NULL, NULL),
(32, 1, 'Polwaga Janapadaya', NULL, 'පොල්වග ජනපදය', '', NULL, NULL, NULL, '32032', 7.18890000, 81.57780000, NULL, NULL),
(33, 1, 'Pottuvil', NULL, 'පොතුවිල්', '', NULL, NULL, NULL, '32500', 6.86670000, 81.83330000, NULL, NULL),
(34, 1, 'Sainthamaruthu', NULL, 'සායින්දමරුදු', '', NULL, NULL, NULL, '32280', 7.38330000, 81.83330000, NULL, NULL),
(35, 1, 'Samanthurai', NULL, 'සමන්තුරේ', '', NULL, NULL, NULL, '32200', 7.38330000, 81.83330000, NULL, NULL),
(36, 1, 'Serankada', NULL, 'සේරන්කද', '', NULL, NULL, NULL, '32101', 7.46451700, 81.26359900, NULL, NULL),
(37, 1, 'Tempitiya', NULL, 'ටැම්පිටිය', '', NULL, NULL, NULL, '32072', 7.61037400, 81.42990700, NULL, NULL),
(38, 1, 'Thambiluvil', NULL, 'ල්තැඹිළුවි', '', NULL, NULL, NULL, '32415', 7.13222700, 81.81907400, NULL, NULL),
(39, 1, 'Tirukovil', NULL, 'තිරුකෝවිල', '', NULL, NULL, NULL, '32420', 7.11670000, 81.85000000, NULL, NULL),
(40, 1, 'Uhana', NULL, 'උහන', '', NULL, NULL, NULL, '32060', 7.36328100, 81.63774600, NULL, NULL),
(41, 1, 'Wadinagala', NULL, 'වඩිනාගල', '', NULL, NULL, NULL, '32039', 7.12784900, 81.56922000, NULL, NULL),
(42, 1, 'Wanagamuwa', NULL, 'වනගමුව', '', NULL, NULL, NULL, '32454', 7.11250000, 81.85420000, NULL, NULL),
(43, 2, 'Angamuwa', NULL, 'අංගමුව', '', NULL, NULL, NULL, '50248', 8.17764500, 80.20504800, NULL, NULL),
(44, 2, 'Anuradhapura', NULL, 'අනුරාධපුරය', '', NULL, NULL, NULL, '50000', 8.35000000, 80.38330000, NULL, NULL),
(45, 2, 'Awukana', NULL, 'අව්කන', '', NULL, NULL, NULL, '50169', 7.97530000, 80.52660000, NULL, NULL),
(46, 2, 'Bogahawewa', NULL, 'බෝගහවැව', '', NULL, NULL, NULL, '50566', 8.32899300, 80.25170200, NULL, NULL),
(47, 2, 'Dematawewa', NULL, 'දෙමටවැව', '', NULL, NULL, NULL, '50356', 8.35737300, 80.87008700, NULL, NULL),
(48, 2, 'Dimbulagala', NULL, 'දිඹුලාගල', '', NULL, NULL, NULL, '51031', 7.91670000, 80.55000000, NULL, NULL),
(49, 2, 'Dutuwewa', NULL, 'දුටුවැව', '', NULL, NULL, NULL, '50393', 8.65000000, 80.51670000, NULL, NULL),
(50, 2, 'Elayapattuwa', NULL, 'ඇලයාපත්තුව', '', NULL, NULL, NULL, '50014', 8.41352200, 80.31814800, NULL, NULL),
(51, 2, 'Ellewewa', NULL, 'ඇල්ලේවැව', '', NULL, NULL, NULL, '51034', 7.91670000, 80.55000000, NULL, NULL),
(52, 2, 'Eppawala', NULL, 'එප්පාවල', '', NULL, NULL, NULL, '50260', 8.11670000, 80.73330000, NULL, NULL),
(53, 2, 'Etawatunuwewa', NULL, 'ඇතාවැටුනවැව', '', NULL, NULL, NULL, '50584', 8.55950000, 80.54760000, NULL, NULL),
(54, 2, 'Etaweeragollewa', NULL, 'ඇතාවීරගොලෑව', '', NULL, NULL, NULL, '50518', 8.61396200, 80.53971300, NULL, NULL),
(55, 2, 'Galapitagala', NULL, 'ගලපිටගල', '', NULL, NULL, NULL, '32066', 8.08984300, 80.68552800, NULL, NULL),
(56, 2, 'Galenbindunuwewa', NULL, 'ගලෙන්බිඳුනුවැව', '', NULL, NULL, NULL, '50390', 8.58330000, 80.55000000, NULL, NULL),
(57, 2, 'Galkadawala', NULL, 'ගල්කඩවල', '', NULL, NULL, NULL, '50006', 8.41286100, 80.37817500, NULL, NULL),
(58, 2, 'Galkiriyagama', NULL, 'ගල්කිරියාගම', '', NULL, NULL, NULL, '50120', 7.94140000, 80.56500000, NULL, NULL),
(59, 2, 'Galkulama', NULL, 'ගල්කුලම', '', NULL, NULL, NULL, '50064', 8.27041400, 80.50652600, NULL, NULL),
(60, 2, 'Galnewa', NULL, 'ගල්නෑව', '', NULL, NULL, NULL, '50170', 8.20000000, 80.36670000, NULL, NULL),
(61, 2, 'Gambirigaswewa', NULL, 'ගම්බිරිගස්වැව', '', NULL, NULL, NULL, '50057', 8.46670000, 80.36670000, NULL, NULL),
(62, 2, 'Ganewalpola', NULL, 'ගනේවල්පොල', '', NULL, NULL, NULL, '50142', 8.09052800, 80.62819500, NULL, NULL),
(63, 2, 'Gemunupura', NULL, 'ගැමුණුපුර', '', NULL, NULL, NULL, '50224', 8.06670000, 80.68330000, NULL, NULL),
(64, 2, 'Getalawa', NULL, 'ගෙතලාව', '', NULL, NULL, NULL, '50392', 8.61670000, 80.53330000, NULL, NULL),
(65, 2, 'Gnanikulama', NULL, 'ඝාණිකුළම', '', NULL, NULL, NULL, '50036', 8.29733600, 80.43175300, NULL, NULL),
(66, 2, 'Gonahaddenawa', NULL, 'ගෝනහද්දෙනෑව', '', NULL, NULL, NULL, '50554', 8.53330000, 80.50830000, NULL, NULL),
(67, 2, 'Habarana', NULL, 'හබරන', '', NULL, NULL, NULL, '50150', 8.04753100, 80.74866400, NULL, NULL),
(68, 2, 'Halmillawa Dambulla', NULL, 'හල්මිලෑව දඹුල්ල', '', NULL, NULL, NULL, '50124', 7.94740000, 80.59400000, NULL, NULL),
(69, 2, 'Halmillawetiya', NULL, 'හල්මිල්ලවැටිය', '', NULL, NULL, NULL, '50552', 8.35000000, 80.26670000, NULL, NULL),
(70, 2, 'Hidogama', NULL, 'හිද්දෝගම', '', NULL, NULL, NULL, '50044', 8.25042100, 80.41866300, NULL, NULL),
(71, 2, 'Horawpatana', NULL, 'හොරොව්පතාන', '', NULL, NULL, NULL, '50350', 8.43330000, 80.86670000, NULL, NULL),
(72, 2, 'Horiwila', NULL, 'හොරිවිල', '', NULL, NULL, NULL, '50222', 8.06670000, 80.68330000, NULL, NULL),
(73, 2, 'Hurigaswewa', NULL, 'හුරිගස්වැව', '', NULL, NULL, NULL, '50176', 8.13330000, 80.36670000, NULL, NULL),
(74, 2, 'Hurulunikawewa', NULL, 'හුරුලුනිකවැව', '', NULL, NULL, NULL, '50394', 8.61670000, 80.53330000, NULL, NULL),
(75, 2, 'Ihala Puliyankulama', NULL, 'ඉහල පුලියන්කුලම', '', NULL, NULL, NULL, '61316', 8.15321300, 80.55998900, NULL, NULL),
(76, 2, 'Kagama', NULL, 'කගම', '', NULL, NULL, NULL, '50282', 8.06146500, 80.47803900, NULL, NULL),
(77, 2, 'Kahatagasdigiliya', NULL, 'කහටගස්දිගිලිය', '', NULL, NULL, NULL, '50320', 8.41670000, 80.68330000, NULL, NULL),
(78, 2, 'Kahatagollewa', NULL, 'කහටගොල්ලෑව', '', NULL, NULL, NULL, '50562', 8.45000000, 80.65000000, NULL, NULL),
(79, 2, 'Kalakarambewa', NULL, 'කලකරඹෑව', '', NULL, NULL, NULL, '50288', 8.08330000, 80.46670000, NULL, NULL),
(80, 2, 'Kalaoya', NULL, 'කලාඔය', '', NULL, NULL, NULL, '50226', 8.06670000, 80.68330000, NULL, NULL),
(81, 2, 'Kalawedi Ulpotha', NULL, 'කලාවැදි උල්පොත', '', NULL, NULL, NULL, '50556', 8.53330000, 80.50830000, NULL, NULL),
(82, 2, 'Kallanchiya', NULL, 'කලංචිය', '', NULL, NULL, NULL, '50454', 8.45000000, 80.55000000, NULL, NULL),
(83, 2, 'Kalpitiya', NULL, 'කල්පිටිය', '', NULL, NULL, NULL, '61360', 8.23330000, 79.76670000, NULL, NULL),
(84, 2, 'Kalukele Badanagala', NULL, 'කළුකැලේ බදනාගල', '', NULL, NULL, NULL, '51037', 7.91670000, 80.55000000, NULL, NULL),
(85, 2, 'Kapugallawa', NULL, 'කපුගල්ලව', '', NULL, NULL, NULL, '50370', 8.42330000, 80.67830000, NULL, NULL),
(86, 2, 'Karagahawewa', NULL, 'කරගහවැව', '', NULL, NULL, NULL, '50232', 8.23416000, 80.32277200, NULL, NULL),
(87, 2, 'Kashyapapura', NULL, 'කාශ්‍යපපුර', '', NULL, NULL, NULL, '51032', 7.91670000, 80.55000000, NULL, NULL),
(88, 2, 'Kebithigollewa', NULL, 'කැබිතිගොල්ලෑව', '', NULL, NULL, NULL, '50500', 8.53330000, 80.48330000, NULL, NULL),
(89, 2, 'Kekirawa', NULL, 'කැකිරාව', '', NULL, NULL, NULL, '50100', 8.03746200, 80.59801000, NULL, NULL),
(90, 2, 'Kendewa', NULL, 'කේන්දෑව', '', NULL, NULL, NULL, '50452', 8.48330000, 80.60000000, NULL, NULL),
(91, 2, 'Kiralogama', NULL, 'කිරළෝගම', '', NULL, NULL, NULL, '50259', 8.19407000, 80.37012000, NULL, NULL),
(92, 2, 'Kirigalwewa', NULL, 'කිරිගල්වැව', '', NULL, NULL, NULL, '50511', 8.53776700, 80.55665100, NULL, NULL),
(93, 2, 'Kirimundalama', NULL, 'කිරිමුන්ඩලම', '', NULL, NULL, NULL, '61362', 8.23330000, 79.76670000, NULL, NULL),
(94, 2, 'Kitulhitiyawa', NULL, 'කිතුල්හිටියාව', '', NULL, NULL, NULL, '50132', 7.91659200, 80.63811000, NULL, NULL),
(95, 2, 'Kurundankulama', NULL, 'කුරුන්දන්කුලම', '', NULL, NULL, NULL, '50062', 8.20000000, 80.45000000, NULL, NULL),
(96, 2, 'Labunoruwa', NULL, 'ලබුනෝරුව', '', NULL, NULL, NULL, '50088', 8.16802600, 80.61700100, NULL, NULL),
(97, 2, 'Ihalagama', NULL, 'ඉහලගම', '', NULL, NULL, NULL, '50304', 8.35000000, 80.50000000, NULL, NULL),
(98, 2, 'Ipologama', NULL, 'ඉපොලොගම', '', NULL, NULL, NULL, '50280', 8.08330000, 80.46670000, NULL, NULL),
(99, 2, 'Madatugama', NULL, 'මාදතුගම', '', NULL, NULL, NULL, '50130', 7.94004100, 80.63821700, NULL, NULL),
(100, 2, 'Maha Elagamuwa', NULL, 'මහ ඇලගමුව', '', NULL, NULL, NULL, '50126', 7.99193500, 80.61824000, NULL, NULL),
(101, 2, 'Mahabulankulama', NULL, 'මහබුලංකුලම', '', NULL, NULL, NULL, '50196', 7.97530000, 80.52660000, NULL, NULL),
(102, 2, 'Mahailluppallama', NULL, 'මහඉලුප්පල්ලම', '', NULL, NULL, NULL, '50270', 8.10600000, 80.36190000, NULL, NULL),
(103, 2, 'Mahakanadarawa', NULL, 'මහකනදරාව', '', NULL, NULL, NULL, '50306', 8.35000000, 80.50000000, NULL, NULL),
(104, 2, 'Mahapothana', NULL, 'මහපොතාන', '', NULL, NULL, NULL, '50327', 8.41670000, 80.68330000, NULL, NULL),
(105, 2, 'Mahasenpura', NULL, 'මහසෙන්පුර', '', NULL, NULL, NULL, '50574', 8.55950000, 80.54760000, NULL, NULL),
(106, 2, 'Mahawilachchiya', NULL, 'මහවිලච්චිය', '', NULL, NULL, NULL, '50022', 8.28140000, 80.45880000, NULL, NULL),
(107, 2, 'Mailagaswewa', NULL, 'මයිලගස්වැව', '', NULL, NULL, NULL, '50384', 8.40000000, 80.63330000, NULL, NULL),
(108, 2, 'Malwanagama', NULL, 'මල්වනගම', '', NULL, NULL, NULL, '50236', 8.22500000, 80.33330000, NULL, NULL),
(109, 2, 'Maneruwa', NULL, 'මනේරුව', '', NULL, NULL, NULL, '50182', 7.89599700, 80.47596600, NULL, NULL),
(110, 2, 'Maradankadawala', NULL, 'මරදන්කඩවල', '', NULL, NULL, NULL, '50080', 8.13330000, 80.48330000, NULL, NULL),
(111, 2, 'Maradankalla', NULL, 'මරදන්කල්ල', '', NULL, NULL, NULL, '50308', 8.31749800, 80.53789900, NULL, NULL),
(112, 2, 'Medawachchiya', NULL, 'මැදවච්චිය', '', NULL, NULL, NULL, '50500', 8.54082200, 80.49595700, NULL, NULL),
(113, 2, 'Megodawewa', NULL, 'මීගොඩවැව', '', NULL, NULL, NULL, '50334', 8.23330000, 80.73330000, NULL, NULL),
(114, 2, 'Mihintale', NULL, 'මිහින්තලේ', '', NULL, NULL, NULL, '50300', 8.35000000, 80.50000000, NULL, NULL),
(115, 2, 'Morakewa', NULL, 'මොරකෑව', '', NULL, NULL, NULL, '50349', 8.51305100, 80.77822300, NULL, NULL),
(116, 2, 'Mulkiriyawa', NULL, 'මුල්කිරියාව', '', NULL, NULL, NULL, '50324', 8.41670000, 80.68330000, NULL, NULL),
(117, 2, 'Muriyakadawala', NULL, 'මුරියකඩවල', '', NULL, NULL, NULL, '50344', 8.23646400, 80.65466300, NULL, NULL),
(118, 5, 'Colombo 15', NULL, 'කොළඹ 15', 'கொழும்பு 15', 'Modara', 'මෝදර', 'முகத்துவாரம்', '01500', 6.95944400, 79.87527800, NULL, NULL),
(119, 2, 'Nachchaduwa', NULL, 'නච්චදූව', '', NULL, NULL, NULL, '50046', 8.26670000, 80.46670000, NULL, NULL),
(120, 2, 'Namalpura', NULL, 'නාමල්පුර', '', NULL, NULL, NULL, '50339', 8.23330000, 80.73330000, NULL, NULL),
(121, 2, 'Negampaha', NULL, 'නෑගම්පහ', '', NULL, NULL, NULL, '50180', 7.98720000, 80.45970000, NULL, NULL),
(122, 2, 'Nochchiyagama', NULL, 'නොච්චියාගම', '', NULL, NULL, NULL, '50200', 8.26680200, 80.20823000, NULL, NULL),
(123, 2, 'Nuwaragala', NULL, 'නුවරගල', '', NULL, NULL, NULL, '51039', 7.91670000, 80.55000000, NULL, NULL),
(124, 2, 'Padavi Maithripura', NULL, 'පදවි මෛත්‍රීපුර', '', NULL, NULL, NULL, '50572', 8.55950000, 80.54760000, NULL, NULL),
(125, 2, 'Padavi Parakramapura', NULL, 'පදවි පරාක්‍රමපුර', '', NULL, NULL, NULL, '50582', 8.55950000, 80.54760000, NULL, NULL),
(126, 2, 'Padavi Sripura', NULL, 'පදවි ශ්‍රීපුර', '', NULL, NULL, NULL, '50587', 8.55950000, 80.54760000, NULL, NULL),
(127, 2, 'Padavi Sritissapura', NULL, 'පදවි ශ්‍රීතිස්සපුර', '', NULL, NULL, NULL, '50588', 8.55950000, 80.54760000, NULL, NULL),
(128, 2, 'Padaviya', NULL, 'පදවිය', '', NULL, NULL, NULL, '50570', 8.55950000, 80.54760000, NULL, NULL),
(129, 2, 'Padikaramaduwa', NULL, 'පඩිකරමඩුව', '', NULL, NULL, NULL, '50338', 8.23330000, 80.73330000, NULL, NULL),
(130, 2, 'Pahala Halmillewa', NULL, 'පහල හල්මිල්ලෑව', '', NULL, NULL, NULL, '50206', 8.21672000, 80.19116000, NULL, NULL),
(131, 2, 'Pahala Maragahawe', NULL, 'පහල මරගහවෙ', '', NULL, NULL, NULL, '50220', 8.06670000, 80.68330000, NULL, NULL),
(1206, 14, 'Panliyadda', NULL, '', '', NULL, NULL, NULL, '60558', 7.70610000, 80.49640000, NULL, NULL),
(1207, 14, 'Pansiyagama', NULL, '', '', NULL, NULL, NULL, '60554', 7.70610000, 80.49640000, NULL, NULL),
(1208, 14, 'Parape', NULL, '', '', NULL, NULL, NULL, '71105', 7.36670000, 80.41670000, NULL, NULL),
(1209, 14, 'Pathanewatta', NULL, '', '', NULL, NULL, NULL, '90071', 7.41670000, 80.08330000, NULL, NULL),
(1210, 14, 'Pattiya Watta', NULL, '', '', NULL, NULL, NULL, '20118', 7.38330000, 80.31670000, NULL, NULL),
(1211, 14, 'Perakanatta', NULL, '', '', NULL, NULL, NULL, '21532', 7.36670000, 80.20000000, NULL, NULL),
(1212, 14, 'Periyakadneluwa', NULL, '', '', NULL, NULL, NULL, '60518', 7.74170000, 80.43180000, NULL, NULL),
(1213, 14, 'Pihimbiya Ratmale', NULL, '', '', NULL, NULL, NULL, '60439', 7.62990000, 80.09530000, NULL, NULL),
(1214, 14, 'Pihimbuwa', NULL, '', '', NULL, NULL, NULL, '60053', 7.46074200, 80.51229400, NULL, NULL),
(1215, 14, 'Pilessa', NULL, '', '', NULL, NULL, NULL, '60058', 7.45000000, 80.41670000, NULL, NULL),
(1216, 14, 'Polgahawela', NULL, '', '', NULL, NULL, NULL, '60300', 7.33276500, 80.29528500, NULL, NULL),
(1217, 14, 'Polgolla', NULL, '', '', NULL, NULL, NULL, '20250', 7.41670000, 80.53330000, NULL, NULL),
(1218, 14, 'Polpitigama', NULL, '', '', NULL, NULL, NULL, '60620', 7.81420000, 80.40420000, NULL, NULL),
(1219, 14, 'Pothuhera', NULL, '', '', NULL, NULL, NULL, '60330', 7.41810000, 80.33170000, NULL, NULL),
(1220, 14, 'Pothupitiya', NULL, '', '', NULL, NULL, NULL, '70338', 7.35542000, 80.17166000, NULL, NULL),
(1221, 14, 'Pujapitiya', NULL, '', '', NULL, NULL, NULL, '20112', 7.38330000, 80.31670000, NULL, NULL),
(1222, 14, 'Rakwana', NULL, '', '', NULL, NULL, NULL, '70300', 7.90000000, 80.40000000, NULL, NULL),
(1223, 14, 'Ranorawa', NULL, '', '', NULL, NULL, NULL, '50212', 7.80000000, 80.08330000, NULL, NULL),
(1224, 14, 'Rathukohodigala', NULL, '', '', NULL, NULL, NULL, '20818', 7.58330000, 79.93330000, NULL, NULL),
(1225, 14, 'Ridibendiella', NULL, '', '', NULL, NULL, NULL, '60606', 7.80200000, 80.28700000, NULL, NULL),
(1226, 14, 'Ridigama', NULL, '', '', NULL, NULL, NULL, '60040', 7.55000000, 80.48330000, NULL, NULL),
(1227, 14, 'Saliya Asokapura', NULL, '', '', NULL, NULL, NULL, '60736', 8.08330000, 80.21110000, NULL, NULL),
(1228, 14, 'Sandalankawa', NULL, '', '', NULL, NULL, NULL, '60176', 7.30461900, 79.94435800, NULL, NULL),
(1229, 14, 'Sevanapitiya', NULL, '', '', NULL, NULL, NULL, '51062', 7.36670000, 80.16670000, NULL, NULL),
(1230, 14, 'Sirambiadiya', NULL, '', '', NULL, NULL, NULL, '61312', 8.10000000, 80.26670000, NULL, NULL),
(1231, 14, 'Sirisetagama', NULL, '', '', NULL, NULL, NULL, '60478', 7.77720000, 80.15060000, NULL, NULL),
(1232, 14, 'Siyambalangamuwa', NULL, '', '', NULL, NULL, NULL, '60646', 7.52917900, 80.34031100, NULL, NULL),
(1233, 14, 'Siyambalawewa', NULL, '', '', NULL, NULL, NULL, '32048', 7.65000000, 79.96670000, NULL, NULL),
(1234, 14, 'Solepura', NULL, '', '', NULL, NULL, NULL, '60737', 8.15365700, 80.15338400, NULL, NULL),
(1235, 14, 'Solewewa', NULL, '', '', NULL, NULL, NULL, '60738', 8.14585500, 80.13259600, NULL, NULL),
(1236, 14, 'Sunandapura', NULL, '', '', NULL, NULL, NULL, '60436', 7.62990000, 80.09530000, NULL, NULL),
(1237, 14, 'Talawattegedara', NULL, '', '', NULL, NULL, NULL, '60306', 7.38330000, 80.30000000, NULL, NULL),
(1238, 14, 'Tambutta', NULL, '', '', NULL, NULL, NULL, '60734', 8.08330000, 80.21670000, NULL, NULL),
(1239, 14, 'Tennepanguwa', NULL, '', '', NULL, NULL, NULL, '90072', 7.41670000, 80.08330000, NULL, NULL),
(1240, 14, 'Thalahitimulla', NULL, '', '', NULL, NULL, NULL, '60208', 7.43247300, 80.00195400, NULL, NULL),
(1241, 14, 'Thalakolawewa', NULL, '', '', NULL, NULL, NULL, '60624', 7.79694300, 80.43385100, NULL, NULL),
(1242, 14, 'Thalwita', NULL, '', '', NULL, NULL, NULL, '60572', 7.59430000, 80.21080000, NULL, NULL),
(1243, 14, 'Tharana Udawela', NULL, '', '', NULL, NULL, NULL, '60227', 7.53330000, 80.06670000, NULL, NULL),
(1244, 14, 'Thimbiriyawa', NULL, '', '', NULL, NULL, NULL, '60476', 7.75090400, 80.14097500, NULL, NULL),
(1245, 14, 'Tisogama', NULL, '', '', NULL, NULL, NULL, '60453', 7.60650000, 79.94060000, NULL, NULL),
(1246, 14, 'Torayaya', NULL, '', '', NULL, NULL, NULL, '60499', 7.51670000, 80.40000000, NULL, NULL),
(1247, 14, 'Tulhiriya', NULL, '', '', NULL, NULL, NULL, '71610', 7.28330000, 80.21670000, NULL, NULL),
(1248, 14, 'Tuntota', NULL, '', '', NULL, NULL, NULL, '71062', 7.50000000, 79.91670000, NULL, NULL),
(1249, 14, 'Tuttiripitigama', NULL, '', '', NULL, NULL, NULL, '60426', 7.60000000, 80.13330000, NULL, NULL),
(1250, 14, 'Udagaldeniya', NULL, '', '', NULL, NULL, NULL, '71113', 7.35830000, 80.35000000, NULL, NULL),
(1251, 14, 'Udahingulwala', NULL, '', '', NULL, NULL, NULL, '20094', 7.30000000, 80.15000000, NULL, NULL),
(1252, 14, 'Udawatta', NULL, '', '', NULL, NULL, NULL, '20722', 7.43330000, 80.13330000, NULL, NULL),
(1253, 14, 'Udubaddawa', NULL, '', '', NULL, NULL, NULL, '60250', 7.48280000, 79.97530000, NULL, NULL),
(1254, 14, 'Udumulla', NULL, '', '', NULL, NULL, NULL, '71521', 7.45000000, 80.40000000, NULL, NULL),
(1255, 14, 'Uhumiya', NULL, '', '', NULL, NULL, NULL, '60094', 7.46670000, 80.28330000, NULL, NULL),
(1256, 14, 'Ulpotha Pallekele', NULL, '', '', NULL, NULL, NULL, '60622', 7.80710000, 80.41880000, NULL, NULL),
(1257, 14, 'Ulpothagama', NULL, '', '', NULL, NULL, NULL, '20965', 7.71670000, 80.31670000, NULL, NULL),
(1258, 14, 'Usgala Siyabmalangamuwa', NULL, '', '', NULL, NULL, NULL, '60732', 8.08330000, 80.21110000, NULL, NULL),
(1259, 14, 'Vijithapura', NULL, '', '', NULL, NULL, NULL, '50110', 7.46670000, 80.13330000, NULL, NULL),
(1260, 14, 'Wadakada', NULL, '', '', NULL, NULL, NULL, '60318', 7.39697000, 80.26759600, NULL, NULL),
(1261, 14, 'Wadumunnegedara', NULL, '', '', NULL, NULL, NULL, '60204', 7.41670000, 79.96670000, NULL, NULL),
(1262, 14, 'Walakumburumulla', NULL, '', '', NULL, NULL, NULL, '60198', 7.41670000, 80.01670000, NULL, NULL),
(1263, 14, 'Wannigama', NULL, '', '', NULL, NULL, NULL, '60465', 7.65690000, 80.22030000, NULL, NULL),
(1264, 14, 'Wannikudawewa', NULL, '', '', NULL, NULL, NULL, '60721', 7.99770000, 80.29640000, NULL, NULL),
(1265, 14, 'Wannilhalagama', NULL, '', '', NULL, NULL, NULL, '60722', 7.99770000, 80.29640000, NULL, NULL),
(1266, 14, 'Wannirasnayakapura', NULL, '', '', NULL, NULL, NULL, '60490', 7.68890000, 80.15560000, NULL, NULL),
(1267, 14, 'Warawewa', NULL, '', '', NULL, NULL, NULL, '60739', 8.12157200, 80.14855000, NULL, NULL),
(1268, 14, 'Wariyapola', NULL, '', '', NULL, NULL, NULL, '60400', 7.62869400, 80.23598900, NULL, NULL),
(1269, 14, 'Watareka', NULL, '', '', NULL, NULL, NULL, '10511', 7.39714200, 80.43287800, NULL, NULL),
(1270, 14, 'Wattegama', NULL, '', '', NULL, NULL, NULL, '20810', 7.58330000, 79.93330000, NULL, NULL),
(1271, 14, 'Watuwatta', NULL, '', '', NULL, NULL, NULL, '60262', 7.51670000, 79.91670000, NULL, NULL),
(1272, 14, 'Weerapokuna', NULL, '', '', NULL, NULL, NULL, '60454', 7.64942600, 79.98189300, NULL, NULL),
(1273, 14, 'Welawa Juncton', NULL, '', '', NULL, NULL, NULL, '60464', 7.65690000, 80.22030000, NULL, NULL),
(1274, 14, 'Welipennagahamulla', NULL, '', '', NULL, NULL, NULL, '60240', 7.45810000, 80.06030000, NULL, NULL),
(1275, 14, 'Wellagala', NULL, '', '', NULL, NULL, NULL, '60402', 7.61670000, 80.28330000, NULL, NULL),
(1276, 14, 'Wellarawa', NULL, '', '', NULL, NULL, NULL, '60456', 7.57290000, 79.91397400, NULL, NULL),
(1277, 14, 'Wellawa', NULL, '', '', NULL, NULL, NULL, '60570', 7.56652400, 80.36918900, NULL, NULL),
(1278, 14, 'Welpalla', NULL, '', '', NULL, NULL, NULL, '60206', 7.43330000, 80.05000000, NULL, NULL),
(1279, 14, 'Wennoruwa', NULL, '', '', NULL, NULL, NULL, '60284', 7.36946700, 80.21957300, NULL, NULL),
(1280, 14, 'Weuda', NULL, '', '', NULL, NULL, NULL, '60080', 7.40000000, 80.16670000, NULL, NULL),
(1281, 14, 'Wewagama', NULL, '', '', NULL, NULL, NULL, '60195', 7.42031000, 80.09983500, NULL, NULL),
(1282, 14, 'Wilgamuwa', NULL, '', '', NULL, NULL, NULL, '21530', 7.36670000, 80.20000000, NULL, NULL),
(1283, 14, 'Yakwila', NULL, '', '', NULL, NULL, NULL, '60202', 7.38330000, 80.03330000, NULL, NULL),
(1284, 14, 'Yatigaloluwa', NULL, '', '', NULL, NULL, NULL, '60314', 7.32872900, 80.26450900, NULL, NULL),
(1285, 15, 'Mannar', NULL, '', '', NULL, NULL, NULL, '41000', 8.98330000, 79.90000000, NULL, NULL),
(1286, 15, 'Puthukudiyiruppu', NULL, '', '', NULL, NULL, NULL, '30158', 9.04695100, 79.85328600, NULL, NULL),
(1287, 16, 'Akuramboda', NULL, 'අකුරම්බොඩ', '', NULL, NULL, NULL, '21142', 7.64638300, 80.60004800, NULL, NULL),
(1288, 16, 'Alawatuwala', NULL, 'අලවතුවල', '', NULL, NULL, NULL, '60047', 7.55000000, 80.55830000, NULL, NULL),
(1289, 16, 'Alwatta', NULL, 'අල්වත්ත', '', NULL, NULL, NULL, '21004', 7.44944400, 80.66335800, NULL, NULL),
(1290, 16, 'Ambana', NULL, 'අම්බාන', '', NULL, NULL, NULL, '21504', 7.65100700, 80.69381600, NULL, NULL),
(1291, 16, 'Aralaganwila', NULL, 'අරලගන්විල', '', NULL, NULL, NULL, '51100', 7.69600000, 80.58420000, NULL, NULL),
(1292, 16, 'Ataragallewa', NULL, 'අටරගල්ලෑව', '', NULL, NULL, NULL, '21512', 7.53330000, 80.60670000, NULL, NULL),
(1293, 16, 'Bambaragaswewa', NULL, 'බඹරගස්වැව', '', NULL, NULL, NULL, '21212', 7.78431500, 80.54051100, NULL, NULL),
(1294, 16, 'Barawardhana Oya', NULL, 'බරවර්ධන ඔය', '', NULL, NULL, NULL, '20967', 7.56670000, 80.62500000, NULL, NULL),
(1295, 16, 'Beligamuwa', NULL, 'බෙලිගමුව', '', NULL, NULL, NULL, '21214', 7.72588200, 80.55278900, NULL, NULL),
(1296, 16, 'Damana', NULL, 'දමන', '', NULL, NULL, NULL, '32014', 7.84170000, 80.57970000, NULL, NULL),
(1297, 16, 'Dambulla', NULL, 'දඹුල්ල', '', NULL, NULL, NULL, '21100', 7.86803900, 80.64646400, NULL, NULL),
(1298, 16, 'Damminna', NULL, 'දම්මින්න', '', NULL, NULL, NULL, '51106', 7.69600000, 80.58420000, NULL, NULL),
(1299, 16, 'Dankanda', NULL, 'දංකන්ද', '', NULL, NULL, NULL, '21032', 7.51961600, 80.69416800, NULL, NULL),
(1300, 16, 'Delwite', NULL, 'දෙල්විටේ', '', NULL, NULL, NULL, '60044', 7.55000000, 80.55830000, NULL, NULL),
(1301, 16, 'Devagiriya', NULL, 'දේවගිරිය', '', NULL, NULL, NULL, '21552', 7.58330000, 80.96670000, NULL, NULL),
(1302, 16, 'Dewahuwa', NULL, 'දේවහුව', '', NULL, NULL, NULL, '21206', 7.75890000, 80.56830000, NULL, NULL),
(1303, 16, 'Divuldamana', NULL, 'දිවුල්දමන', '', NULL, NULL, NULL, '51104', 7.69600000, 80.58420000, NULL, NULL),
(1304, 16, 'Dullewa', NULL, 'දුල්වල', '', NULL, NULL, NULL, '21054', 7.51101200, 80.59862000, NULL, NULL),
(1305, 16, 'Dunkolawatta', NULL, 'දුන්කොලවත්ත', '', NULL, NULL, NULL, '21046', 7.49170000, 80.62500000, NULL, NULL),
(1306, 16, 'Elkaduwa', NULL, 'ඇල්කඩුව', '', NULL, NULL, NULL, '21012', 7.41070600, 80.69325800, NULL, NULL),
(1307, 16, 'Erawula Junction', NULL, 'එරවුල හන්දිය', '', NULL, NULL, NULL, '21108', 7.86330000, 80.68420000, NULL, NULL),
(1308, 16, 'Etanawala', NULL, 'එතනවල', '', NULL, NULL, NULL, '21402', 7.52170000, 80.68470000, NULL, NULL),
(1309, 16, 'Galewela', NULL, 'ගලේවෙල', '', NULL, NULL, NULL, '21200', 7.75980700, 80.56744000, NULL, NULL),
(1310, 16, 'Galoya Junction', NULL, 'ගල්ඔය හන්දිය', '', NULL, NULL, NULL, '51375', 7.69600000, 80.58420000, NULL, NULL),
(1311, 16, 'Gammaduwa', NULL, 'ගම්මඩුව', '', NULL, NULL, NULL, '21068', 7.58165400, 80.69852100, NULL, NULL),
(1312, 16, 'Gangala Puwakpitiya', NULL, 'ගන්ගල පුවක්පිටිය', '', NULL, NULL, NULL, '21404', 7.52170000, 80.68470000, NULL, NULL),
(1313, 16, 'Hasalaka', NULL, '', '', NULL, NULL, NULL, '20960', 7.56670000, 80.62500000, NULL, NULL),
(1314, 16, 'Hattota Amuna', NULL, '', '', NULL, NULL, NULL, '21514', 7.53330000, 80.60670000, NULL, NULL),
(1315, 16, 'Imbulgolla', NULL, '', '', NULL, NULL, NULL, '21064', 7.57502700, 80.66315900, NULL, NULL),
(1316, 16, 'Inamaluwa', NULL, '', '', NULL, NULL, NULL, '21124', 7.95134400, 80.69018700, NULL, NULL),
(1317, 16, 'Iriyagolla', NULL, '', '', NULL, NULL, NULL, '60045', 7.55000000, 80.63330000, NULL, NULL),
(1318, 16, 'Kaikawala', NULL, '', '', NULL, NULL, NULL, '21066', 7.50717700, 80.65944400, NULL, NULL),
(1319, 16, 'Kalundawa', NULL, '', '', NULL, NULL, NULL, '21112', 7.80000000, 80.71670000, NULL, NULL),
(1320, 16, 'Kandalama', NULL, '', '', NULL, NULL, NULL, '21106', 7.88740300, 80.70350700, NULL, NULL),
(1321, 16, 'Kavudupelella', NULL, '', '', NULL, NULL, NULL, '21072', 7.59140000, 80.62580000, NULL, NULL),
(1322, 16, 'Kibissa', NULL, '', '', NULL, NULL, NULL, '21122', 7.93970000, 80.72780000, NULL, NULL),
(1323, 16, 'Kiwula', NULL, '', '', NULL, NULL, NULL, '21042', 7.49170000, 80.62500000, NULL, NULL),
(1324, 16, 'Kongahawela', NULL, '', '', NULL, NULL, NULL, '21500', 7.67993200, 80.70660700, NULL, NULL),
(1325, 16, 'Laggala Pallegama', NULL, '', '', NULL, NULL, NULL, '21520', 7.53330000, 80.60670000, NULL, NULL),
(1326, 16, 'Leliambe', NULL, '', '', NULL, NULL, NULL, '21008', 7.43460000, 80.65190000, NULL, NULL),
(1327, 16, 'Lenadora', NULL, '', '', NULL, NULL, NULL, '21094', 7.75350700, 80.66016100, NULL, NULL),
(1328, 16, 'lhala Halmillewa', NULL, '', '', NULL, NULL, NULL, '50262', 7.86670000, 80.64170000, NULL, NULL),
(1329, 16, 'lllukkumbura', NULL, '', '', NULL, NULL, NULL, '21406', 7.52170000, 80.68470000, NULL, NULL),
(1330, 16, 'Madipola', NULL, '', '', NULL, NULL, NULL, '21156', 7.68330000, 80.58330000, NULL, NULL),
(1331, 16, 'Maduruoya', NULL, '', '', NULL, NULL, NULL, '51108', 7.69600000, 80.58420000, NULL, NULL),
(1332, 16, 'Mahawela', NULL, '', '', NULL, NULL, NULL, '21140', 7.58180400, 80.60748500, NULL, NULL),
(1333, 16, 'Mananwatta', NULL, '', '', NULL, NULL, NULL, '21144', 7.68510600, 80.60110700, NULL, NULL),
(1334, 16, 'Maraka', NULL, '', '', NULL, NULL, NULL, '21554', 7.58680100, 80.96200900, NULL, NULL),
(1335, 16, 'Matale', NULL, '', '', NULL, NULL, NULL, '21000', 7.47170000, 80.62440000, NULL, NULL),
(1336, 16, 'Melipitiya', NULL, '', '', NULL, NULL, NULL, '21055', 7.54580000, 80.58330000, NULL, NULL),
(1337, 16, 'Metihakka', NULL, '', '', NULL, NULL, NULL, '21062', 7.53649500, 80.65408100, NULL, NULL),
(1338, 16, 'Millawana', NULL, '', '', NULL, NULL, NULL, '21154', 7.65030000, 80.57720000, NULL, NULL),
(1339, 16, 'Muwandeniya', NULL, '', '', NULL, NULL, NULL, '21044', 7.46145200, 80.66009800, NULL, NULL),
(1340, 16, 'Nalanda', NULL, '', '', NULL, NULL, NULL, '21082', 7.66248700, 80.63500400, NULL, NULL),
(1341, 16, 'Naula', NULL, '', '', NULL, NULL, NULL, '21090', 7.70813200, 80.65232100, NULL, NULL),
(1342, 16, 'Opalgala', NULL, '', '', NULL, NULL, NULL, '21076', 7.61992700, 80.69833800, NULL, NULL),
(1343, 16, 'Pallepola', NULL, '', '', NULL, NULL, NULL, '21152', 7.62068600, 80.60046600, NULL, NULL),
(1344, 16, 'Pimburattewa', NULL, '', '', NULL, NULL, NULL, '51102', 7.69600000, 80.58420000, NULL, NULL),
(1345, 16, 'Pulastigama', NULL, '', '', NULL, NULL, NULL, '51050', 7.67000000, 80.56500000, NULL, NULL),
(1346, 16, 'Ranamuregama', NULL, '', '', NULL, NULL, NULL, '21524', 7.53330000, 80.60670000, NULL, NULL),
(1347, 16, 'Rattota', NULL, '', '', NULL, NULL, NULL, '21400', 7.52170000, 80.68470000, NULL, NULL),
(1348, 16, 'Selagama', NULL, '', '', NULL, NULL, NULL, '21058', 7.59445700, 80.58381000, NULL, NULL),
(1349, 16, 'Sigiriya', NULL, '', '', NULL, NULL, NULL, '21120', 7.95496800, 80.75520500, NULL, NULL),
(1350, 16, 'Sinhagama', NULL, '', '', NULL, NULL, NULL, '51378', 7.69600000, 80.58420000, NULL, NULL),
(1351, 16, 'Sungavila', NULL, '', '', NULL, NULL, NULL, '51052', 7.67000000, 80.56500000, NULL, NULL),
(1352, 16, 'Talagoda Junction', NULL, '', '', NULL, NULL, NULL, '21506', 7.57220000, 80.62220000, NULL, NULL),
(1353, 16, 'Talakiriyagama', NULL, '', '', NULL, NULL, NULL, '21116', 7.82060000, 80.61720000, NULL, NULL),
(1354, 16, 'Tamankaduwa', NULL, '', '', NULL, NULL, NULL, '51089', 7.67000000, 80.56500000, NULL, NULL),
(1355, 16, 'Udasgiriya', NULL, '', '', NULL, NULL, NULL, '21051', 7.53525400, 80.57034200, NULL, NULL),
(1356, 16, 'Udatenna', NULL, '', '', NULL, NULL, NULL, '21006', 7.41670000, 80.65000000, NULL, NULL),
(1357, 16, 'Ukuwela', NULL, '', '', NULL, NULL, NULL, '21300', 7.42391700, 80.62996000, NULL, NULL),
(1358, 16, 'Wahacotte', NULL, '', '', NULL, NULL, NULL, '21160', 7.71420000, 80.59720000, NULL, NULL),
(1359, 16, 'Walawela', NULL, '', '', NULL, NULL, NULL, '21048', 7.52036500, 80.59740300, NULL, NULL),
(1360, 16, 'Wehigala', NULL, '', '', NULL, NULL, NULL, '21009', 7.40901900, 80.66911200, NULL, NULL),
(1361, 16, 'Welangahawatte', NULL, '', '', NULL, NULL, NULL, '21408', 7.52170000, 80.68470000, NULL, NULL),
(1362, 16, 'Wewalawewa', NULL, '', '', NULL, NULL, NULL, '21114', 7.81030000, 80.66690000, NULL, NULL),
(1363, 16, 'Yatawatta', NULL, '', '', NULL, NULL, NULL, '21056', 7.56269800, 80.57836100, NULL, NULL),
(1364, 17, 'Akuressa', NULL, 'අකුරැස්ස', '', NULL, NULL, NULL, '81400', 6.09640000, 80.48080000, NULL, NULL),
(1365, 17, 'Alapaladeniya', NULL, 'අලපලදෙණිය', '', NULL, NULL, NULL, '81475', 6.28330000, 80.45000000, NULL, NULL),
(1366, 17, 'Aparekka', NULL, 'අපරැක්ක', '', NULL, NULL, NULL, '81032', 6.00808300, 80.62155600, NULL, NULL),
(1367, 17, 'Athuraliya', NULL, 'අතුරලීය', '', NULL, NULL, NULL, '81402', 6.06972400, 80.49787900, NULL, NULL),
(1368, 17, 'Bengamuwa', NULL, 'බෙන්ගමුව', '', NULL, NULL, NULL, '81614', 6.25341700, 80.59808000, NULL, NULL),
(1369, 17, 'Bopagoda', NULL, 'බෝපගොඩ', '', NULL, NULL, NULL, '81412', 6.15610000, 80.49030000, NULL, NULL),
(1370, 17, 'Dampahala', NULL, 'දම්පහල', '', NULL, NULL, NULL, '81612', 6.25963100, 80.63308100, NULL, NULL),
(1371, 17, 'Deegala Lenama', NULL, 'දීගල ලෙනම', '', NULL, NULL, NULL, '81452', 6.23330000, 80.45000000, NULL, NULL),
(1372, 17, 'Deiyandara', NULL, 'දෙයියන්දර', '', NULL, NULL, NULL, '81320', 6.15238800, 80.60469600, NULL, NULL),
(1373, 17, 'Denagama', NULL, 'දෙනගම', '', NULL, NULL, NULL, '81314', 6.11481000, 80.64274900, NULL, NULL),
(1374, 17, 'Denipitiya', NULL, 'දෙණිපිටිය', '', NULL, NULL, NULL, '81730', 5.96670000, 80.45000000, NULL, NULL),
(1375, 17, 'Deniyaya', NULL, 'දෙණියාය', '', NULL, NULL, NULL, '81500', 6.33973200, 80.54805500, NULL, NULL),
(1376, 17, 'Derangala', NULL, 'දෙරණගල', '', NULL, NULL, NULL, '81454', 6.22957200, 80.44549200, NULL, NULL),
(1377, 17, 'Devinuwara (Dondra)', NULL, 'දෙවිනුවර (දෙවුන්දර)', '', NULL, NULL, NULL, '81160', 5.93190000, 80.60690000, NULL, NULL),
(1378, 17, 'Dikwella', NULL, 'දික්වැල්ල', '', NULL, NULL, NULL, '81200', 5.96670000, 80.68330000, NULL, NULL),
(1379, 17, 'Diyagaha', NULL, 'දියගහ', '', NULL, NULL, NULL, '81038', 5.98330000, 80.56670000, NULL, NULL),
(1380, 17, 'Diyalape', NULL, 'දියලපේ', '', NULL, NULL, NULL, '81422', 6.12180200, 80.44791100, NULL, NULL),
(1381, 17, 'Gandara', NULL, 'ගන්දර', '', NULL, NULL, NULL, '81170', 5.93362900, 80.61575000, NULL, NULL),
(1382, 17, 'Godapitiya', NULL, 'ගොඩපිටිය', '', NULL, NULL, NULL, '81408', 6.12180100, 80.48099600, NULL, NULL),
(1383, 17, 'Gomilamawarala', NULL, 'ගොමිලමවරල', '', NULL, NULL, NULL, '81072', 6.18330000, 80.56670000, NULL, NULL),
(1384, 17, 'Hawpe', NULL, '', '', NULL, NULL, NULL, '80132', 6.12997300, 80.48974300, NULL, NULL),
(1385, 17, 'Horapawita', NULL, '', '', NULL, NULL, NULL, '81108', 6.11670000, 80.58330000, NULL, NULL),
(1386, 17, 'Kalubowitiyana', NULL, '', '', NULL, NULL, NULL, '81478', 6.31670000, 80.40000000, NULL, NULL),
(1387, 17, 'Kamburugamuwa', NULL, '', '', NULL, NULL, NULL, '81750', 5.94061200, 80.49644900, NULL, NULL),
(1388, 17, 'Kamburupitiya', NULL, '', '', NULL, NULL, NULL, '81100', 6.06984700, 80.56473000, NULL, NULL),
(1389, 17, 'Karagoda Uyangoda', NULL, '', '', NULL, NULL, NULL, '81082', 6.07150000, 80.51930000, NULL, NULL),
(1390, 17, 'Karaputugala', NULL, '', '', NULL, NULL, NULL, '81106', 6.07377000, 80.60348400, NULL, NULL),
(1391, 17, 'Karatota', NULL, '', '', NULL, NULL, NULL, '81318', 6.06670000, 80.66670000, NULL, NULL),
(1392, 17, 'Kekanadurra', NULL, '', '', NULL, NULL, NULL, '81020', 6.07150000, 80.51930000, NULL, NULL),
(1393, 17, 'Kiriweldola', NULL, '', '', NULL, NULL, NULL, '81514', 6.37227200, 80.53350700, NULL, NULL),
(1394, 17, 'Kiriwelkele', NULL, '', '', NULL, NULL, NULL, '81456', 6.24995700, 80.45104700, NULL, NULL),
(1395, 17, 'Kolawenigama', NULL, '', '', NULL, NULL, NULL, '81522', 6.32167100, 80.50022700, NULL, NULL),
(1396, 17, 'Kotapola', NULL, '', '', NULL, NULL, NULL, '81480', 6.29239300, 80.53395700, NULL, NULL),
(1397, 17, 'Lankagama', NULL, '', '', NULL, NULL, NULL, '81526', 6.35000000, 80.46670000, NULL, NULL),
(1398, 17, 'Makandura', NULL, '', '', NULL, NULL, NULL, '81070', 6.13703600, 80.57198200, NULL, NULL),
(1399, 17, 'Maliduwa', NULL, '', '', NULL, NULL, NULL, '81424', 6.13330000, 80.41670000, NULL, NULL),
(1400, 17, 'Maramba', NULL, '', '', NULL, NULL, NULL, '81416', 6.16140000, 80.50350000, NULL, NULL),
(1401, 17, 'Matara', NULL, '', '', NULL, NULL, NULL, '81000', 5.94860000, 80.54280000, NULL, NULL),
(1402, 17, 'Mediripitiya', NULL, '', '', NULL, NULL, NULL, '81524', 6.35000000, 80.46670000, NULL, NULL),
(1403, 17, 'Miella', NULL, '', '', NULL, NULL, NULL, '81312', 6.11670000, 80.68330000, NULL, NULL),
(1404, 17, 'Mirissa', NULL, '', '', NULL, NULL, NULL, '81740', 5.94679000, 80.45228800, NULL, NULL),
(1405, 17, 'Morawaka', NULL, '', '', NULL, NULL, NULL, '81470', 6.25000000, 80.48330000, NULL, NULL),
(1406, 17, 'Mulatiyana Junction', NULL, '', '', NULL, NULL, NULL, '81071', 6.18330000, 80.56670000, NULL, NULL),
(1407, 17, 'Nadugala', NULL, '', '', NULL, NULL, NULL, '81092', 5.97546400, 80.54893500, NULL, NULL),
(1408, 17, 'Naimana', NULL, '', '', NULL, NULL, NULL, '81017', 6.07150000, 80.51930000, NULL, NULL),
(1409, 17, 'Palatuwa', NULL, '', '', NULL, NULL, NULL, '81050', 5.98451600, 80.51865600, NULL, NULL),
(1410, 17, 'Parapamulla', NULL, '', '', NULL, NULL, NULL, '81322', 6.15021900, 80.61675000, NULL, NULL),
(1411, 17, 'Pasgoda', NULL, '', '', NULL, NULL, NULL, '81615', 6.24299800, 80.61617500, NULL, NULL),
(1412, 17, 'Penetiyana', NULL, '', '', NULL, NULL, NULL, '81722', 6.03481300, 80.45062600, NULL, NULL),
(1413, 17, 'Pitabeddara', NULL, '', '', NULL, NULL, NULL, '81450', 6.21670000, 80.45000000, NULL, NULL),
(1414, 17, 'Puhulwella', NULL, '', '', NULL, NULL, NULL, '81290', 6.04575200, 80.61920300, NULL, NULL),
(1415, 17, 'Radawela', NULL, '', '', NULL, NULL, NULL, '81316', 6.12467200, 80.60726000, NULL, NULL),
(1416, 17, 'Ransegoda', NULL, '', '', NULL, NULL, NULL, '81064', 6.07150000, 80.51930000, NULL, NULL),
(1417, 17, 'Rotumba', NULL, '', '', NULL, NULL, NULL, '81074', 6.22914200, 80.57115100, NULL, NULL),
(1418, 17, 'Sultanagoda', NULL, '', '', NULL, NULL, NULL, '81051', 5.96670000, 80.50000000, NULL, NULL),
(1419, 17, 'Telijjawila', NULL, '', '', NULL, NULL, NULL, '81060', 6.07150000, 80.51930000, NULL, NULL),
(1420, 17, 'Thihagoda', NULL, '', '', NULL, NULL, NULL, '81280', 6.01160200, 80.56185100, NULL, NULL),
(1421, 17, 'Urubokka', NULL, '', '', NULL, NULL, NULL, '81600', 6.30286300, 80.63117500, NULL, NULL),
(1422, 17, 'Urugamuwa', NULL, '', '', NULL, NULL, NULL, '81230', 6.01160000, 80.64370000, NULL, NULL),
(1423, 17, 'Urumutta', NULL, '', '', NULL, NULL, NULL, '81414', 6.15018100, 80.51958200, NULL, NULL),
(1424, 17, 'Viharahena', NULL, '', '', NULL, NULL, NULL, '81508', 6.37907300, 80.59800600, NULL, NULL),
(1425, 17, 'Walakanda', NULL, '', '', NULL, NULL, NULL, '81294', 6.01655000, 80.64988900, NULL, NULL),
(1426, 17, 'Walasgala', NULL, '', '', NULL, NULL, NULL, '81220', 5.98191300, 80.69367800, NULL, NULL),
(1427, 17, 'Waralla', NULL, '', '', NULL, NULL, NULL, '81479', 6.27743900, 80.52251900, NULL, NULL),
(1428, 17, 'Weligama', NULL, '', '', NULL, NULL, NULL, '81700', 5.96670000, 80.41670000, NULL, NULL),
(1429, 17, 'Wilpita', NULL, '', '', NULL, NULL, NULL, '81404', 6.10000000, 80.51670000, NULL, NULL),
(1430, 17, 'Yatiyana', NULL, '', '', NULL, NULL, NULL, '81034', 6.02888800, 80.60315800, NULL, NULL),
(1431, 18, 'Ayiwela', NULL, '', '', NULL, NULL, NULL, '91516', 7.10000000, 81.23330000, NULL, NULL),
(1432, 18, 'Badalkumbura', NULL, 'බඩල්කුඹුර', '', NULL, NULL, NULL, '91070', 6.89328700, 81.23434600, NULL, NULL),
(1433, 18, 'Baduluwela', NULL, 'බදුලුවෙල', '', NULL, NULL, NULL, '91058', 7.11307000, 81.43529900, NULL, NULL),
(1434, 18, 'Bakinigahawela', NULL, 'බකිණිගහවෙල', '', NULL, NULL, NULL, '91554', 6.93330000, 81.28330000, NULL, NULL),
(1435, 18, 'Balaharuwa', NULL, 'බලහරුව', '', NULL, NULL, NULL, '91295', 6.52017700, 81.05851900, NULL, NULL),
(1436, 18, 'Bibile', NULL, 'බිබිලේ', '', NULL, NULL, NULL, '91500', 7.16670000, 81.21670000, NULL, NULL),
(1437, 18, 'Buddama', NULL, 'බුද්ධගම', '', NULL, NULL, NULL, '91038', 7.04641300, 81.48684400, NULL, NULL),
(1438, 18, 'Buttala', NULL, 'බුත්තල', '', NULL, NULL, NULL, '91100', 6.75000000, 81.23330000, NULL, NULL),
(1439, 18, 'Dambagalla', NULL, 'දඹගල්ල', '', NULL, NULL, NULL, '91050', 6.95574300, 81.37594600, NULL, NULL),
(1440, 18, 'Diyakobala', NULL, 'දියකොබල', '', NULL, NULL, NULL, '91514', 7.10560000, 81.22220000, NULL, NULL),
(1441, 18, 'Dombagahawela', NULL, 'දොඹගහවෙල', '', NULL, NULL, NULL, '91010', 6.89819700, 81.44137500, NULL, NULL),
(1442, 18, 'Ethimalewewa', NULL, 'ඇතිමලේවැව', '', NULL, NULL, NULL, '91020', 6.92160000, 81.38330000, NULL, NULL),
(1443, 18, 'Ettiliwewa', NULL, 'ඇත්තිලිවැව', '', NULL, NULL, NULL, '91250', 6.73000000, 81.12000000, NULL, NULL),
(1444, 18, 'Galabedda', NULL, 'ගලබැද්ද', '', NULL, NULL, NULL, '91008', 6.91670000, 81.38330000, NULL, NULL),
(1445, 18, 'Gamewela', NULL, 'ගමේවැල', '', NULL, NULL, NULL, '90512', 6.91670000, 81.20000000, NULL, NULL),
(1446, 18, 'Hambegamuwa', NULL, 'හම්බෙගමුව', '', NULL, NULL, NULL, '91308', 6.50371800, 80.87469500, NULL, NULL),
(1447, 18, 'Hingurukaduwa', NULL, '', '', NULL, NULL, NULL, '90508', 6.81725700, 81.15342900, NULL, NULL),
(1448, 18, 'Hulandawa', NULL, '', '', NULL, NULL, NULL, '91004', 6.86847900, 81.33321500, NULL, NULL),
(1449, 18, 'Inginiyagala', NULL, '', '', NULL, NULL, NULL, '91040', 7.19861700, 81.49449600, NULL, NULL),
(1450, 18, 'Kandaudapanguwa', NULL, '', '', NULL, NULL, NULL, '91032', 6.96670000, 81.51670000, NULL, NULL),
(1451, 18, 'Kandawinna', NULL, '', '', NULL, NULL, NULL, '91552', 6.93330000, 81.28330000, NULL, NULL),
(1452, 18, 'Kataragama', NULL, '', '', NULL, NULL, NULL, '91400', 6.41670000, 81.33330000, NULL, NULL),
(1453, 18, 'Kotagama', NULL, '', '', NULL, NULL, NULL, '91512', 7.11644800, 81.17788000, NULL, NULL),
(1454, 18, 'Kotamuduna', NULL, '', '', NULL, NULL, NULL, '90506', 6.89254200, 81.17765100, NULL, NULL),
(1455, 18, 'Kotawehera Mankada', NULL, '', '', NULL, NULL, NULL, '91312', 6.46360000, 81.05300000, NULL, NULL),
(1456, 18, 'Kudawewa', NULL, '', '', NULL, NULL, NULL, '61226', 6.41670000, 81.03330000, NULL, NULL),
(1457, 18, 'Kumbukkana', NULL, '', '', NULL, NULL, NULL, '91098', 6.81479500, 81.27491300, NULL, NULL),
(1458, 18, 'Marawa', NULL, '', '', NULL, NULL, NULL, '91006', 6.80594400, 81.38145800, NULL, NULL),
(1459, 18, 'Mariarawa', NULL, '', '', NULL, NULL, NULL, '91052', 6.97596900, 81.48104700, NULL, NULL),
(1460, 18, 'Medagana', NULL, '', '', NULL, NULL, NULL, '91550', 6.93330000, 81.28330000, NULL, NULL),
(1461, 18, 'Medawelagama', NULL, '', '', NULL, NULL, NULL, '90518', 6.91670000, 81.20000000, NULL, NULL),
(1462, 18, 'Miyanakandura', NULL, '', '', NULL, NULL, NULL, '90584', 6.86916900, 81.15296700, NULL, NULL),
(1463, 18, 'Monaragala', NULL, '', '', NULL, NULL, NULL, '91000', 6.86670000, 81.35000000, NULL, NULL),
(1464, 18, 'Moretuwegama', NULL, '', '', NULL, NULL, NULL, '91108', 6.75000000, 81.23330000, NULL, NULL),
(1465, 18, 'Nakkala', NULL, '', '', NULL, NULL, NULL, '91003', 6.88781600, 81.30608200, NULL, NULL),
(1466, 18, 'Namunukula', NULL, '', '', NULL, NULL, NULL, '90580', 6.86670000, 81.11670000, NULL, NULL),
(1467, 18, 'Nannapurawa', NULL, '', '', NULL, NULL, NULL, '91519', 7.08330000, 81.25000000, NULL, NULL),
(1468, 18, 'Nelliyadda', NULL, '', '', NULL, NULL, NULL, '91042', 7.38992900, 81.40814100, NULL, NULL),
(1469, 18, 'Nilgala', NULL, '', '', NULL, NULL, NULL, '91508', 7.21594500, 81.31280600, NULL, NULL),
(1470, 18, 'Obbegoda', NULL, '', '', NULL, NULL, NULL, '91007', 6.87860000, 81.34760000, NULL, NULL),
(1471, 18, 'Okkampitiya', NULL, '', '', NULL, NULL, NULL, '91060', 6.75320100, 81.29752000, NULL, NULL),
(1472, 18, 'Pangura', NULL, '', '', NULL, NULL, NULL, '91002', 6.98330000, 81.31670000, NULL, NULL),
(1473, 18, 'Pitakumbura', NULL, '', '', NULL, NULL, NULL, '91505', 7.19157500, 81.27524000, NULL, NULL),
(1474, 18, 'Randeniya', NULL, '', '', NULL, NULL, NULL, '91204', 6.80347400, 81.11190000, NULL, NULL),
(1475, 18, 'Ruwalwela', NULL, '', '', NULL, NULL, NULL, '91056', 7.01747600, 81.38620300, NULL, NULL),
(1476, 18, 'Sella Kataragama', NULL, '', '', NULL, NULL, NULL, '91405', 6.41670000, 81.33330000, NULL, NULL),
(1477, 18, 'Siyambalagune', NULL, '', '', NULL, NULL, NULL, '91202', 6.80000000, 81.13330000, NULL, NULL),
(1478, 18, 'Siyambalanduwa', NULL, '', '', NULL, NULL, NULL, '91030', 6.91058100, 81.55211200, NULL, NULL),
(1479, 18, 'Suriara', NULL, '', '', NULL, NULL, NULL, '91306', 6.46360000, 81.05300000, NULL, NULL),
(1480, 18, 'Tanamalwila', NULL, '', '', NULL, NULL, NULL, '91300', 6.43330000, 81.13330000, NULL, NULL),
(1481, 18, 'Uva Gangodagama', NULL, '', '', NULL, NULL, NULL, '91054', 7.00560000, 81.42220000, NULL, NULL),
(1482, 18, 'Uva Kudaoya', NULL, '', '', NULL, NULL, NULL, '91298', 6.75000000, 81.20000000, NULL, NULL),
(1483, 18, 'Uva Pelwatta', NULL, '', '', NULL, NULL, NULL, '91112', 6.75000000, 81.23330000, NULL, NULL),
(1484, 18, 'Warunagama', NULL, '', '', NULL, NULL, NULL, '91198', 6.75000000, 81.23330000, NULL, NULL),
(1485, 18, 'Wedikumbura', NULL, '', '', NULL, NULL, NULL, '91005', 6.83330000, 81.38330000, NULL, NULL),
(1486, 18, 'Weherayaya Handapanagala', NULL, '', '', NULL, NULL, NULL, '91206', 6.77780000, 81.11670000, NULL, NULL),
(1487, 18, 'Wellawaya', NULL, '', '', NULL, NULL, NULL, '91200', 6.71945800, 81.10629500, NULL, NULL),
(1488, 18, 'Wilaoya', NULL, '', '', NULL, NULL, NULL, '91022', 6.92160000, 81.38330000, NULL, NULL),
(1489, 18, 'Yudaganawa', NULL, '', '', NULL, NULL, NULL, '51424', 6.77688200, 81.22972500, NULL, NULL),
(1490, 19, 'Mullativu', NULL, '', '', NULL, NULL, NULL, '42000', 9.26666700, 80.81666700, NULL, NULL),
(1491, 20, 'Agarapathana', NULL, 'ආගරපතන', '', NULL, NULL, NULL, '22094', 6.82422400, 80.70967100, NULL, NULL),
(1492, 20, 'Ambatalawa', NULL, 'අඹතලාව', '', NULL, NULL, NULL, '20686', 7.05000000, 80.66670000, NULL, NULL),
(1493, 20, 'Ambewela', NULL, 'අඹේවෙල', '', NULL, NULL, NULL, '22216', 6.89993500, 80.78360300, NULL, NULL),
(1494, 20, 'Bogawantalawa', NULL, 'බොගවන්තලාව', '', NULL, NULL, NULL, '22060', 6.80000000, 80.68330000, NULL, NULL),
(1495, 20, 'Bopattalawa', NULL, 'බෝපත්තලාව', '', NULL, NULL, NULL, '22095', 6.90110000, 80.66940000, NULL, NULL),
(1496, 20, 'Dagampitiya', NULL, 'දාගම්පිටිය', '', NULL, NULL, NULL, '20684', 6.97760400, 80.46614400, NULL, NULL),
(1497, 20, 'Dayagama Bazaar', NULL, 'දයගම බසාර්', '', NULL, NULL, NULL, '22096', 6.90110000, 80.66940000, NULL, NULL),
(1498, 20, 'Dikoya', NULL, 'දික්ඔය', '', NULL, NULL, NULL, '22050', 6.87860000, 80.62720000, NULL, NULL),
(1499, 20, 'Doragala', NULL, 'දොරගල', '', NULL, NULL, NULL, '20567', 7.07310000, 80.58920000, NULL, NULL),
(1500, 20, 'Dunukedeniya', NULL, 'දුනුකෙදෙණිය', '', NULL, NULL, NULL, '22002', 6.98264300, 80.63291100, NULL, NULL),
(1501, 20, 'Egodawela', NULL, 'එගොඩවෙල', '', NULL, NULL, NULL, '90013', 7.02408100, 80.66263600, NULL, NULL),
(1502, 20, 'Ekiriya', NULL, 'ඇකිරිය', '', NULL, NULL, NULL, '20732', 7.14883400, 80.75716700, NULL, NULL),
(1503, 20, 'Elamulla', NULL, 'ඇලමුල්ල', '', NULL, NULL, NULL, '20742', 7.08330000, 80.80000000, NULL, NULL),
(1504, 20, 'Ginigathena', NULL, 'ගිනිගතැන', '', NULL, NULL, NULL, '20680', 6.98640000, 80.48940000, NULL, NULL),
(1505, 20, 'Gonakele', NULL, 'ගොනාකැලේ', '', NULL, NULL, NULL, '22226', 6.99170000, 80.81940000, NULL, NULL),
(1506, 20, 'Haggala', NULL, 'හග්ගල', '', NULL, NULL, NULL, '22208', 6.96970000, 80.77000000, NULL, NULL),
(1507, 20, 'Halgranoya', NULL, 'හාල්ගරනඔය', '', NULL, NULL, NULL, '22240', 7.04170000, 80.89170000, NULL, NULL),
(1508, 20, 'Hangarapitiya', NULL, '', '', NULL, NULL, NULL, '22044', 6.93263700, 80.46495900, NULL, NULL),
(1509, 20, 'Hapugastalawa', NULL, '', '', NULL, NULL, NULL, '20668', 7.06670000, 80.56670000, NULL, NULL),
(1510, 20, 'Harasbedda', NULL, '', '', NULL, NULL, NULL, '22262', 7.04738000, 80.87647700, NULL, NULL),
(1511, 20, 'Hatton', NULL, '', '', NULL, NULL, NULL, '22000', 6.89935600, 80.59985500, NULL, NULL),
(1512, 20, 'Hewaheta', NULL, '', '', NULL, NULL, NULL, '20440', 7.11080000, 80.75470000, NULL, NULL),
(1513, 20, 'Hitigegama', NULL, '', '', NULL, NULL, NULL, '22046', 6.94752100, 80.45715400, NULL, NULL),
(1514, 20, 'Jangulla', NULL, '', '', NULL, NULL, NULL, '90063', 7.03330000, 80.89170000, NULL, NULL),
(1515, 20, 'Kalaganwatta', NULL, '', '', NULL, NULL, NULL, '22282', 7.10423200, 80.90271500, NULL, NULL),
(1516, 20, 'Kandapola', NULL, '', '', NULL, NULL, NULL, '22220', 6.98149500, 80.80279800, NULL, NULL),
(1517, 20, 'Karandagolla', NULL, '', '', NULL, NULL, NULL, '20738', 7.05702400, 80.89984400, NULL, NULL),
(1518, 20, 'Keerthi Bandarapura', NULL, '', '', NULL, NULL, NULL, '22274', 7.11080000, 80.85810000, NULL, NULL),
(1519, 20, 'Kiribathkumbura', NULL, '', '', NULL, NULL, NULL, '20442', 7.11080000, 80.75470000, NULL, NULL),
(1520, 20, 'Kotiyagala', NULL, '', '', NULL, NULL, NULL, '91024', 6.78417100, 80.68557000, NULL, NULL),
(1521, 20, 'Kotmale', NULL, '', '', NULL, NULL, NULL, '20560', 7.02140000, 80.59420000, NULL, NULL),
(1522, 20, 'Kottellena', NULL, '', '', NULL, NULL, NULL, '22040', 6.89328700, 80.50215000, NULL, NULL),
(1523, 20, 'Kumbalgamuwa', NULL, '', '', NULL, NULL, NULL, '22272', 7.10988300, 80.85385200, NULL, NULL),
(1524, 20, 'Kumbukwela', NULL, '', '', NULL, NULL, NULL, '22246', 7.05572900, 80.88747900, NULL, NULL),
(1525, 20, 'Kurupanawela', NULL, '', '', NULL, NULL, NULL, '22252', 7.01894000, 80.92098100, NULL, NULL),
(1526, 20, 'Labukele', NULL, '', '', NULL, NULL, NULL, '20592', 7.04420000, 80.69190000, NULL, NULL),
(1527, 20, 'Laxapana', NULL, '', '', NULL, NULL, NULL, '22034', 6.89520000, 80.50880000, NULL, NULL),
(1528, 20, 'Lindula', NULL, '', '', NULL, NULL, NULL, '22090', 6.92032600, 80.68412900, NULL, NULL),
(1529, 20, 'Madulla', NULL, '', '', NULL, NULL, NULL, '22256', 7.04766700, 80.91820400, NULL, NULL),
(1530, 20, 'Mandaram Nuwara', NULL, '', '', NULL, NULL, NULL, '20744', 7.08330000, 80.80000000, NULL, NULL),
(1531, 20, 'Maskeliya', NULL, '', '', NULL, NULL, NULL, '22070', 6.83137900, 80.56858500, NULL, NULL),
(1532, 20, 'Maswela', NULL, '', '', NULL, NULL, NULL, '20566', 7.07250300, 80.64390000, NULL, NULL),
(1533, 20, 'Maturata', NULL, '', '', NULL, NULL, NULL, '20748', 7.08330000, 80.80000000, NULL, NULL),
(1534, 20, 'Mipanawa', NULL, '', '', NULL, NULL, NULL, '22254', 7.03330000, 80.91670000, NULL, NULL),
(1535, 20, 'Mipilimana', NULL, '', '', NULL, NULL, NULL, '22214', 6.86670000, 80.81670000, NULL, NULL),
(1536, 20, 'Morahenagama', NULL, '', '', NULL, NULL, NULL, '22036', 6.94262500, 80.47848200, NULL, NULL),
(1537, 20, 'Munwatta', NULL, '', '', NULL, NULL, NULL, '20752', 7.11534000, 80.80940300, NULL, NULL),
(1538, 20, 'Nayapana Janapadaya', NULL, '', '', NULL, NULL, NULL, '20568', 7.07310000, 80.58920000, NULL, NULL),
(1539, 20, 'Nildandahinna', NULL, '', '', NULL, NULL, NULL, '22280', 7.08330000, 80.88330000, NULL, NULL),
(1540, 20, 'Nissanka Uyana', NULL, '', '', NULL, NULL, NULL, '22075', 6.83580000, 80.57030000, NULL, NULL),
(1541, 20, 'Norwood', NULL, '', '', NULL, NULL, NULL, '22058', 6.83573600, 80.60218100, NULL, NULL),
(1542, 20, 'Nuwara Eliya', NULL, '', '', NULL, NULL, NULL, '22200', 6.96970000, 80.77000000, NULL, NULL),
(1543, 20, 'Padiyapelella', NULL, '', '', NULL, NULL, NULL, '20750', 7.09250600, 80.79854400, NULL, NULL),
(1544, 20, 'Pallebowala', NULL, '', '', NULL, NULL, NULL, '20734', 7.11510000, 80.81080000, NULL, NULL),
(1545, 20, 'Panvila', NULL, '', '', NULL, NULL, NULL, '20830', 7.06670000, 80.68330000, NULL, NULL);
INSERT INTO `cities` (`id`, `district_id`, `name_en`, `url`, `name_si`, `name_ta`, `sub_name_en`, `sub_name_si`, `sub_name_ta`, `postcode`, `latitude`, `longitude`, `created_at`, `updated_at`) VALUES
(1546, 20, 'Pitawala', NULL, '', '', NULL, NULL, NULL, '20682', 6.99860800, 80.45225700, NULL, NULL),
(1547, 20, 'Pundaluoya', NULL, '', '', NULL, NULL, NULL, '22120', 7.01825500, 80.67608100, NULL, NULL),
(1548, 20, 'Ramboda', NULL, '', '', NULL, NULL, NULL, '20590', 7.06042700, 80.69534000, NULL, NULL),
(1549, 20, 'Rikillagaskada', NULL, '', '', NULL, NULL, NULL, '20730', 7.14584900, 80.78095000, NULL, NULL),
(1550, 20, 'Rozella', NULL, '', '', NULL, NULL, NULL, '22008', 6.93060000, 80.55310000, NULL, NULL),
(1551, 20, 'Rupaha', NULL, '', '', NULL, NULL, NULL, '22245', 7.03330000, 80.90000000, NULL, NULL),
(1552, 20, 'Ruwaneliya', NULL, '', '', NULL, NULL, NULL, '22212', 6.93721000, 80.77225800, NULL, NULL),
(1553, 20, 'Santhipura', NULL, '', '', NULL, NULL, NULL, '22202', 6.96970000, 80.77000000, NULL, NULL),
(1554, 20, 'Talawakele', NULL, '', '', NULL, NULL, NULL, '22100', 6.93670000, 80.66110000, NULL, NULL),
(1555, 20, 'Tawalantenna', NULL, '', '', NULL, NULL, NULL, '20838', 7.06670000, 80.68330000, NULL, NULL),
(1556, 20, 'Teripeha', NULL, '', '', NULL, NULL, NULL, '22287', 7.11890000, 80.92440000, NULL, NULL),
(1557, 20, 'Udamadura', NULL, '', '', NULL, NULL, NULL, '22285', 7.09410600, 80.91481700, NULL, NULL),
(1558, 20, 'Udapussallawa', NULL, '', '', NULL, NULL, NULL, '22250', 7.03330000, 80.91110000, NULL, NULL),
(1559, 20, 'Uva Deegalla', NULL, '', '', NULL, NULL, NULL, '90062', 7.03330000, 80.89170000, NULL, NULL),
(1560, 20, 'Uva Uduwara', NULL, '', '', NULL, NULL, NULL, '90061', 7.03330000, 80.89170000, NULL, NULL),
(1561, 20, 'Uvaparanagama', NULL, '', '', NULL, NULL, NULL, '90230', 6.88320000, 80.79120000, NULL, NULL),
(1562, 20, 'Walapane', NULL, '', '', NULL, NULL, NULL, '22270', 7.09192400, 80.86052200, NULL, NULL),
(1563, 20, 'Watawala', NULL, '', '', NULL, NULL, NULL, '22010', 6.95133900, 80.53319900, NULL, NULL),
(1564, 20, 'Widulipura', NULL, '', '', NULL, NULL, NULL, '22032', 6.89520000, 80.50880000, NULL, NULL),
(1565, 20, 'Wijebahukanda', NULL, '', '', NULL, NULL, NULL, '22018', 7.01670000, 80.61670000, NULL, NULL),
(1566, 21, 'Attanakadawala', NULL, 'අත්තනගඩවල', '', NULL, NULL, NULL, '51235', 7.90373400, 80.82810400, NULL, NULL),
(1567, 21, 'Bakamuna', NULL, 'බකමූණ', '', NULL, NULL, NULL, '51250', 7.78330000, 80.81670000, NULL, NULL),
(1568, 21, 'Diyabeduma', NULL, 'දියබෙදුම', '', NULL, NULL, NULL, '51225', 7.89851000, 80.89833200, NULL, NULL),
(1569, 21, 'Elahera', NULL, 'ඇලහැර', '', NULL, NULL, NULL, '51258', 7.72440000, 80.78830000, NULL, NULL),
(1570, 21, 'Giritale', NULL, 'ගිරිතලේ', '', NULL, NULL, NULL, '51026', 7.98330000, 80.93330000, NULL, NULL),
(1571, 21, 'Hingurakdamana', NULL, '', '', NULL, NULL, NULL, '51408', 8.05589600, 81.01187500, NULL, NULL),
(1572, 21, 'Hingurakgoda', NULL, '', '', NULL, NULL, NULL, '51400', 8.03650500, 80.94868600, NULL, NULL),
(1573, 21, 'Jayanthipura', NULL, '', '', NULL, NULL, NULL, '51024', 8.00000000, 81.00000000, NULL, NULL),
(1574, 21, 'Kalingaela', NULL, '', '', NULL, NULL, NULL, '51002', 7.95830000, 81.04170000, NULL, NULL),
(1575, 21, 'Lakshauyana', NULL, '', '', NULL, NULL, NULL, '51006', 7.95830000, 81.04170000, NULL, NULL),
(1576, 21, 'Mankemi', NULL, '', '', NULL, NULL, NULL, '30442', 7.98330000, 81.25000000, NULL, NULL),
(1577, 21, 'Minneriya', NULL, '', '', NULL, NULL, NULL, '51410', 8.03634300, 80.90321500, NULL, NULL),
(1578, 21, 'Onegama', NULL, '', '', NULL, NULL, NULL, '51004', 7.99220300, 81.09075800, NULL, NULL),
(1579, 21, 'Orubendi Siyambalawa', NULL, '', '', NULL, NULL, NULL, '51256', 7.75197200, 80.81209300, NULL, NULL),
(1580, 21, 'Palugasdamana', NULL, '', '', NULL, NULL, NULL, '51046', 8.01670000, 81.08330000, NULL, NULL),
(1581, 21, 'Panichankemi', NULL, '', '', NULL, NULL, NULL, '30444', 7.98330000, 81.25000000, NULL, NULL),
(1582, 21, 'Polonnaruwa', NULL, '', '', NULL, NULL, NULL, '51000', 7.94029500, 81.00713800, NULL, NULL),
(1583, 21, 'Talpotha', NULL, '', '', NULL, NULL, NULL, '51044', 8.01670000, 81.08330000, NULL, NULL),
(1584, 21, 'Tambala', NULL, '', '', NULL, NULL, NULL, '51049', 8.01670000, 81.08330000, NULL, NULL),
(1585, 21, 'Unagalavehera', NULL, '', '', NULL, NULL, NULL, '51008', 8.00100600, 80.99554900, NULL, NULL),
(1586, 21, 'Wijayabapura', NULL, '', '', NULL, NULL, NULL, '51042', 8.01670000, 81.08330000, NULL, NULL),
(1587, 22, 'Adippala', NULL, '', '', NULL, NULL, NULL, '61012', 7.58330000, 79.84170000, NULL, NULL),
(1588, 22, 'Alutgama', NULL, 'අළුත්ගම', '', NULL, NULL, NULL, '12080', 7.76670000, 79.93330000, NULL, NULL),
(1589, 22, 'Alutwewa', NULL, 'අළුත්වැව', '', NULL, NULL, NULL, '51014', 7.86670000, 79.95000000, NULL, NULL),
(1590, 22, 'Ambakandawila', NULL, 'අඹකඳවිල', '', NULL, NULL, NULL, '61024', 7.53330000, 79.80000000, NULL, NULL),
(1591, 22, 'Anamaduwa', NULL, 'ආනමඩුව', '', NULL, NULL, NULL, '61500', 7.88162500, 80.00353000, NULL, NULL),
(1592, 22, 'Andigama', NULL, 'අඬිගම', '', NULL, NULL, NULL, '61508', 7.77750000, 79.95280000, NULL, NULL),
(1593, 22, 'Angunawila', NULL, 'අඟුණවිල', '', NULL, NULL, NULL, '61264', 7.76670000, 79.85000000, NULL, NULL),
(1594, 22, 'Attawilluwa', NULL, 'අත්තවිල්ලුව', '', NULL, NULL, NULL, '61328', 7.41670000, 79.88330000, NULL, NULL),
(1595, 22, 'Bangadeniya', NULL, 'බංගදෙණිය', '', NULL, NULL, NULL, '61238', 7.61947100, 79.80905500, NULL, NULL),
(1596, 22, 'Baranankattuwa', NULL, 'බරණන්කට්ටුව', '', NULL, NULL, NULL, '61262', 7.80325300, 79.87262400, NULL, NULL),
(1597, 22, 'Battuluoya', NULL, 'බත්තුලුඔය', '', NULL, NULL, NULL, '61246', 7.73465500, 79.81745500, NULL, NULL),
(1598, 22, 'Bujjampola', NULL, 'බුජ්ජම්පොල', '', NULL, NULL, NULL, '61136', 7.33330000, 79.90000000, NULL, NULL),
(1599, 22, 'Chilaw', NULL, 'හලාවත', '', NULL, NULL, NULL, '61000', 7.57580000, 79.79530000, NULL, NULL),
(1600, 22, 'Dalukana', NULL, 'දලුකන', '', NULL, NULL, NULL, '51092', 7.31670000, 79.85000000, NULL, NULL),
(1601, 22, 'Dankotuwa', NULL, 'දංකොටුව', '', NULL, NULL, NULL, '61130', 7.30044300, 79.88505000, NULL, NULL),
(1602, 22, 'Dewagala', NULL, 'දේවගල', '', NULL, NULL, NULL, '51094', 7.31670000, 79.85000000, NULL, NULL),
(1603, 22, 'Dummalasuriya', NULL, 'දුම්මලසූරිය', '', NULL, NULL, NULL, '60260', 7.48330000, 79.90000000, NULL, NULL),
(1604, 22, 'Dunkannawa', NULL, 'දුන්කන්නාව', '', NULL, NULL, NULL, '61192', 7.41670000, 79.90000000, NULL, NULL),
(1605, 22, 'Eluwankulama', NULL, 'එළුවන්කුලම', '', NULL, NULL, NULL, '61308', 8.33283200, 79.85992800, NULL, NULL),
(1606, 22, 'Ettale', NULL, 'ඇත්තලේ', '', NULL, NULL, NULL, '61343', 8.09741600, 79.71730600, NULL, NULL),
(1607, 22, 'Galamuna', NULL, 'ගලමුන', '', NULL, NULL, NULL, '51416', 7.46466100, 79.87237100, NULL, NULL),
(1608, 22, 'Galmuruwa', NULL, 'ගල්මුරුව', '', NULL, NULL, NULL, '61233', 7.50171800, 79.89577400, NULL, NULL),
(1609, 22, 'Hansayapalama', NULL, '', '', NULL, NULL, NULL, '51098', 7.31670000, 79.85000000, NULL, NULL),
(1610, 22, 'Ihala Kottaramulla', NULL, '', '', NULL, NULL, NULL, '61154', 7.38306900, 79.87175500, NULL, NULL),
(1611, 22, 'Ilippadeniya', NULL, '', '', NULL, NULL, NULL, '61018', 7.56703600, 79.82623300, NULL, NULL),
(1612, 22, 'Inginimitiya', NULL, '', '', NULL, NULL, NULL, '61514', 7.96409900, 80.11205500, NULL, NULL),
(1613, 22, 'Ismailpuram', NULL, '', '', NULL, NULL, NULL, '61302', 8.03330000, 79.81670000, NULL, NULL),
(1614, 22, 'Jayasiripura', NULL, '', '', NULL, NULL, NULL, '51246', 7.63330000, 79.81670000, NULL, NULL),
(1615, 22, 'Kakkapalliya', NULL, '', '', NULL, NULL, NULL, '61236', 7.53330000, 79.82670000, NULL, NULL),
(1616, 22, 'Kalkudah', NULL, '', '', NULL, NULL, NULL, '30410', 8.11670000, 79.71670000, NULL, NULL),
(1617, 22, 'Kalladiya', NULL, '', '', NULL, NULL, NULL, '61534', 7.95000000, 79.93330000, NULL, NULL),
(1618, 22, 'Kandakuliya', NULL, '', '', NULL, NULL, NULL, '61358', 7.98000000, 79.95690000, NULL, NULL),
(1619, 22, 'Karathivu', NULL, '', '', NULL, NULL, NULL, '61307', 8.19251100, 79.83266200, NULL, NULL),
(1620, 22, 'Karawitagara', NULL, '', '', NULL, NULL, NULL, '61022', 7.57241700, 79.86173000, NULL, NULL),
(1621, 22, 'Karuwalagaswewa', NULL, '', '', NULL, NULL, NULL, '61314', 8.03762500, 79.94267000, NULL, NULL),
(1622, 22, 'Katuneriya', NULL, '', '', NULL, NULL, NULL, '61180', 7.36670000, 79.83330000, NULL, NULL),
(1623, 22, 'Koswatta', NULL, '', '', NULL, NULL, NULL, '61158', 7.36670000, 79.90000000, NULL, NULL),
(1624, 22, 'Kottantivu', NULL, '', '', NULL, NULL, NULL, '61252', 7.85000000, 79.78330000, NULL, NULL),
(1625, 22, 'Kottapitiya', NULL, '', '', NULL, NULL, NULL, '51244', 7.63568000, 79.81539400, NULL, NULL),
(1626, 22, 'Kottukachchiya', NULL, '', '', NULL, NULL, NULL, '61532', 7.93861700, 79.95457700, NULL, NULL),
(1627, 22, 'Kumarakattuwa', NULL, '', '', NULL, NULL, NULL, '61032', 7.66196400, 79.88687300, NULL, NULL),
(1628, 22, 'Kurinjanpitiya', NULL, '', '', NULL, NULL, NULL, '61356', 7.98000000, 79.95690000, NULL, NULL),
(1629, 22, 'Kuruketiyawa', NULL, '', '', NULL, NULL, NULL, '61516', 8.01670000, 80.05000000, NULL, NULL),
(1630, 22, 'Lunuwila', NULL, '', '', NULL, NULL, NULL, '61150', 7.35081900, 79.85725000, NULL, NULL),
(1631, 22, 'Madampe', NULL, '', '', NULL, NULL, NULL, '61230', 7.50000000, 79.83330000, NULL, NULL),
(1632, 22, 'Madurankuliya', NULL, '', '', NULL, NULL, NULL, '61270', 7.89639100, 79.83644900, NULL, NULL),
(1633, 22, 'Mahakumbukkadawala', NULL, '', '', NULL, NULL, NULL, '61272', 7.85000000, 79.90000000, NULL, NULL),
(1634, 22, 'Mahauswewa', NULL, '', '', NULL, NULL, NULL, '61512', 7.95750000, 80.06830000, NULL, NULL),
(1635, 22, 'Mampitiya', NULL, '', '', NULL, NULL, NULL, '51090', 7.31670000, 79.85000000, NULL, NULL),
(1636, 22, 'Mampuri', NULL, '', '', NULL, NULL, NULL, '61341', 7.99640000, 79.74110000, NULL, NULL),
(1637, 22, 'Mangalaeliya', NULL, '', '', NULL, NULL, NULL, '61266', 7.77500000, 79.85000000, NULL, NULL),
(1638, 22, 'Marawila', NULL, '', '', NULL, NULL, NULL, '61210', 7.40940000, 79.83220000, NULL, NULL),
(1639, 22, 'Mudalakkuliya', NULL, '', '', NULL, NULL, NULL, '61506', 7.79953300, 79.97742800, NULL, NULL),
(1640, 22, 'Mugunuwatawana', NULL, '', '', NULL, NULL, NULL, '61014', 7.58487000, 79.85468400, NULL, NULL),
(1641, 22, 'Mukkutoduwawa', NULL, '', '', NULL, NULL, NULL, '61274', 7.92823600, 79.75648000, NULL, NULL),
(1642, 22, 'Mundel', NULL, '', '', NULL, NULL, NULL, '61250', 7.79580000, 79.82830000, NULL, NULL),
(1643, 22, 'Muttibendiwila', NULL, '', '', NULL, NULL, NULL, '61195', 7.45000000, 79.88330000, NULL, NULL),
(1644, 22, 'Nainamadama', NULL, '', '', NULL, NULL, NULL, '61120', 7.37140000, 79.88370000, NULL, NULL),
(1645, 22, 'Nalladarankattuwa', NULL, '', '', NULL, NULL, NULL, '61244', 7.68915200, 79.84424300, NULL, NULL),
(1646, 22, 'Nattandiya', NULL, '', '', NULL, NULL, NULL, '61190', 7.40860000, 79.86830000, NULL, NULL),
(1647, 22, 'Nawagattegama', NULL, '', '', NULL, NULL, NULL, '61520', 8.00000000, 80.11670000, NULL, NULL),
(1648, 22, 'Nelumwewa', NULL, '', '', NULL, NULL, NULL, '51096', 7.31670000, 79.85000000, NULL, NULL),
(1649, 22, 'Norachcholai', NULL, '', '', NULL, NULL, NULL, '61342', 7.99640000, 79.74110000, NULL, NULL),
(1650, 22, 'Pallama', NULL, '', '', NULL, NULL, NULL, '61040', 7.68122500, 79.91823900, NULL, NULL),
(1651, 22, 'Palliwasalturai', NULL, '', '', NULL, NULL, NULL, '61354', 7.98000000, 79.95690000, NULL, NULL),
(1652, 22, 'Panirendawa', NULL, '', '', NULL, NULL, NULL, '61234', 7.54242600, 79.88637700, NULL, NULL),
(1653, 22, 'Parakramasamudraya', NULL, '', '', NULL, NULL, NULL, '51016', 7.86670000, 79.95000000, NULL, NULL),
(1654, 22, 'Pothuwatawana', NULL, '', '', NULL, NULL, NULL, '61162', 7.48330000, 79.90000000, NULL, NULL),
(1655, 22, 'Puttalam', NULL, '', '', NULL, NULL, NULL, '61300', 8.04361300, 79.84120900, NULL, NULL),
(1656, 22, 'Puttalam Cement Factory', NULL, '', '', NULL, NULL, NULL, '61326', 7.41670000, 79.88330000, NULL, NULL),
(1657, 22, 'Rajakadaluwa', NULL, '', '', NULL, NULL, NULL, '61242', 7.65051500, 79.82828300, NULL, NULL),
(1658, 22, 'Saliyawewa Junction', NULL, '', '', NULL, NULL, NULL, '61324', 7.41670000, 79.88330000, NULL, NULL),
(1659, 22, 'Serukele', NULL, '', '', NULL, NULL, NULL, '61042', 7.73330000, 79.91670000, NULL, NULL),
(1660, 22, 'Siyambalagashene', NULL, '', '', NULL, NULL, NULL, '61504', 7.82390000, 79.97800000, NULL, NULL),
(1661, 22, 'Tabbowa', NULL, '', '', NULL, NULL, NULL, '61322', 7.41670000, 79.88330000, NULL, NULL),
(1662, 22, 'Talawila Church', NULL, '', '', NULL, NULL, NULL, '61344', 7.99640000, 79.74110000, NULL, NULL),
(1663, 22, 'Toduwawa', NULL, '', '', NULL, NULL, NULL, '61224', 7.48610000, 79.80220000, NULL, NULL),
(1664, 22, 'Udappuwa', NULL, '', '', NULL, NULL, NULL, '61004', 7.57580000, 79.79530000, NULL, NULL),
(1665, 22, 'Uridyawa', NULL, '', '', NULL, NULL, NULL, '61502', 7.82390000, 79.97800000, NULL, NULL),
(1666, 22, 'Vanathawilluwa', NULL, '', '', NULL, NULL, NULL, '61306', 8.17001000, 79.84610000, NULL, NULL),
(1667, 22, 'Waikkal', NULL, '', '', NULL, NULL, NULL, '61110', 7.28330000, 79.85000000, NULL, NULL),
(1668, 22, 'Watugahamulla', NULL, '', '', NULL, NULL, NULL, '61198', 7.46670000, 79.90000000, NULL, NULL),
(1669, 22, 'Wennappuwa', NULL, '', '', NULL, NULL, NULL, '61170', 7.35048000, 79.85011200, NULL, NULL),
(1670, 22, 'Wijeyakatupotha', NULL, '', '', NULL, NULL, NULL, '61006', 7.57580000, 79.79530000, NULL, NULL),
(1671, 22, 'Wilpotha', NULL, '', '', NULL, NULL, NULL, '61008', 7.57580000, 79.79530000, NULL, NULL),
(1672, 22, 'Yodaela', NULL, '', '', NULL, NULL, NULL, '51422', 7.58330000, 79.86670000, NULL, NULL),
(1673, 22, 'Yogiyana', NULL, '', '', NULL, NULL, NULL, '61144', 7.28603500, 79.92421300, NULL, NULL),
(1674, 23, 'Akarella', NULL, 'අකරැල්ල', '', NULL, NULL, NULL, '70082', 6.59053000, 80.64419700, NULL, NULL),
(1675, 23, 'Amunumulla', NULL, 'අමුනුමුල්ල', '', NULL, NULL, NULL, '90204', 6.73330000, 80.75000000, NULL, NULL),
(1676, 23, 'Atakalanpanna', NULL, 'අටකලන්පන්න', '', NULL, NULL, NULL, '70294', 6.53330000, 80.60000000, NULL, NULL),
(1677, 23, 'Ayagama', NULL, 'අයගම', '', NULL, NULL, NULL, '70024', 6.63662000, 80.31732900, NULL, NULL),
(1678, 23, 'Balangoda', NULL, 'බලන්ගොඩ', '', NULL, NULL, NULL, '70100', 6.66174300, 80.69371000, NULL, NULL),
(1679, 23, 'Batatota', NULL, 'බටතොට', '', NULL, NULL, NULL, '70504', 6.83330000, 80.36670000, NULL, NULL),
(1680, 23, 'Beralapanathara', NULL, 'බෙරලපනතර', '', NULL, NULL, NULL, '81541', 6.45210000, 80.48940000, NULL, NULL),
(1681, 23, 'Bogahakumbura', NULL, 'බෝගහකුඹුර', '', NULL, NULL, NULL, '90354', 6.68330000, 80.76670000, NULL, NULL),
(1682, 23, 'Bolthumbe', NULL, 'බොල්තුඹෙ', '', NULL, NULL, NULL, '70131', 6.73911400, 80.66495600, NULL, NULL),
(1683, 23, 'Bomluwageaina', NULL, '', '', NULL, NULL, NULL, '70344', 6.40000000, 80.63330000, NULL, NULL),
(1684, 23, 'Bowalagama', NULL, 'බෝවලගම', '', NULL, NULL, NULL, '82458', 6.39170000, 80.68330000, NULL, NULL),
(1685, 23, 'Bulutota', NULL, 'බුලුතොට', '', NULL, NULL, NULL, '70346', 6.43330000, 80.65000000, NULL, NULL),
(1686, 23, 'Dambuluwana', NULL, 'දඹුලුවාන', '', NULL, NULL, NULL, '70019', 6.71670000, 80.33330000, NULL, NULL),
(1687, 23, 'Daugala', NULL, 'දවුගල', '', NULL, NULL, NULL, '70455', 6.49010000, 80.42480000, NULL, NULL),
(1688, 23, 'Dela', NULL, 'දෙල', '', NULL, NULL, NULL, '70042', 6.62580000, 80.44860000, NULL, NULL),
(1689, 23, 'Delwala', NULL, 'දෙල්වල', '', NULL, NULL, NULL, '70046', 6.51305500, 80.47399300, NULL, NULL),
(1690, 23, 'Dodampe', NULL, 'දොඩම්පෙ', '', NULL, NULL, NULL, '70017', 6.73603000, 80.30110500, NULL, NULL),
(1691, 23, 'Doloswalakanda', NULL, 'දොලොස්වලකන්ද', '', NULL, NULL, NULL, '70404', 6.55133000, 80.47025800, NULL, NULL),
(1692, 23, 'Dumbara Manana', NULL, 'දුම්බර මනන', '', NULL, NULL, NULL, '70495', 6.68032200, 80.24748500, NULL, NULL),
(1693, 23, 'Eheliyagoda', NULL, 'ඇහැළියගොඩ', '', NULL, NULL, NULL, '70600', 6.85000000, 80.26670000, NULL, NULL),
(1694, 23, 'Ekamutugama', NULL, 'එකමුතුගම', '', NULL, NULL, NULL, '70254', 6.34060000, 80.78040000, NULL, NULL),
(1695, 23, 'Elapatha', NULL, 'ඇලපාත', '', NULL, NULL, NULL, '70032', 6.66081000, 80.36682800, NULL, NULL),
(1696, 23, 'Ellagawa', NULL, 'ඇල්ලගාව', '', NULL, NULL, NULL, '70492', 6.56870000, 80.36300000, NULL, NULL),
(1697, 23, 'Ellaulla', NULL, '', '', NULL, NULL, NULL, '70552', 6.85830000, 80.30830000, NULL, NULL),
(1698, 23, 'Ellawala', NULL, 'ඇල්ලවල', '', NULL, NULL, NULL, '70606', 6.80994500, 80.25954700, NULL, NULL),
(1699, 23, 'Embilipitiya', NULL, 'ඇඹිලිපිටිය', '', NULL, NULL, NULL, '70200', 6.34390000, 80.84890000, NULL, NULL),
(1700, 23, 'Eratna', NULL, 'එරත්න', '', NULL, NULL, NULL, '70506', 6.79860000, 80.37840000, NULL, NULL),
(1701, 23, 'Erepola', NULL, 'එරෙපොල', '', NULL, NULL, NULL, '70602', 6.80427700, 80.24277300, NULL, NULL),
(1702, 23, 'Gabbela', NULL, 'ගබ්බෙල', '', NULL, NULL, NULL, '70156', 6.71670000, 80.35000000, NULL, NULL),
(1703, 23, 'Gangeyaya', NULL, 'ගන්ගෙයාය', '', NULL, NULL, NULL, '70195', 6.75160000, 80.59270000, NULL, NULL),
(1704, 23, 'Gawaragiriya', NULL, 'ගවරගිරිය', '', NULL, NULL, NULL, '70026', 6.64220000, 80.26670000, NULL, NULL),
(1705, 23, 'Gillimale', NULL, 'ගිලීමලේ', '', NULL, NULL, NULL, '70002', 6.72900000, 80.44150000, NULL, NULL),
(1706, 23, 'Godakawela', NULL, 'ගොඩකවැල', '', NULL, NULL, NULL, '70160', 6.50559900, 80.64726800, NULL, NULL),
(1707, 23, 'Gurubewilagama', NULL, 'ගුරුබෙවිලගම', '', NULL, NULL, NULL, '70136', 6.70000000, 80.56670000, NULL, NULL),
(1708, 23, 'Halwinna', NULL, 'හල්වින්න', '', NULL, NULL, NULL, '70171', 6.68330000, 80.71670000, NULL, NULL),
(1709, 23, 'Handagiriya', NULL, 'හඳගිරිය', '', NULL, NULL, NULL, '70106', 6.56283900, 80.78034700, NULL, NULL),
(1710, 23, 'Hatangala', NULL, '', '', NULL, NULL, NULL, '70105', 6.53252700, 80.73940700, NULL, NULL),
(1711, 23, 'Hatarabage', NULL, '', '', NULL, NULL, NULL, '70108', 6.65000000, 80.75000000, NULL, NULL),
(1712, 23, 'Hewanakumbura', NULL, '', '', NULL, NULL, NULL, '90358', 6.68330000, 80.76670000, NULL, NULL),
(1713, 23, 'Hidellana', NULL, '', '', NULL, NULL, NULL, '70012', 6.71920000, 80.38420000, NULL, NULL),
(1714, 23, 'Hiramadagama', NULL, '', '', NULL, NULL, NULL, '70296', 6.53354400, 80.60045000, NULL, NULL),
(1715, 23, 'Horewelagoda', NULL, '', '', NULL, NULL, NULL, '82456', 6.39170000, 80.68330000, NULL, NULL),
(1716, 23, 'Ittakanda', NULL, '', '', NULL, NULL, NULL, '70342', 6.40353200, 80.63645800, NULL, NULL),
(1717, 23, 'Kahangama', NULL, '', '', NULL, NULL, NULL, '70016', 6.70421700, 80.36292700, NULL, NULL),
(1718, 23, 'Kahawatta', NULL, '', '', NULL, NULL, NULL, '70150', 6.70814500, 80.30380500, NULL, NULL),
(1719, 23, 'Kalawana', NULL, '', '', NULL, NULL, NULL, '70450', 6.53159500, 80.40728500, NULL, NULL),
(1720, 23, 'Kaltota', NULL, '', '', NULL, NULL, NULL, '70122', 6.68330000, 80.68330000, NULL, NULL),
(1721, 23, 'Kalubululanda', NULL, '', '', NULL, NULL, NULL, '90352', 6.68330000, 80.76670000, NULL, NULL),
(1722, 23, 'Kananke Bazaar', NULL, '', '', NULL, NULL, NULL, '80136', 6.73610000, 80.43540000, NULL, NULL),
(1723, 23, 'Kandepuhulpola', NULL, '', '', NULL, NULL, NULL, '90356', 6.68330000, 80.76670000, NULL, NULL),
(1724, 23, 'Karandana', NULL, '', '', NULL, NULL, NULL, '70488', 6.77254000, 80.20688300, NULL, NULL),
(1725, 23, 'Karangoda', NULL, '', '', NULL, NULL, NULL, '70018', 6.67722400, 80.36872300, NULL, NULL),
(1726, 23, 'Kella Junction', NULL, '', '', NULL, NULL, NULL, '70352', 6.40000000, 80.68330000, NULL, NULL),
(1727, 23, 'Keppetipola', NULL, '', '', NULL, NULL, NULL, '90350', 6.68330000, 80.76670000, NULL, NULL),
(1728, 23, 'Kiriella', NULL, '', '', NULL, NULL, NULL, '70480', 6.75358300, 80.26583800, NULL, NULL),
(1729, 23, 'Kiriibbanwewa', NULL, '', '', NULL, NULL, NULL, '70252', 6.34060000, 80.78040000, NULL, NULL),
(1730, 23, 'Kolambageara', NULL, '', '', NULL, NULL, NULL, '70180', 6.75160000, 80.59270000, NULL, NULL),
(1731, 23, 'Kolombugama', NULL, '', '', NULL, NULL, NULL, '70403', 6.56670000, 80.48330000, NULL, NULL),
(1732, 23, 'Kolonna', NULL, '', '', NULL, NULL, NULL, '70350', 6.40409500, 80.68155200, NULL, NULL),
(1733, 23, 'Kudawa', NULL, '', '', NULL, NULL, NULL, '70005', 6.75733600, 80.50448500, NULL, NULL),
(1734, 23, 'Kuruwita', NULL, '', '', NULL, NULL, NULL, '70500', 6.77920000, 80.36860000, NULL, NULL),
(1735, 23, 'Lellopitiya', NULL, '', '', NULL, NULL, NULL, '70056', 6.65517200, 80.47134800, NULL, NULL),
(1736, 23, 'lmaduwa', NULL, '', '', NULL, NULL, NULL, '80130', 6.73610000, 80.43540000, NULL, NULL),
(1737, 23, 'lmbulpe', NULL, '', '', NULL, NULL, NULL, '70134', 6.71590000, 80.63750000, NULL, NULL),
(1738, 23, 'Mahagama Colony', NULL, '', '', NULL, NULL, NULL, '70256', 6.34060000, 80.78040000, NULL, NULL),
(1739, 23, 'Mahawalatenna', NULL, '', '', NULL, NULL, NULL, '70112', 6.58330000, 80.75000000, NULL, NULL),
(1740, 23, 'Makandura Sabara', NULL, '', '', NULL, NULL, NULL, '70298', 6.53330000, 80.60000000, NULL, NULL),
(1741, 23, 'Malwala Junction', NULL, '', '', NULL, NULL, NULL, '70001', 6.70000000, 80.43330000, NULL, NULL),
(1742, 23, 'Malwatta', NULL, '', '', NULL, NULL, NULL, '32198', 6.65000000, 80.41670000, NULL, NULL),
(1743, 23, 'Matuwagalagama', NULL, '', '', NULL, NULL, NULL, '70482', 6.76670000, 80.23330000, NULL, NULL),
(1744, 23, 'Medagalatur', NULL, '', '', NULL, NULL, NULL, '70021', 6.64140000, 80.28820000, NULL, NULL),
(1745, 23, 'Meddekanda', NULL, '', '', NULL, NULL, NULL, '70127', 6.68330000, 80.68330000, NULL, NULL),
(1746, 23, 'Minipura Dumbara', NULL, '', '', NULL, NULL, NULL, '70494', 6.56870000, 80.36300000, NULL, NULL),
(1747, 23, 'Mitipola', NULL, '', '', NULL, NULL, NULL, '70604', 6.83692300, 80.22194900, NULL, NULL),
(1748, 23, 'Moragala Kirillapone', NULL, '', '', NULL, NULL, NULL, '81532', 6.83330000, 80.30000000, NULL, NULL),
(1749, 23, 'Morahela', NULL, '', '', NULL, NULL, NULL, '70129', 6.67996700, 80.69153100, NULL, NULL),
(1750, 23, 'Mulendiyawala', NULL, '', '', NULL, NULL, NULL, '70212', 6.29165700, 80.76023900, NULL, NULL),
(1751, 23, 'Mulgama', NULL, '', '', NULL, NULL, NULL, '70117', 6.64594200, 80.81783200, NULL, NULL),
(1752, 23, 'Nawalakanda', NULL, '', '', NULL, NULL, NULL, '70469', 6.51670000, 80.33330000, NULL, NULL),
(1753, 23, 'NawinnaPinnakanda', NULL, '', '', NULL, NULL, NULL, '70165', 6.71680000, 80.49990000, NULL, NULL),
(1754, 23, 'Niralagama', NULL, '', '', NULL, NULL, NULL, '70038', 6.65000000, 80.36670000, NULL, NULL),
(1755, 23, 'Nivitigala', NULL, '', '', NULL, NULL, NULL, '70400', 6.60000000, 80.45530000, NULL, NULL),
(1756, 23, 'Omalpe', NULL, '', '', NULL, NULL, NULL, '70215', 6.32739100, 80.69469100, NULL, NULL),
(1757, 23, 'Opanayaka', NULL, '', '', NULL, NULL, NULL, '70080', 6.60835900, 80.62513400, NULL, NULL),
(1758, 23, 'Padalangala', NULL, '', '', NULL, NULL, NULL, '70230', 6.24496100, 80.91602900, NULL, NULL),
(1759, 23, 'Pallebedda', NULL, '', '', NULL, NULL, NULL, '70170', 6.45000000, 80.73330000, NULL, NULL),
(1760, 23, 'Pallekanda', NULL, '', '', NULL, NULL, NULL, '82454', 6.63330000, 80.66670000, NULL, NULL),
(1761, 23, 'Pambagolla', NULL, '', '', NULL, NULL, NULL, '70133', 6.73330000, 80.68330000, NULL, NULL),
(1762, 23, 'Panamura', NULL, '', '', NULL, NULL, NULL, '70218', 6.35141700, 80.77640400, NULL, NULL),
(1763, 23, 'Panapola', NULL, '', '', NULL, NULL, NULL, '70461', 6.42533700, 80.44542100, NULL, NULL),
(1764, 23, 'Paragala', NULL, '', '', NULL, NULL, NULL, '81474', 6.60131700, 80.34357500, NULL, NULL),
(1765, 23, 'Parakaduwa', NULL, '', '', NULL, NULL, NULL, '70550', 6.82548200, 80.29904900, NULL, NULL),
(1766, 23, 'Pebotuwa', NULL, '', '', NULL, NULL, NULL, '70045', 6.54019200, 80.45219100, NULL, NULL),
(1767, 23, 'Pelmadulla', NULL, '', '', NULL, NULL, NULL, '70070', 6.62007100, 80.54224300, NULL, NULL),
(1768, 23, 'Pinnawala', NULL, '', '', NULL, NULL, NULL, '70130', 6.73125100, 80.67214600, NULL, NULL),
(1769, 23, 'Pothdeniya', NULL, '', '', NULL, NULL, NULL, '81538', 6.83330000, 80.30000000, NULL, NULL),
(1770, 23, 'Rajawaka', NULL, '', '', NULL, NULL, NULL, '70116', 6.60934700, 80.79798700, NULL, NULL),
(1771, 23, 'Ranwala', NULL, '', '', NULL, NULL, NULL, '70162', 6.55312100, 80.66549500, NULL, NULL),
(1772, 23, 'Rassagala', NULL, '', '', NULL, NULL, NULL, '70135', 6.69522700, 80.61730400, NULL, NULL),
(1773, 23, 'Ratgama', NULL, '', '', NULL, NULL, NULL, '80260', 6.73330000, 80.48330000, NULL, NULL),
(1774, 23, 'Ratna Hangamuwa', NULL, '', '', NULL, NULL, NULL, '70036', 6.65000000, 80.36670000, NULL, NULL),
(1775, 23, 'Ratnapura', NULL, '', '', NULL, NULL, NULL, '70000', 6.67760300, 80.40559200, NULL, NULL),
(1776, 23, 'Sewanagala', NULL, '', '', NULL, NULL, NULL, '70250', 6.34060000, 80.78040000, NULL, NULL),
(1777, 23, 'Sri Palabaddala', NULL, '', '', NULL, NULL, NULL, '70004', 6.80019800, 80.47620200, NULL, NULL),
(1778, 23, 'Sudagala', NULL, '', '', NULL, NULL, NULL, '70502', 6.78330000, 80.40000000, NULL, NULL),
(1779, 23, 'Talakolahinna', NULL, '', '', NULL, NULL, NULL, '70101', 6.58440000, 80.73320000, NULL, NULL),
(1780, 23, 'Tanjantenna', NULL, '', '', NULL, NULL, NULL, '70118', 6.63610000, 80.85360000, NULL, NULL),
(1781, 23, 'Teppanawa', NULL, '', '', NULL, NULL, NULL, '70512', 6.75000000, 80.31670000, NULL, NULL),
(1782, 23, 'Tunkama', NULL, '', '', NULL, NULL, NULL, '70205', 6.28330000, 80.88330000, NULL, NULL),
(1783, 23, 'Udakarawita', NULL, '', '', NULL, NULL, NULL, '70044', 6.73170000, 80.42870000, NULL, NULL),
(1784, 23, 'Udaniriella', NULL, '', '', NULL, NULL, NULL, '70034', 6.65000000, 80.36670000, NULL, NULL),
(1785, 23, 'Udawalawe', NULL, '', '', NULL, NULL, NULL, '70190', 6.75160000, 80.59270000, NULL, NULL),
(1786, 23, 'Ullinduwawa', NULL, '', '', NULL, NULL, NULL, '70345', 6.36732200, 80.63119600, NULL, NULL),
(1787, 23, 'Veddagala', NULL, '', '', NULL, NULL, NULL, '70459', 6.45000000, 80.43330000, NULL, NULL),
(1788, 23, 'Vijeriya', NULL, '', '', NULL, NULL, NULL, '70348', 6.40000000, 80.63330000, NULL, NULL),
(1789, 23, 'Waleboda', NULL, '', '', NULL, NULL, NULL, '70138', 6.72636700, 80.64106000, NULL, NULL),
(1790, 23, 'Watapotha', NULL, '', '', NULL, NULL, NULL, '70408', 6.57795800, 80.51070900, NULL, NULL),
(1791, 23, 'Waturawa', NULL, '', '', NULL, NULL, NULL, '70456', 6.48330000, 80.43330000, NULL, NULL),
(1792, 23, 'Weligepola', NULL, '', '', NULL, NULL, NULL, '70104', 6.56721200, 80.70707800, NULL, NULL),
(1793, 23, 'Welipathayaya', NULL, '', '', NULL, NULL, NULL, '70124', 6.68330000, 80.68330000, NULL, NULL),
(1794, 23, 'Wikiliya', NULL, '', '', NULL, NULL, NULL, '70114', 6.62030000, 80.74670000, NULL, NULL),
(1795, 24, 'Agbopura', NULL, 'අග්බෝපුර', '', NULL, NULL, NULL, '31304', 8.33057500, 80.97191000, NULL, NULL),
(1796, 24, 'Buckmigama', NULL, 'බක්මීගම', '', NULL, NULL, NULL, '31028', 8.66670000, 80.95000000, NULL, NULL),
(1797, 24, 'China Bay', NULL, 'චීන වරාය', '', NULL, NULL, NULL, '31050', 8.56166400, 81.18738600, NULL, NULL),
(1798, 24, 'Dehiwatte', NULL, 'දෙහිවත්ත', '', NULL, NULL, NULL, '31226', 8.44580000, 81.28750000, NULL, NULL),
(1799, 24, 'Echchilampattai', NULL, 'එච්චිලම්පට්ටෙයි', '', NULL, NULL, NULL, '31236', 8.44580000, 81.28750000, NULL, NULL),
(1800, 24, 'Galmetiyawa', NULL, 'ගල්මැටියාව', '', NULL, NULL, NULL, '31318', 8.36830000, 81.02810000, NULL, NULL),
(1801, 24, 'Gomarankadawala', NULL, 'ගෝමරන්කඩවල', '', NULL, NULL, NULL, '31026', 8.67773100, 80.96041700, NULL, NULL),
(1802, 24, 'Kaddaiparichchan', NULL, '', '', NULL, NULL, NULL, '31212', 8.45919800, 81.27816400, NULL, NULL),
(1803, 24, 'Kallar', NULL, '', '', NULL, NULL, NULL, '30250', 8.28330000, 81.26670000, NULL, NULL),
(1804, 24, 'Kanniya', NULL, '', '', NULL, NULL, NULL, '31032', 8.63330000, 81.01670000, NULL, NULL),
(1805, 24, 'Kantalai', NULL, '', '', NULL, NULL, NULL, '31300', 8.36548300, 80.96689700, NULL, NULL),
(1806, 24, 'Kantalai Sugar Factory', NULL, '', '', NULL, NULL, NULL, '31306', 8.36830000, 81.02810000, NULL, NULL),
(1807, 24, 'Kiliveddy', NULL, '', '', NULL, NULL, NULL, '31220', 8.35409200, 81.27560500, NULL, NULL);

-- --------------------------------------------------------

--
-- Table structure for table `districts`
--

CREATE TABLE `districts` (
  `id` bigint(20) UNSIGNED NOT NULL,
  `province_id` bigint(20) UNSIGNED NOT NULL,
  `url` varchar(255) NOT NULL,
  `name_en` varchar(255) NOT NULL,
  `name_si` varchar(255) NOT NULL,
  `name_ta` varchar(255) NOT NULL,
  `created_at` timestamp NULL DEFAULT NULL,
  `updated_at` timestamp NULL DEFAULT NULL
) ENGINE=InnoDB DEFAULT CHARSET=utf8mb4 COLLATE=utf8mb4_unicode_ci;

--
-- Dumping data for table `districts`
--

INSERT INTO `districts` (`id`, `province_id`, `url`, `name_en`, `name_si`, `name_ta`, `created_at`, `updated_at`) VALUES
(1, 6, 'ampara', 'Ampara', 'අම්පාර', 'அம்பாறை', NULL, NULL),
(2, 8, 'anuradhapura', 'Anuradhapura', 'අනුරාධපුරය', 'அனுராதபுரம்', NULL, NULL),
(3, 7, 'badulla', 'Badulla', 'බදුල්ල', 'பதுளை', NULL, NULL),
(4, 6, 'batticaloa', 'Batticaloa', 'මඩකලපුව', 'மட்டக்களப்பு', NULL, NULL),
(5, 1, 'colombo', 'Colombo', 'කොළඹ', 'கொழும்பு', NULL, NULL),
(6, 3, 'galle', 'Galle', 'ගාල්ල', 'காலி', NULL, NULL),
(7, 1, 'gampaha', 'Gampaha', 'ගම්පහ', 'கம்பஹா', NULL, NULL),
(8, 3, 'hambantota', 'Hambantota', 'හම්බන්තොට', 'அம்பாந்தோட்டை', NULL, NULL),
(9, 9, 'jaffna', 'Jaffna', 'යාපනය', 'யாழ்ப்பாணம்', NULL, NULL),
(10, 1, 'kalutara', 'Kalutara', 'කළුතර', 'களுத்துறை', NULL, NULL),
(11, 2, 'kandy', 'Kandy', 'මහනුවර', 'கண்டி', NULL, NULL),
(12, 5, 'kegalle', 'Kegalle', 'කෑගල්ල', 'கேகாலை', NULL, NULL),
(13, 9, 'kilinochchi', 'Kilinochchi', 'කිලිනොච්චිය', 'கிளிநொச்சி', NULL, NULL),
(14, 4, 'kurunegala', 'Kurunegala', 'කුරුණෑගල', 'குருணாகல்', NULL, NULL),
(15, 9, 'mannar', 'Mannar', 'මන්නාරම', 'மன்னார்', NULL, NULL),
(16, 2, 'matale', 'Matale', 'මාතලේ', 'மாத்தளை', NULL, NULL),
(17, 3, 'matara', 'Matara', 'මාතර', 'மாத்தறை', NULL, NULL),
(18, 7, 'monaragala', 'Monaragala', 'මොණරාගල', 'மொணராகலை', NULL, NULL),
(19, 9, 'mullaitivu', 'Mullaitivu', 'මුලතිව්', 'முல்லைத்தீவு', NULL, NULL),
(20, 2, 'nuwara-eliya', 'Nuwara Eliya', 'නුවර එළිය', 'நுவரேலியா', NULL, NULL),
(21, 8, 'polonnaruwa', 'Polonnaruwa', 'පොළොන්නරුව', 'பொலன்னறுவை', NULL, NULL),
(22, 4, 'puttalam', 'Puttalam', 'පුත්තලම', 'புத்தளம்', NULL, NULL),
(23, 5, 'ratnapura', 'Ratnapura', 'රත්නපුර', 'இரத்தினபுரி', NULL, NULL),
(24, 6, 'trincomalee', 'Trincomalee', 'ත්‍රිකුණාමලය', 'திருகோணமலை', NULL, NULL),
(25, 9, 'vavuniya', 'Vavuniya', 'වව්නියාව', 'வவுனியா', NULL, NULL);

-- --------------------------------------------------------

--
-- Table structure for table `failed_jobs`
--

CREATE TABLE `failed_jobs` (
  `id` bigint(20) UNSIGNED NOT NULL,
  `uuid` varchar(255) NOT NULL,
  `connection` text NOT NULL,
  `queue` text NOT NULL,
  `payload` longtext NOT NULL,
  `exception` longtext NOT NULL,
  `failed_at` timestamp NOT NULL DEFAULT current_timestamp()
) ENGINE=InnoDB DEFAULT CHARSET=utf8mb4 COLLATE=utf8mb4_unicode_ci;

-- --------------------------------------------------------

--
-- Table structure for table `form_fields`
--

CREATE TABLE `form_fields` (
  `id` bigint(20) UNSIGNED NOT NULL,
  `main_category_id` bigint(20) UNSIGNED NOT NULL,
  `subcategory_id` bigint(20) UNSIGNED NOT NULL,
  `field_name` varchar(255) NOT NULL,
  `field_type` varchar(255) NOT NULL,
  `created_at` timestamp NULL DEFAULT NULL,
  `updated_at` timestamp NULL DEFAULT NULL
) ENGINE=InnoDB DEFAULT CHARSET=utf8mb4 COLLATE=utf8mb4_unicode_ci;

--
-- Dumping data for table `form_fields`
--

INSERT INTO `form_fields` (`id`, `main_category_id`, `subcategory_id`, `field_name`, `field_type`, `created_at`, `updated_at`) VALUES
(1, 1, 27, 'Screen Size', 'text', '2025-02-20 18:38:04', '2025-02-20 18:38:04'),
(2, 1, 27, 'Item type', 'text', '2025-02-20 18:38:04', '2025-02-20 18:38:04'),
(3, 4, 5, 'Year of Manufacture', 'text', '2025-02-20 18:39:03', '2025-02-20 18:39:03'),
(4, 4, 5, 'Mileage (km)', 'text', '2025-02-20 18:39:03', '2025-02-20 18:39:03'),
(5, 4, 5, 'Fuel type', 'text', '2025-02-20 18:39:03', '2025-02-20 18:39:03'),
(6, 4, 5, 'Body type', 'text', '2025-02-20 18:39:03', '2025-02-20 18:39:03'),
(7, 4, 6, 'Bike Type', 'text', '2025-02-20 19:03:38', '2025-02-20 19:03:38'),
(9, 4, 6, 'Year of Manufacture', 'text', '2025-02-20 19:03:38', '2025-02-20 19:03:38'),
(10, 4, 6, 'Engine capacity (cc)', 'text', '2025-02-20 19:06:15', '2025-02-20 19:06:15'),
(11, 4, 7, 'Mileage (km)', 'text', '2025-02-20 19:08:39', '2025-02-20 19:08:39'),
(19, 206, 207, 'testing', 'text', '2025-03-20 10:07:43', '2025-03-20 10:07:43');

-- --------------------------------------------------------

--
-- Table structure for table `jobs`
--

CREATE TABLE `jobs` (
  `id` bigint(20) UNSIGNED NOT NULL,
  `queue` varchar(255) NOT NULL,
  `payload` longtext NOT NULL,
  `attempts` tinyint(3) UNSIGNED NOT NULL,
  `reserved_at` int(10) UNSIGNED DEFAULT NULL,
  `available_at` int(10) UNSIGNED NOT NULL,
  `created_at` int(10) UNSIGNED NOT NULL
) ENGINE=InnoDB DEFAULT CHARSET=utf8mb4 COLLATE=utf8mb4_unicode_ci;

-- --------------------------------------------------------

--
-- Table structure for table `job_batches`
--

CREATE TABLE `job_batches` (
  `id` varchar(255) NOT NULL,
  `name` varchar(255) NOT NULL,
  `total_jobs` int(11) NOT NULL,
  `pending_jobs` int(11) NOT NULL,
  `failed_jobs` int(11) NOT NULL,
  `failed_job_ids` longtext NOT NULL,
  `options` mediumtext DEFAULT NULL,
  `cancelled_at` int(11) DEFAULT NULL,
  `created_at` int(11) NOT NULL,
  `finished_at` int(11) DEFAULT NULL
) ENGINE=InnoDB DEFAULT CHARSET=utf8mb4 COLLATE=utf8mb4_unicode_ci;

-- --------------------------------------------------------

--
-- Table structure for table `migrations`
--

CREATE TABLE `migrations` (
  `id` int(10) UNSIGNED NOT NULL,
  `migration` varchar(255) NOT NULL,
  `batch` int(11) NOT NULL
) ENGINE=InnoDB DEFAULT CHARSET=utf8mb4 COLLATE=utf8mb4_unicode_ci;

--
-- Dumping data for table `migrations`
--

INSERT INTO `migrations` (`id`, `migration`, `batch`) VALUES
(5, '0001_01_01_000001_create_cache_table', 1),
(6, '0001_01_01_000002_create_jobs_table', 1),
(7, '2025_01_15_034501_create_sessions_table', 1),
(8, '2025_01_16_052026_create_ads_table', 1),
(9, '2025_01_16_052026_create_banners_table', 2),
(10, '2025_01_16_052026_create_brands_models_table', 2),
(11, '2025_01_16_052026_create_categories_table', 2),
(12, '2025_01_16_052026_create_cities_table', 2),
(13, '2025_01_16_052026_create_districts_table', 2),
(14, '2025_01_16_052026_create_failed_jobs_table', 3),
(15, '2025_01_16_052026_create_provinces_table', 3),
(16, '2025_01_16_052026_create_table_ad_types_table', 3),
(17, '2025_01_16_052026_create_table_package_table', 3),
(18, '2025_01_16_052026_create_table_package_typess_table', 3),
(19, '2025_01_16_052026_create_users_table', 3),
(20, '2025_01_16_052029_add_foreign_keys_to_table_package_typess_table', 3),
(21, '2025_02_21_042559_create_form_fields_table', 3),
(23, '0001_01_01_000001_create_cache_table', 1),
(24, '0001_01_01_000002_create_jobs_table', 1),
(25, '2025_01_15_034501_create_sessions_table', 1),
(26, '2025_01_16_052026_create_ads_table', 2),
(27, '2025_01_16_052026_create_banners_table', 2),
(28, '2025_01_16_052026_create_brands_models_table', 2),
(29, '2025_01_16_052026_create_categories_table', 2),
(30, '2025_01_16_052026_create_cities_table', 2),
(31, '2025_01_16_052026_create_districts_table', 2),
(32, '2025_01_16_052026_create_failed_jobs_table', 3),
(33, '2025_01_16_052026_create_provinces_table', 3),
(34, '2025_01_16_052026_create_table_ad_types_table', 3),
(35, '2025_01_16_052026_create_table_package_table', 3),
(36, '2025_01_16_052026_create_table_package_typess_table', 3),
(37, '2025_01_16_052026_create_users_table', 3),
(38, '2025_01_16_052029_add_foreign_keys_to_table_package_typess_table', 3),
(39, '2025_02_21_042559_create_form_fields_table', 3),
(40, '2025_02_21_075050_add_condition_ads_table', 3),
(41, '2025_02_21_075616_create_ad_details_table', 4);

-- --------------------------------------------------------

--
-- Table structure for table `provinces`
--

CREATE TABLE `provinces` (
  `id` bigint(20) UNSIGNED NOT NULL,
  `url` varchar(255) DEFAULT NULL,
  `name_en` varchar(255) NOT NULL,
  `name_si` varchar(255) NOT NULL,
  `name_ta` varchar(255) NOT NULL,
  `created_at` timestamp NULL DEFAULT NULL,
  `updated_at` timestamp NULL DEFAULT NULL
) ENGINE=InnoDB DEFAULT CHARSET=utf8mb4 COLLATE=utf8mb4_unicode_ci;

-- --------------------------------------------------------

--
-- Table structure for table `sessions`
--

CREATE TABLE `sessions` (
  `id` varchar(255) NOT NULL,
  `user_id` bigint(20) UNSIGNED DEFAULT NULL,
  `ip_address` varchar(45) DEFAULT NULL,
  `user_agent` text DEFAULT NULL,
  `payload` longtext NOT NULL,
  `last_activity` int(11) NOT NULL
) ENGINE=InnoDB DEFAULT CHARSET=utf8mb4 COLLATE=utf8mb4_unicode_ci;

-- --------------------------------------------------------

--
-- Table structure for table `table_ad_types`
--

CREATE TABLE `table_ad_types` (
  `id` bigint(20) UNSIGNED NOT NULL,
  `name` varchar(255) NOT NULL,
  `url` varchar(255) NOT NULL,
  `status` varchar(255) NOT NULL,
  `created_at` timestamp NULL DEFAULT NULL,
  `updated_at` timestamp NULL DEFAULT NULL,
  `catergoryId` bigint(20) UNSIGNED DEFAULT NULL
) ENGINE=InnoDB DEFAULT CHARSET=utf8mb4 COLLATE=utf8mb4_unicode_ci;

--
-- Dumping data for table `table_ad_types`
--

INSERT INTO `table_ad_types` (`id`, `name`, `url`, `status`, `created_at`, `updated_at`, `catergoryId`) VALUES
(1, 'Cables and Convertors', 'mobile-phone-accessories-cables-and-convertors', '1', '2024-03-11 17:20:43', '2024-03-11 17:20:43', 3),
(2, 'chargers', 'mobile-phone-accessories-chargers', '1', '2024-03-11 17:21:05', '2024-03-11 17:21:05', 3),
(4, 'Earpods', 'mobile-phone-accessories-earpods', '1', '2024-03-11 17:22:00', '2024-03-11 17:22:00', 3),
(5, 'Phone cases', 'mobile-phone-accessories-phone-cases', '1', '2024-03-11 17:23:10', '2024-03-11 17:23:10', 3),
(6, 'Power Banks', 'mobile-phone-accessories-power-banks', '1', '2024-03-11 17:23:28', '2024-03-11 17:23:28', 3),
(7, 'Phone Stands', 'mobile-phone-accessories-phone-stands', '1', '2024-03-11 17:23:55', '2024-03-11 17:23:55', 3),
(8, 'Selfie Stick', 'mobile-phone-accessories-selfie-stick', '1', '2024-03-11 17:24:12', '2024-03-11 17:24:12', 3),
(9, 'Smart Watch', 'mobile-phone-accessories-smart-watch', '1', '2024-03-11 17:24:29', '2024-03-11 17:24:29', 3),
(10, 'Storage', 'mobile-phone-accessories-storage', '1', '2024-03-11 17:24:41', '2024-03-11 17:24:41', 3),
(11, 'Tempered Glass', 'mobile-phone-accessories-tempered-glass', '1', '2024-03-11 17:25:07', '2024-03-11 17:25:07', 3),
(12, 'EBikes', 'motorbikes-ebikes', '1', '2024-03-12 02:13:37', '2024-03-12 02:13:37', 6),
(13, 'Motor Bikes', 'motorbikes-motor-bikes', '1', '2024-03-12 06:02:56', '2024-03-12 06:02:56', 6),
(14, 'Quadric cycles', 'motorbikes-quadric-cycles', '1', '2024-03-12 06:05:58', '2024-03-12 06:05:58', 6),
(15, 'Scooters', 'motorbikes-scooters', '1', '2024-03-12 06:06:13', '2024-03-12 06:06:13', 6),
(16, 'Leasing types', 'auto-services-leasing-types', '1', '2024-03-13 04:38:06', '2024-03-13 04:38:06', 15),
(17, 'Vehicle related imports', 'auto-services-vehicle-related-imports', '1', '2024-03-13 04:38:47', '2024-03-13 04:38:47', 15),
(18, 'Transport service', 'auto-services-transport-service', '1', '2024-03-13 04:39:07', '2024-03-13 04:39:07', 15),
(19, 'Vehicle valuation service', 'auto-services-vehicle-valuation-service', '1', '2024-03-13 04:39:29', '2024-03-13 04:39:29', 15),
(20, 'Rent Bike', 'rentals-rent-bike', '1', '2024-03-13 04:48:11', '2024-03-13 04:48:11', 16),
(21, 'Rent Car', 'rentals-rent-car', '1', '2024-03-13 04:48:21', '2024-03-13 04:48:21', 16),
(22, 'Rent Bicycle', 'rentals-rent-bicycle', '1', '2024-03-13 04:48:56', '2024-03-13 04:48:56', 16),
(23, 'Wedding Hires', 'rentals-wedding-hires', '1', '2024-03-13 04:49:30', '2024-03-13 04:49:30', 16),
(24, 'Accessories', 'auto-parts-accessories-accessories', '1', '2024-03-13 06:42:19', '2024-03-13 06:42:19', 17),
(25, 'Air Conditioning Heating', 'auto-parts-accessories-air-conditioning-heating', '1', '2024-03-13 06:42:47', '2024-03-13 06:42:47', 17),
(26, 'Air Intake and Fuel Delivery', 'auto-parts-accessories-air-intake-and-fuel-delivery', '1', '2024-03-13 06:43:12', '2024-03-13 06:43:12', 17),
(27, 'Alloy Wheels and Rims', 'auto-parts-accessories-alloy-wheels-and-rims', '1', '2024-03-13 06:43:34', '2024-03-13 06:43:34', 17),
(28, 'Automobile Batteries', 'auto-parts-accessories-automobile-batteries', '1', '2024-03-13 06:43:57', '2024-03-13 06:43:57', 17),
(29, 'Bonnet', 'auto-parts-accessories-bonnet', '1', '2024-03-13 06:44:11', '2024-03-13 06:44:11', 17),
(30, 'Bumper', 'auto-parts-accessories-bumper', '1', '2024-03-13 06:44:23', '2024-03-13 06:44:23', 17),
(31, 'Brakes', 'auto-parts-accessories-brakes', '1', '2024-03-13 06:44:35', '2024-03-13 06:44:35', 17),
(32, 'Car Audio Systems', 'auto-parts-accessories-car-audio-systems', '1', '2024-03-13 06:44:51', '2024-03-13 06:44:51', 17),
(33, 'Car Cameras', 'auto-parts-accessories-car-cameras', '1', '2024-03-13 06:45:12', '2024-03-13 06:45:12', 17),
(34, 'Chassis', 'auto-parts-accessories-chassis', '1', '2024-03-13 06:45:25', '2024-03-13 06:45:25', 17),
(35, 'Doors', 'auto-parts-accessories-doors', '1', '2024-03-13 06:45:38', '2024-03-13 06:45:38', 17),
(36, 'Electrical Components', 'auto-parts-accessories-electrical-components', '1', '2024-03-13 06:46:02', '2024-03-13 06:46:02', 17),
(37, 'Engines and Engine Parts', 'auto-parts-accessories-engines-and-engine-parts', '1', '2024-03-13 06:46:25', '2024-03-13 06:46:25', 17),
(38, 'Exhausts and Exhaust Parts', 'auto-parts-accessories-exhausts-and-exhaust-parts', '1', '2024-03-13 06:46:51', '2024-03-13 06:46:51', 17),
(39, 'Fender', 'auto-parts-accessories-fender', '1', '2024-03-13 06:47:12', '2024-03-13 06:47:12', 17),
(40, 'Fillters', 'auto-parts-accessories-fillters', '1', '2024-03-13 06:47:26', '2024-03-13 06:47:26', 17),
(41, 'Fog Light', 'auto-parts-accessories-fog-light', '1', '2024-03-13 06:47:39', '2024-03-13 06:47:39', 17),
(42, 'grdez', 'mobile-phone-accessories-grdez', '1', '2025-01-22 21:52:45', '2025-01-22 21:52:45', 3);

-- --------------------------------------------------------

--
-- Table structure for table `table_package`
--

CREATE TABLE `table_package` (
  `id` bigint(20) UNSIGNED NOT NULL,
  `name` varchar(255) NOT NULL,
  `url` varchar(255) NOT NULL,
  `status` varchar(255) NOT NULL,
  `created_at` timestamp NULL DEFAULT NULL,
  `updated_at` timestamp NULL DEFAULT NULL
) ENGINE=InnoDB DEFAULT CHARSET=utf8mb4 COLLATE=utf8mb4_unicode_ci;

--
-- Dumping data for table `table_package`
--

INSERT INTO `table_package` (`id`, `name`, `url`, `status`, `created_at`, `updated_at`) VALUES
(3, 'Top Ad', 'top-ad', '1', '2024-03-10 23:39:07', '2024-10-21 21:23:44'),
(4, 'Urgent', 'urgent', '1', '2024-03-10 23:43:19', '2024-03-10 23:43:19'),
(5, 'Jump up', 'jump-up', '1', '2024-03-10 23:44:10', '2024-09-23 22:41:36'),
(6, 'Super', 'super', '1', '2024-03-11 11:41:35', '2024-09-23 22:41:58');

-- --------------------------------------------------------

--
-- Table structure for table `table_package_typess`
--

CREATE TABLE `table_package_typess` (
  `id` bigint(20) UNSIGNED NOT NULL,
  `package_id` bigint(20) UNSIGNED NOT NULL,
  `url` varchar(255) NOT NULL,
  `name` varchar(255) NOT NULL,
  `duration` int(11) NOT NULL,
  `price` decimal(8,2) NOT NULL,
  `status` varchar(255) NOT NULL,
  `created_at` timestamp NULL DEFAULT NULL,
  `updated_at` timestamp NULL DEFAULT NULL
) ENGINE=InnoDB DEFAULT CHARSET=utf8mb4 COLLATE=utf8mb4_unicode_ci;

--
-- Dumping data for table `table_package_typess`
--

INSERT INTO `table_package_typess` (`id`, `package_id`, `url`, `name`, `duration`, `price`, `status`, `created_at`, `updated_at`) VALUES
(2, 3, '3-daysd', '3 daysd', 3, 500.00, '1', '2024-03-11 11:42:22', '2024-12-12 10:19:34'),
(3, 3, '7-days', '7 days', 7, 1400.00, '1', '2024-03-11 11:42:45', '2024-03-11 11:42:45'),
(4, 3, '15-days-', '15 days-', 15, 1800.00, '1', '2024-03-11 11:42:59', '2024-10-22 17:01:57'),
(5, 5, '7-days', '7 days', 7, 1500.00, '1', '2024-03-11 11:43:54', '2024-03-11 11:43:54'),
(6, 4, '3-days', '3 days', 3, 700.00, '1', '2024-03-11 11:45:47', '2024-03-11 11:45:47'),
(7, 4, '7-days', '7 days', 7, 800.00, '1', '2024-03-11 11:46:07', '2024-03-11 11:46:07'),
(8, 4, '15-days', '15 days', 15, 900.00, '1', '2024-03-11 11:46:21', '2024-03-11 11:46:21'),
(9, 6, '3-days', '3 days', 3, 2400.00, '1', '2024-03-11 11:46:48', '2024-03-11 11:46:48'),
(10, 6, '7-days', '7 days', 7, 3000.00, '1', '2024-03-11 11:46:59', '2024-03-11 11:46:59'),
(11, 6, '15-days', '15 days', 15, 3500.00, '1', '2024-03-11 11:47:13', '2024-03-11 11:47:13');

-- --------------------------------------------------------

--
-- Table structure for table `users`
--

CREATE TABLE `users` (
  `id` bigint(20) UNSIGNED NOT NULL,
  `first_name` varchar(255) NOT NULL,
  `name` varchar(5000) DEFAULT NULL,
  `last_name` varchar(255) NOT NULL,
  `url` varchar(255) DEFAULT NULL,
  `company` varchar(255) DEFAULT NULL,
  `postCode` varchar(255) DEFAULT NULL,
  `country` varchar(255) DEFAULT NULL,
  `website` varchar(255) DEFAULT NULL,
  `birthday` varchar(255) DEFAULT NULL,
  `profileImage` varchar(255) DEFAULT NULL,
  `email` varchar(255) DEFAULT NULL,
  `email_verified_at` timestamp NULL DEFAULT NULL,
  `password` varchar(255) NOT NULL,
  `phone_number` varchar(255) DEFAULT NULL,
  `roles` varchar(255) NOT NULL DEFAULT 'user',
  `google_id` varchar(255) DEFAULT NULL,
  `facebook_id` varchar(255) DEFAULT NULL,
  `location` varchar(255) DEFAULT NULL,
  `sub_location` varchar(255) DEFAULT NULL,
  `key` varchar(255) DEFAULT NULL,
  `status` varchar(255) DEFAULT NULL,
  `remember_token` varchar(100) DEFAULT NULL,
  `created_at` timestamp NULL DEFAULT NULL,
  `updated_at` timestamp NULL DEFAULT NULL,
  `active_status` tinyint(1) NOT NULL DEFAULT 0,
  `avatar` varchar(255) NOT NULL DEFAULT 'avatar.png',
  `dark_mode` tinyint(1) NOT NULL DEFAULT 0,
  `messenger_color` varchar(255) DEFAULT NULL,
  `electronics` int(11) NOT NULL DEFAULT 0,
  `vehicles` int(11) NOT NULL DEFAULT 0,
  `property` int(11) NOT NULL DEFAULT 0,
  `home-garden` int(11) NOT NULL DEFAULT 0,
  `animals` int(11) NOT NULL DEFAULT 0,
  `services` int(11) NOT NULL DEFAULT 0,
  `business-and-industry` int(11) NOT NULL DEFAULT 0,
  `hobby-sports-and-kids` int(11) NOT NULL DEFAULT 0,
  `fashion-and-beauty` int(11) NOT NULL DEFAULT 0,
  `essentials` int(11) NOT NULL DEFAULT 0,
  `education` int(11) NOT NULL DEFAULT 0,
  `agriculture` int(11) NOT NULL DEFAULT 0,
  `jobs` int(11) NOT NULL DEFAULT 0
) ENGINE=InnoDB DEFAULT CHARSET=utf8mb4 COLLATE=utf8mb4_unicode_ci;

--
-- Dumping data for table `users`
--

INSERT INTO `users` (`id`, `first_name`, `name`, `last_name`, `url`, `company`, `postCode`, `country`, `website`, `birthday`, `profileImage`, `email`, `email_verified_at`, `password`, `phone_number`, `roles`, `google_id`, `facebook_id`, `location`, `sub_location`, `key`, `status`, `remember_token`, `created_at`, `updated_at`, `active_status`, `avatar`, `dark_mode`, `messenger_color`, `electronics`, `vehicles`, `property`, `home-garden`, `animals`, `services`, `business-and-industry`, `hobby-sports-and-kids`, `fashion-and-beauty`, `essentials`, `education`, `agriculture`, `jobs`) VALUES
(7, 'rukshan10', 'rukshan10 thilakarathna10', 'thilakarathna10', '', NULL, NULL, 'Sri Lanka', NULL, NULL, '1711344713_.png', 'rr@gmail.com', NULL, '$2y$12$cjBi.qt3Jat0XpRptxivaOVHQQXlACgAZAD1foh9krSRCy/hHH.kq', '0762005488', 'user', NULL, NULL, '0', '0', NULL, '1', NULL, '2024-03-24 07:30:52', '2024-03-24 07:31:53', 0, 'avatar.png', 0, NULL, 0, 0, 0, 0, 0, 0, 0, 0, 0, 0, 0, 0, 0),
(9, 'rukshan40', 'rukshan40-rukshan qq', 'rukshan qq', 'rukshan40-rukshan-qq', NULL, NULL, NULL, NULL, NULL, NULL, NULL, NULL, '$2y$12$8R7rbbyCc//t847iQM82gubhL72v9xeZYwj1tDj08IB113Ob3kEoW', '0762009999', 'user', NULL, NULL, NULL, NULL, NULL, '1', NULL, '2024-04-02 09:29:09', '2024-04-02 09:29:09', 0, 'avatar.png', 0, NULL, 0, 0, 0, 0, 0, 0, 0, 0, 0, 0, 0, 0, 0),
(10, 'udika', 'udika kumari Gunawardhana', 'kumari Gunawardhana', 'udika-kumari-gunawardhana', NULL, NULL, NULL, NULL, NULL, NULL, NULL, NULL, '$2y$12$BYGiu4PoS.btmAI5A3JrTehFAZnj28jmAh6/ONs6k81rAwSMoUpa6', '0762058463', 'user', NULL, NULL, NULL, NULL, NULL, '1', NULL, '2024-04-21 20:51:54', '2024-04-21 20:51:54', 0, 'avatar.png', 0, NULL, 0, 0, 0, 0, 0, 0, 0, 0, 0, 0, 0, 0, 0),
(11, 'new', 'new user', 'user', 'new-user', NULL, NULL, NULL, NULL, NULL, NULL, 'newuser@gmail.com', NULL, '$2y$12$G6Emav3PoABxjmekPvj/8Ofw8aL0TWAofkYMDB27fr7VX7lVaw4b2', '0759124952', 'user', NULL, NULL, NULL, NULL, NULL, '1', NULL, '2024-08-19 17:31:03', '2024-08-19 21:04:26', 0, 'avatar.png', 0, NULL, 0, 0, 0, 0, 0, 0, 0, 0, 0, 0, 0, 0, 0),
(12, 'new1', 'new1 user1', 'user1', 'new1-user1', NULL, NULL, NULL, NULL, NULL, NULL, 'freelyricshub@gmail.com', NULL, '$2y$12$jqHpMzMwRhnmZIY8FpfEIeY.gYSzrqRaaJXUgP9hS0BRWH97toXRe', '0759124952', 'user', NULL, NULL, NULL, NULL, NULL, '1', NULL, '2024-08-19 17:46:41', '2025-04-17 09:59:29', 0, 'avatar.png', 0, NULL, 0, 0, 0, 0, 0, 0, 0, 0, 0, 0, 0, 0, 0),
(15, 'testing1', 'testing1 testing', 'testing', 'testing1-testing', NULL, NULL, NULL, NULL, NULL, NULL, NULL, NULL, '$2y$12$xM2YExvgPH4GwBe4B7OQlOyvDQRuyP32BnumLX2cA2yoNhsfTsp0W', '0759124959', 'user', NULL, NULL, NULL, NULL, NULL, '1', NULL, '2024-08-21 18:28:33', '2024-08-21 18:28:33', 0, 'avatar.png', 0, NULL, 0, 0, 0, 0, 0, 0, 0, 0, 0, 0, 0, 0, 0),
(16, 'laxman', 'laxman laxman', 'laxman', 'laxman-laxman', NULL, NULL, NULL, NULL, NULL, NULL, NULL, NULL, '$2y$12$2U7SVN9tKh3FAq022KaBMeQaNcKLvFOoqR4zVHFTGhnWrUUf9KmXm', '0712915150', 'user', NULL, NULL, NULL, NULL, NULL, '1', NULL, '2024-08-28 16:04:42', '2024-08-28 16:04:42', 0, 'avatar.png', 0, NULL, 0, 0, 0, 0, 0, 0, 0, 0, 0, 0, 0, 0, 0),
(25, 'Thisun Prasanna', NULL, 'Dayawansha', '', NULL, NULL, 'Sri Lanka', NULL, '1993-11-14', '1730032249_.jpg', 'tpnovatitan@gmail.com', NULL, '$2y$12$VhkB//fTAoKueH0E3awvfutfKt7u5xN9jTBh4kL2yfNnib.PpuHgu', '0719199267', 'admin', NULL, NULL, '0', '0', NULL, '1', NULL, '2024-10-24 02:43:10', '2024-12-12 04:41:07', 0, 'avatar.png', 0, NULL, 4, 0, 0, 0, 0, 0, 0, 0, 0, 0, 0, 0, 1),
(26, 'Sonali', 'Sonali Dassanayake', 'Dassanayake', '', NULL, NULL, 'Sri Lanka', NULL, '2024-10-01', '1730032158_.jpg', 'sonalidassanayake1992@gmail.com', NULL, '$2y$12$0JaILk98Pqr051LGZyAxF.r5e1J51o0WsP7RZeeg3npIGCkSFI7O2', '0766303465', 'user', NULL, NULL, '0', '0', NULL, '1', NULL, '2024-10-24 14:53:25', '2024-12-10 05:34:35', 0, 'avatar.png', 0, NULL, 4, 0, 0, 0, 0, 0, 0, 0, 0, 0, 1, 0, 0),
(27, 'Pasindu', 'Pasindu QA', 'QA', 'pasindu-qa', NULL, NULL, NULL, NULL, NULL, NULL, NULL, NULL, '$2y$12$ly/a.RnZqz2.h9OwgqWfcui0DaNlnsE28cScMqsvJ0xMHxlrgk/A2', '0759124951', 'user', NULL, NULL, NULL, NULL, NULL, '1', NULL, '2024-11-03 20:11:31', '2024-12-16 03:30:28', 0, 'avatar.png', 0, NULL, 4, 0, 3, 0, 2, 0, 0, 0, 0, 0, 0, 1, 0),
(31, 'QA', 'QA Tester', 'Tester', 'qa-tester', NULL, NULL, NULL, NULL, NULL, NULL, NULL, NULL, '$2y$12$OqcJgW2YVOkcOU/fs0FfUu6sU1jyxCTecwBmggDkRG7FJK3WYm/ZW', '0750135399', 'user', NULL, NULL, NULL, NULL, NULL, '1', NULL, '2024-11-18 00:01:42', '2024-11-18 00:01:42', 0, 'avatar.png', 0, NULL, 0, 0, 0, 0, 0, 0, 0, 0, 0, 0, 0, 0, 0),
(32, 'Pasindu', 'Pasindu QA', 'QA', 'pasindu-qa', NULL, NULL, NULL, NULL, NULL, NULL, NULL, NULL, '$2y$12$V7c.b29rGPafELXD8/X9dufX3WscVTPSFzPLs0U/ULngEABzay5yu', '0720641435', 'user', NULL, NULL, NULL, NULL, NULL, '1', NULL, '2024-11-18 00:14:48', '2024-11-18 00:14:48', 0, 'avatar.png', 0, NULL, 0, 0, 0, 0, 0, 0, 0, 0, 0, 0, 0, 0, 0),
(33, 'Rashmi', 'Rashmi Bashmi', 'Bashmi', '', NULL, NULL, 'Sri Lanka', NULL, NULL, NULL, 'pasindunishshanka28@gmail.com', NULL, '$2y$12$/a3YAYJkYUw2PoF9LoL0ye7J5KekmEQnX.gbXAOixcA.yw5rrEdz6', '0706165052', 'user', NULL, NULL, '0', '0', NULL, '1', NULL, '2024-11-21 22:33:39', '2024-11-22 01:43:33', 0, 'avatar.png', 0, NULL, 0, 0, 0, 1, 0, 1, 0, 0, 0, 0, 0, 0, 0),
(34, 'akila', 'akila sadeepa', 'sadeepa', 'akila-sadeepa', NULL, NULL, NULL, NULL, NULL, NULL, NULL, NULL, '$2y$12$nM/iznwMnhTj0Y5HSkgNDer8EOmBb4sfGtDNBCv40hsVeEzuVFGp6', '0765645303', 'user', NULL, NULL, NULL, NULL, NULL, '1', NULL, '2024-11-27 05:09:11', '2024-11-27 05:09:11', 0, 'avatar.png', 0, NULL, 0, 0, 0, 0, 0, 0, 0, 0, 0, 0, 0, 0, 0),
(35, 'manike', 'manike thennakoon', 'thennakoon', 'manike-thennakoon', NULL, NULL, NULL, NULL, NULL, NULL, NULL, NULL, '$2y$12$7I3oEnfs1dA18xA9d77CgOlch./GMBTHcI3kLvYhUyC4CqOgr/t5u', '0777521618', 'user', NULL, NULL, NULL, NULL, NULL, '1', NULL, '2024-12-10 22:58:55', '2024-12-16 10:37:48', 0, 'avatar.png', 0, NULL, 0, 4, 0, 0, 0, 0, 0, 0, 0, 0, 0, 0, 0),
(36, 'chamil', 'chamil pathirana', 'pathirana', 'chamil-pathirana', NULL, NULL, NULL, NULL, NULL, NULL, NULL, NULL, '$2y$12$w/rycXQqJU0VQbVL12Jate6AGoEU2Cl7IdZNzgrTmK1A9f/LcX0Nm', '0716460440', 'user', NULL, NULL, NULL, NULL, NULL, '1', NULL, '2024-12-16 01:37:03', '2024-12-16 03:15:31', 0, 'avatar.png', 0, NULL, 0, 0, 0, 0, 1, 0, 0, 0, 0, 0, 0, 0, 0),
(39, 'Manushi', NULL, 'Weerasinghe', NULL, NULL, NULL, NULL, NULL, NULL, 'face26.jpg', 'manuw2819@gmail.com', NULL, '$2y$12$JE0igBUkf9eOqmJjoiu4F.mwRT.TI5UEyTqcdSq3SJgVFxbw96tjC', '0716280393', 'user', NULL, NULL, '14', NULL, NULL, NULL, NULL, '2025-01-28 22:53:47', '2025-03-03 03:45:17', 0, 'avatar.png', 0, NULL, 0, 0, 0, 0, 0, 0, 0, 0, 0, 0, 0, 0, 0),
(40, 'sasun', NULL, 'sasun', NULL, NULL, NULL, NULL, NULL, NULL, 'Abans_32_tv.jpg', 'marasinghasasun01@gmail.com', NULL, '$2y$12$UJCumPGNsWijrsiserFkgu94eUL9upR9bFR9Sz2iYpiV./UO2YbzC', '0770522125', 'user', NULL, NULL, NULL, NULL, NULL, NULL, NULL, '2025-02-23 20:38:05', '2025-03-20 07:39:58', 0, 'avatar.png', 0, NULL, 0, 0, 0, 0, 0, 0, 0, 0, 0, 0, 0, 0, 0),
(41, 'Hasara', NULL, 'Maligaspe', NULL, NULL, NULL, NULL, NULL, NULL, NULL, 'hasaramaligaspe@gmail.com', NULL, '$2y$12$xyDuwk/nAKTq30X3MxnNZeIk4FpPjpQKBxi6XiUqxkHWnWE3Byz9u', '0768092696', 'user', NULL, NULL, NULL, NULL, NULL, NULL, NULL, '2025-03-19 08:59:39', '2025-03-19 08:59:39', 0, 'avatar.png', 0, NULL, 0, 0, 0, 0, 0, 0, 0, 0, 0, 0, 0, 0, 0),
(42, 'sripali', NULL, 'yapa', NULL, NULL, NULL, NULL, NULL, NULL, NULL, 'sripalisripali21@gmail.com', NULL, '$2y$12$u5T3ab29/CizakangHkH7uv73masFdHgygxLeKoXlIrsekWxUY9SO', '0714887569', 'user', NULL, NULL, NULL, NULL, NULL, NULL, NULL, '2025-03-19 10:56:13', '2025-03-19 10:56:13', 0, 'avatar.png', 0, NULL, 0, 0, 0, 0, 0, 0, 0, 0, 0, 0, 0, 0, 0),
(43, 'sripali', NULL, 'yapa', NULL, NULL, NULL, NULL, NULL, NULL, '7718888.png', 'sripalisripali21@gmailcom', NULL, '$2y$12$Eq0NWEkgXy7BZJ9JrzlCpukgTdewLbGR9Pldx0wSbhAI3fl8i0XBK', '0715889256', 'user', NULL, NULL, NULL, NULL, NULL, NULL, NULL, '2025-03-19 11:01:57', '2025-03-19 11:20:56', 0, 'avatar.png', 0, NULL, 0, 0, 0, 0, 0, 0, 0, 0, 0, 0, 0, 0, 0),
(44, 'Ashinsana', NULL, 'panchali', NULL, NULL, NULL, NULL, NULL, NULL, NULL, 'panchali@gmail.com', NULL, '$2y$12$m173w9UOgVMw8S72SWCeK.W7uug786l5KQ759jnsyQD1ZaxDz7t4W', '0740075536', 'user', NULL, NULL, NULL, NULL, NULL, NULL, NULL, '2025-03-19 11:14:45', '2025-03-19 11:14:45', 0, 'avatar.png', 0, NULL, 0, 0, 0, 0, 0, 0, 0, 0, 0, 0, 0, 0, 0),
(45, 'Manushi', NULL, 'Weerasinghe', NULL, NULL, NULL, NULL, NULL, NULL, NULL, 'ruwindiw2819@gmail.com', NULL, '$2y$12$b326vjocMJGNXSjQe04.vegphnce62k0WvcWUEfd9R5gidxZ6JlYe', '0716280395', 'user', NULL, NULL, NULL, NULL, NULL, NULL, NULL, '2025-03-19 11:18:48', '2025-03-19 11:18:48', 0, 'avatar.png', 0, NULL, 0, 0, 0, 0, 0, 0, 0, 0, 0, 0, 0, 0, 0),
(46, 'deruwan', NULL, 'chalithanga', NULL, NULL, NULL, NULL, NULL, NULL, NULL, 'deruwan1231@gmailcom', NULL, '$2y$12$0/ChiXLIqNNtGpzMdH849.tNjEN45F/T5vbr90dvHwNJWB9cTzOj2', '0714558268', 'user', NULL, NULL, NULL, NULL, NULL, NULL, NULL, '2025-03-19 11:24:04', '2025-03-19 11:24:04', 0, 'avatar.png', 0, NULL, 0, 0, 0, 0, 0, 0, 0, 0, 0, 0, 0, 0, 0),
(47, 'hasara', NULL, 'nipun', NULL, NULL, NULL, NULL, NULL, NULL, NULL, 'bhagyasithumini8@gmail.com', NULL, '$2y$12$SwK/r2EGBeeG8Ngz6j5CtuibhioCgdNCtgW5T.oNgzdsXIqK9ynPy', '0768491633', 'user', NULL, NULL, NULL, NULL, NULL, NULL, NULL, '2025-03-19 11:27:34', '2025-03-19 11:27:34', 0, 'avatar.png', 0, NULL, 0, 0, 0, 0, 0, 0, 0, 0, 0, 0, 0, 0, 0),
(48, 'sanjana', NULL, 'umesh', NULL, NULL, NULL, NULL, NULL, NULL, '7718888.png', 'sanjanaumesh21@gmail.com', NULL, '$2y$12$J/po/CO2WKlcat9iUe93S.iyon8O2FNBoUf7rIL9rbU87RE07OPYi', '0719707610', 'user', NULL, NULL, NULL, NULL, NULL, NULL, NULL, '2025-03-20 08:48:40', '2025-03-20 09:25:59', 0, 'avatar.png', 0, NULL, 0, 0, 0, 0, 0, 0, 0, 0, 0, 0, 0, 0, 0),
(50, 'rashmi', NULL, 'perera', 'rashmi-perera', NULL, NULL, NULL, NULL, NULL, NULL, NULL, NULL, '$2y$12$9VqOV5W8Sxq6yFD4K7kCheNLAUBw/62JRPOEDp01Ob01XHUZ9.BEq', '0719199268', 'user', NULL, NULL, NULL, NULL, NULL, '1', NULL, '2025-03-20 09:43:43', '2025-03-20 09:43:43', 0, 'avatar.png', 0, NULL, 0, 0, 0, 0, 0, 0, 0, 0, 0, 0, 0, 0, 0);

--
-- Indexes for dumped tables
--

--
-- Indexes for table `ads`
--
ALTER TABLE `ads`
  ADD PRIMARY KEY (`adsId`);

--
-- Indexes for table `ad_details`
--
ALTER TABLE `ad_details`
  ADD PRIMARY KEY (`id`),
  ADD KEY `ad_details_adsid_foreign` (`adsId`);

--
-- Indexes for table `banners`
--
ALTER TABLE `banners`
  ADD PRIMARY KEY (`id`);

--
-- Indexes for table `brands_models`
--
ALTER TABLE `brands_models`
  ADD PRIMARY KEY (`id`);

--
-- Indexes for table `cache`
--
ALTER TABLE `cache`
  ADD PRIMARY KEY (`key`);

--
-- Indexes for table `cache_locks`
--
ALTER TABLE `cache_locks`
  ADD PRIMARY KEY (`key`);

--
-- Indexes for table `categories`
--
ALTER TABLE `categories`
  ADD PRIMARY KEY (`id`);

--
-- Indexes for table `cities`
--
ALTER TABLE `cities`
  ADD PRIMARY KEY (`id`);

--
-- Indexes for table `districts`
--
ALTER TABLE `districts`
  ADD PRIMARY KEY (`id`);

--
-- Indexes for table `failed_jobs`
--
ALTER TABLE `failed_jobs`
  ADD PRIMARY KEY (`id`),
  ADD UNIQUE KEY `failed_jobs_uuid_unique` (`uuid`);

--
-- Indexes for table `form_fields`
--
ALTER TABLE `form_fields`
  ADD PRIMARY KEY (`id`);

--
-- Indexes for table `jobs`
--
ALTER TABLE `jobs`
  ADD PRIMARY KEY (`id`),
  ADD KEY `jobs_queue_index` (`queue`);

--
-- Indexes for table `job_batches`
--
ALTER TABLE `job_batches`
  ADD PRIMARY KEY (`id`);

--
-- Indexes for table `migrations`
--
ALTER TABLE `migrations`
  ADD PRIMARY KEY (`id`);

--
-- Indexes for table `provinces`
--
ALTER TABLE `provinces`
  ADD PRIMARY KEY (`id`);

--
-- Indexes for table `sessions`
--
ALTER TABLE `sessions`
  ADD PRIMARY KEY (`id`),
  ADD KEY `sessions_user_id_index` (`user_id`),
  ADD KEY `sessions_last_activity_index` (`last_activity`);

--
-- Indexes for table `table_ad_types`
--
ALTER TABLE `table_ad_types`
  ADD PRIMARY KEY (`id`);

--
-- Indexes for table `table_package`
--
ALTER TABLE `table_package`
  ADD PRIMARY KEY (`id`);

--
-- Indexes for table `table_package_typess`
--
ALTER TABLE `table_package_typess`
  ADD PRIMARY KEY (`id`),
  ADD KEY `table_package_typess_package_id_foreign` (`package_id`);

--
-- Indexes for table `users`
--
ALTER TABLE `users`
  ADD PRIMARY KEY (`id`);

--
-- AUTO_INCREMENT for dumped tables
--

--
-- AUTO_INCREMENT for table `ad_details`
--
ALTER TABLE `ad_details`
  MODIFY `id` bigint(20) UNSIGNED NOT NULL AUTO_INCREMENT, AUTO_INCREMENT=22;

--
-- AUTO_INCREMENT for table `banners`
--
ALTER TABLE `banners`
  MODIFY `id` bigint(20) UNSIGNED NOT NULL AUTO_INCREMENT, AUTO_INCREMENT=21;

--
-- AUTO_INCREMENT for table `brands_models`
--
ALTER TABLE `brands_models`
  MODIFY `id` bigint(20) UNSIGNED NOT NULL AUTO_INCREMENT, AUTO_INCREMENT=1540;

--
-- AUTO_INCREMENT for table `categories`
--
ALTER TABLE `categories`
  MODIFY `id` bigint(20) UNSIGNED NOT NULL AUTO_INCREMENT, AUTO_INCREMENT=208;

--
-- AUTO_INCREMENT for table `cities`
--
ALTER TABLE `cities`
  MODIFY `id` bigint(20) UNSIGNED NOT NULL AUTO_INCREMENT, AUTO_INCREMENT=1808;

--
-- AUTO_INCREMENT for table `districts`
--
ALTER TABLE `districts`
  MODIFY `id` bigint(20) UNSIGNED NOT NULL AUTO_INCREMENT, AUTO_INCREMENT=26;

--
-- AUTO_INCREMENT for table `failed_jobs`
--
ALTER TABLE `failed_jobs`
  MODIFY `id` bigint(20) UNSIGNED NOT NULL AUTO_INCREMENT;

--
-- AUTO_INCREMENT for table `form_fields`
--
ALTER TABLE `form_fields`
  MODIFY `id` bigint(20) UNSIGNED NOT NULL AUTO_INCREMENT, AUTO_INCREMENT=20;

--
-- AUTO_INCREMENT for table `jobs`
--
ALTER TABLE `jobs`
  MODIFY `id` bigint(20) UNSIGNED NOT NULL AUTO_INCREMENT;

--
-- AUTO_INCREMENT for table `migrations`
--
ALTER TABLE `migrations`
  MODIFY `id` int(10) UNSIGNED NOT NULL AUTO_INCREMENT, AUTO_INCREMENT=42;

--
-- AUTO_INCREMENT for table `provinces`
--
ALTER TABLE `provinces`
  MODIFY `id` bigint(20) UNSIGNED NOT NULL AUTO_INCREMENT;

--
-- AUTO_INCREMENT for table `table_ad_types`
--
ALTER TABLE `table_ad_types`
  MODIFY `id` bigint(20) UNSIGNED NOT NULL AUTO_INCREMENT, AUTO_INCREMENT=43;

--
-- AUTO_INCREMENT for table `table_package`
--
ALTER TABLE `table_package`
  MODIFY `id` bigint(20) UNSIGNED NOT NULL AUTO_INCREMENT, AUTO_INCREMENT=7;

--
-- AUTO_INCREMENT for table `table_package_typess`
--
ALTER TABLE `table_package_typess`
  MODIFY `id` bigint(20) UNSIGNED NOT NULL AUTO_INCREMENT, AUTO_INCREMENT=12;

--
-- AUTO_INCREMENT for table `users`
--
ALTER TABLE `users`
  MODIFY `id` bigint(20) UNSIGNED NOT NULL AUTO_INCREMENT, AUTO_INCREMENT=51;

--
-- Constraints for dumped tables
--

--
-- Constraints for table `ad_details`
--
ALTER TABLE `ad_details`
  ADD CONSTRAINT `ad_details_adsid_foreign` FOREIGN KEY (`adsId`) REFERENCES `ads` (`adsId`) ON DELETE CASCADE;

--
-- Constraints for table `table_package_typess`
--
ALTER TABLE `table_package_typess`
  ADD CONSTRAINT `table_package_typess_package_id_foreign` FOREIGN KEY (`package_id`) REFERENCES `table_package` (`id`) ON DELETE CASCADE;
COMMIT;

/*!40101 SET CHARACTER_SET_CLIENT=@OLD_CHARACTER_SET_CLIENT */;
/*!40101 SET CHARACTER_SET_RESULTS=@OLD_CHARACTER_SET_RESULTS */;
/*!40101 SET COLLATION_CONNECTION=@OLD_COLLATION_CONNECTION */;
